version 3
run CQN-A-0-20251229-13:31:50-4028476
attr configname CQN-A
attr datetime 20251229-13:31:50
attr datetimef 20251229-133150
attr experiment CQN-A
attr inifile omnetpp.ini
attr iterationvars ""
attr iterationvarsd ""
attr iterationvarsf ""
attr measurement ""
attr network ClosedQueueingNetA
attr processid 4028476
attr repetition 0
attr replication #0
attr resultdir results
attr runnumber 0
attr seedset 0
config description "ClosedQueueingNetA (flattened)"
config network ClosedQueueingNetA
config *.numTandems 3
config *.numQueuesPerTandem 5
config *.queue[*].numInitialJobs 2
config *.queue[*].serviceTime exponential(10s)
config *.sDelay 1s
config *.qDelay 1s
config num-rngs 3
config sim-time-limit 10000s
config *.tandemQueue[0]**.priority 0
config *.tandemQueue[1]**.priority 1
config *.tandemQueue[2]**.priority 2
config *.tandemQueue[0]**.rng-0 0
config *.tandemQueue[1]**.rng-0 1
config *.tandemQueue[2]**.rng-0 2
config seed-0-mt 3287
config seed-1-mt 4578
config seed-2-mt 9123

vector 0 ClosedQueueingNetA.queue[0] queueLength ETV
vector 1 ClosedQueueingNetA.queue[1] queueLength ETV
vector 2 ClosedQueueingNetA.queue[2] queueLength ETV
vector 3 ClosedQueueingNetA.queue[3] queueLength ETV
vector 4 ClosedQueueingNetA.queue[4] queueLength ETV
vector 5 ClosedQueueingNetA.queue[5] queueLength ETV
vector 6 ClosedQueueingNetA.queue[6] queueLength ETV
vector 7 ClosedQueueingNetA.queue[7] queueLength ETV
vector 8 ClosedQueueingNetA.queue[8] queueLength ETV
vector 9 ClosedQueueingNetA.queue[9] queueLength ETV
vector 10 ClosedQueueingNetA.queue[10] queueLength ETV
vector 11 ClosedQueueingNetA.queue[11] queueLength ETV
vector 12 ClosedQueueingNetA.queue[12] queueLength ETV
vector 13 ClosedQueueingNetA.queue[13] queueLength ETV
vector 14 ClosedQueueingNetA.queue[14] queueLength ETV
0	0	0	1
0	0	0	2
0	0	0	1
0	4	1.369734266668	0
0	18	5.239009347676	1
0	43	12.080795039577	2
0	63	22.888890373666	3
0	72	25.910655656759	2
0	99	34.712431864647	1
0	101	35.153262379342	2
0	102	35.47999331193	3
0	105	35.834058841926	4
0	121	43.460537590902	5
0	145	59.224778694645	4
0	179	84.46040535462	5
0	211	99.336516675336	4
0	227	107.404548361276	3
0	228	107.665492080062	4
0	230	108.251033928281	3
0	263	126.742326558091	4
0	273	130.074613755727	5
0	300	146.460741707633	4
0	305	147.659823818168	5
0	329	160.124418359025	4
0	349	167.343828039465	5
0	359	175.925622385845	4
0	371	178.417830928908	3
0	388	181.674695520219	4
0	408	197.367511671415	3
0	422	206.387596546105	4
0	426	207.595253556158	3
0	431	210.449833074916	2
0	438	212.758589329279	1
0	446	222.212846747346	0
0	450	223.219563026852	1
0	467	231.759158599934	0
0	498	239.913700718813	1
0	514	249.562840391552	0
0	643	293.356523247647	1
0	645	293.939286413437	2
0	659	297.582733144836	1
0	691	309.549115040695	0
0	700	313.410533258488	1
0	713	320.010624454642	0
0	720	322.755805605125	1
0	734	326.91157482472	2
0	796	351.373516133696	1
0	805	357.288793058278	0
0	893	384.681589471088	1
0	921	398.057820208071	2
0	926	401.835624173115	1
0	933	404.969087538524	2
0	957	415.797648648647	3
0	962	418.003146333382	4
0	970	419.956226483464	5
0	971	421.299156653327	4
0	983	426.519248139505	5
0	1004	434.537663232203	4
0	1042	450.095625703557	5
0	1044	450.360754912751	6
0	1046	450.641138308505	7
0	1052	454.314645616778	8
0	1061	458.138259866861	7
0	1097	472.754348294006	8
0	1102	473.682128106033	9
0	1117	485.748129843589	8
0	1122	489.290941037271	7
0	1137	497.236891691053	6
0	1158	505.78457114943	7
0	1186	514.222996192236	8
0	1189	514.738146577712	7
0	1194	516.05977634807	8
0	1195	519.438126264543	7
0	1196	519.617862665831	6
0	1213	528.986741838242	7
0	1214	530.704392489146	6
0	1224	537.284444714044	5
0	1264	561.709742585069	4
0	1267	562.215663401863	5
0	1273	564.063427614294	6
0	1285	567.470408181852	7
0	1329	604.891702579585	6
0	1350	620.078646426575	5
0	1363	627.146687580804	6
0	1375	634.46058703735	7
0	1420	657.571708125677	6
0	1454	671.770284907575	5
0	1461	673.585875371847	4
0	1468	675.568408715431	3
0	1499	688.85116918117	2
0	1512	695.510693020131	1
0	1517	696.471769268795	0
0	1616	735.904621325692	1
0	1622	741.290962002774	2
0	1647	748.955227714504	1
0	1648	749.420771717511	0
0	1670	755.069599655688	1
0	1672	756.066826688172	2
0	1674	757.411295731905	1
0	1707	780.334335210809	2
0	1731	794.795881214763	3
0	1734	797.183077359747	2
0	1776	815.602690606913	1
0	1797	820.030289909303	2
0	1798	820.178987268835	3
0	1802	821.565114453336	4
0	1821	830.216008385161	3
0	1828	832.797194307733	2
0	1829	832.856495860426	1
0	1869	852.03384936418	2
0	1880	862.495693827953	1
0	1891	871.72814938519	0
0	1966	908.290723557788	1
0	1986	913.697648796692	0
0	2314	1057.883137994081	1
0	2327	1062.800116706298	0
0	2340	1066.47906231944	1
0	2355	1071.843992885624	2
0	2358	1072.868462552418	3
0	2375	1079.079219587839	4
0	2413	1088.026123236261	3
0	2418	1091.766033335667	2
0	2441	1096.651254586149	3
0	2459	1100.078108431588	2
0	2463	1101.063453512564	3
0	2478	1108.033121815585	2
0	2481	1110.304881782496	1
0	2518	1127.219133391085	2
0	2561	1141.180499031261	3
0	2571	1144.276054020243	2
0	2573	1145.942823393869	1
0	2586	1149.207025817471	0
0	2591	1150.911119275839	1
0	2592	1150.962553475481	2
0	2596	1153.721433641764	1
0	2608	1161.840114944643	0
0	2713	1206.001902747887	1
0	2714	1206.290888770432	2
0	2717	1212.516111852288	1
0	2718	1212.665353503074	0
0	2914	1316.335813725893	1
0	2923	1322.769793462813	0
0	3148	1436.476242632901	1
0	3153	1438.123707562332	0
0	3162	1440.490860863204	1
0	3178	1447.726923477356	2
0	3186	1452.288121618633	1
0	3197	1457.930297522297	0
0	3199	1458.219922407631	1
0	3209	1463.017420882835	0
0	3242	1473.728688951898	1
0	3248	1474.493749926755	0
0	3343	1531.948783384084	1
0	3351	1536.130882089723	2
0	3373	1542.612022958466	3
0	3375	1543.28070056428	2
0	3381	1547.945697194245	1
0	3431	1572.60067462626	2
0	3432	1572.802206953874	3
0	3478	1598.646774139256	4
0	3492	1604.151485217674	3
0	3499	1607.39430101013	4
0	3506	1609.750958201388	3
0	3507	1609.985103513076	2
0	3510	1610.731880136	3
0	3522	1616.252284056539	2
0	3541	1623.13405570049	1
0	3546	1626.169350417482	0
0	3556	1627.996616158159	1
0	3578	1636.685113863655	2
0	3579	1637.402144158424	3
0	3617	1652.825381375962	2
0	3664	1668.480895098646	3
0	3674	1672.437224384675	4
0	3696	1684.047908269714	5
0	3697	1684.97280929519	6
0	3713	1691.119994181316	5
0	3724	1693.741297708082	4
0	3744	1701.518490472941	5
0	3757	1705.705262154097	4
0	3774	1709.364881005138	3
0	3797	1713.104124740446	4
0	3799	1713.668332104573	3
0	3828	1729.540886611195	2
0	3829	1729.831232237255	1
0	3836	1733.333555127675	0
0	3870	1747.601137069607	1
0	3907	1765.357519764057	2
0	3911	1767.690751062867	1
0	3927	1771.846016017434	2
0	3934	1775.17259478108	3
0	3935	1775.266543285217	4
0	3955	1780.250378688719	3
0	3974	1787.545741805491	2
0	4011	1796.017178320176	1
0	4034	1801.169492203859	2
0	4062	1811.976669601623	1
0	4109	1840.326198234857	0
0	4131	1844.479170155664	1
0	4134	1844.75866784029	0
0	4184	1861.360526232854	1
0	4204	1869.762190207905	0
0	4223	1875.981986221343	1
0	4254	1893.256682649993	2
0	4272	1902.614726162234	1
0	4285	1909.031897059149	0
0	4298	1915.067446473508	1
0	4303	1918.194242395223	0
0	4310	1919.875881849474	1
0	4313	1920.814166384298	2
0	4325	1927.404131276727	1
0	4326	1928.162810307746	2
0	4388	1954.572314372324	3
0	4390	1956.390251388252	2
0	4394	1958.1198115451	1
0	4421	1966.154495621352	2
0	4427	1969.016752943246	3
0	4436	1973.18596227525	4
0	4456	1987.599211328623	3
0	4462	1992.290744771325	2
0	4504	2013.323126229461	1
0	4532	2032.356440089201	0
0	4648	2080.990291565302	1
0	4655	2082.891652046169	0
0	4670	2089.302612125101	1
0	4686	2097.019060133965	0
0	4765	2134.624806712094	1
0	4781	2138.817320694641	0
0	4796	2145.802586427924	1
0	4804	2152.847054398903	0
0	4884	2197.526602808072	1
0	4889	2199.70745019958	0
0	4968	2240.059486035524	1
0	4989	2251.222585264169	2
0	4999	2256.115209033925	3
0	5013	2262.585563722182	2
0	5033	2272.617477755194	1
0	5057	2281.422020376092	0
0	5064	2284.629019723972	1
0	5069	2288.36166827927	0
0	5125	2309.967514040519	1
0	5177	2328.930804617655	0
0	5267	2379.72049347951	1
0	5272	2382.130899834806	0
0	5279	2383.545816717231	1
0	5292	2390.462729607193	2
0	5338	2410.771538698267	1
0	5340	2411.130166697613	2
0	5346	2415.527909494266	1
0	5348	2417.244456843554	0
0	5379	2426.545044230682	1
0	5383	2427.398278536681	0
0	5449	2450.499040669644	1
0	5470	2458.901485733077	0
0	5570	2496.482208289157	1
0	5572	2497.099145472371	2
0	5629	2529.247721198986	3
0	5680	2555.309918219071	4
0	5690	2567.667555983916	3
0	5697	2568.754418380623	4
0	5717	2580.552208532421	3
0	5731	2587.918571032911	2
0	5747	2595.324221829036	1
0	5762	2603.756605291962	0
0	5808	2619.500646668898	1
0	5834	2631.712702954701	0
0	5846	2636.027621507039	1
0	5848	2638.012224381397	0
0	5958	2682.074212222584	1
0	5985	2690.633254725655	2
0	5988	2694.177325916704	1
0	5989	2694.584016803316	0
0	6015	2703.930626741949	1
0	6016	2704.17886244741	0
0	6225	2820.401929180227	1
0	6226	2820.562203115444	0
0	6229	2821.596327340312	1
0	6230	2822.382551433994	0
0	6425	2914.62056379285	1
0	6433	2918.471139625611	2
0	6440	2920.437190605601	1
0	6445	2921.489386370381	2
0	6447	2929.566412936573	1
0	6455	2932.001269872512	2
0	6475	2938.847501952873	1
0	6481	2942.266407514223	0
0	6501	2948.651391402316	1
0	6560	2969.701882016598	2
0	6573	2974.282209047988	3
0	6588	2980.851758772697	4
0	6594	2984.53698244844	3
0	6603	2985.949472478376	4
0	6609	2986.467787386679	3
0	6610	2987.15732975495	4
0	6625	2992.913208824152	5
0	6632	3001.068273348108	4
0	6636	3002.106477151442	3
0	6646	3005.067870554169	4
0	6694	3023.537607156525	3
0	6704	3027.609188829062	4
0	6731	3038.563083817675	3
0	6744	3045.415662977465	2
0	6766	3062.167928105369	3
0	6777	3067.805115064476	4
0	6802	3079.683053674387	3
0	6813	3084.685320038051	4
0	6830	3093.414060129203	3
0	6840	3100.395670568348	4
0	6842	3101.915432327133	5
0	6843	3103.059586986012	4
0	6857	3113.756205912721	3
0	6869	3118.840379222037	4
0	6873	3120.039867639312	3
0	6875	3120.794945188468	2
0	6881	3122.155461385551	3
0	6891	3127.60270966883	4
0	6900	3133.524687477965	3
0	6913	3137.330351620739	4
0	6915	3138.467326280848	5
0	6917	3139.627663224272	4
0	6938	3150.165182275883	3
0	6960	3162.768608992905	2
0	6968	3165.620479835099	1
0	6994	3174.418357496444	2
0	7011	3182.1604531469	1
0	7023	3187.428652978077	0
0	7031	3189.112816439937	1
0	7032	3191.661481826143	0
0	7052	3199.727449872779	1
0	7056	3203.092309972151	0
0	7065	3210.528101253635	1
0	7071	3212.910196478323	0
0	7146	3254.509082457331	1
0	7166	3261.166968648351	0
0	7235	3300.119222182844	1
0	7264	3320.932778942135	0
0	7321	3339.086332976519	1
0	7323	3339.690643997599	0
0	7330	3341.044719744188	1
0	7346	3350.34176165981	0
0	7496	3433.197276737884	1
0	7504	3435.222364810608	0
0	7532	3445.813965490746	1
0	7560	3457.566228535915	0
0	7565	3458.94674175182	1
0	7586	3465.378695435779	2
0	7591	3467.152178132251	3
0	7604	3470.371252228234	4
0	7607	3471.559049742485	3
0	7622	3473.967136447384	4
0	7660	3483.583273168825	3
0	7661	3483.592293465195	2
0	7673	3486.933024830348	3
0	7742	3519.313375539014	2
0	7778	3531.942932804403	1
0	7793	3535.042856411224	2
0	7806	3537.55216755947	3
0	7830	3545.243046526129	2
0	7837	3549.172823302667	1
0	7851	3555.41700872455	0
0	7873	3565.33435306474	1
0	7883	3570.311567444693	2
0	7904	3578.065791942025	1
0	7922	3587.165838170389	0
0	7924	3588.074631807918	1
0	7943	3596.441414953098	2
0	7965	3604.851380023256	3
0	7968	3608.034729559839	2
0	7972	3609.979434385236	1
0	7985	3617.58448044736	2
0	8036	3644.309350396998	1
0	8066	3655.222722865327	2
0	8091	3668.865984139323	3
0	8115	3686.641955789023	2
0	8122	3693.829560963405	3
0	8128	3696.385107829699	4
0	8155	3708.026820363785	3
0	8181	3714.018106955625	4
0	8199	3720.696553810218	3
0	8204	3721.978071944567	4
0	8235	3734.416091886753	3
0	8247	3741.905170736622	4
0	8269	3753.549669770691	5
0	8288	3764.72304045522	6
0	8295	3768.384873778313	7
0	8317	3778.674785327139	6
0	8321	3780.219250215903	7
0	8327	3783.011173970698	6
0	8334	3786.499810586103	5
0	8335	3786.646214177748	4
0	8345	3787.84780474806	3
0	8376	3799.186032790896	2
0	8382	3800.556279662228	3
0	8407	3815.495729747884	2
0	8415	3817.631475258689	1
0	8420	3819.457882573275	0
0	8542	3868.45456151371	1
0	8546	3870.284769178719	2
0	8562	3879.257598109453	1
0	8568	3881.829878339595	0
0	8632	3902.6644224237	1
0	8642	3904.35552840455	0
0	8875	4022.342327961027	1
0	8889	4028.303320848685	2
0	8896	4039.580252107741	1
0	8903	4042.358875669738	0
0	8962	4067.707987275247	1
0	8979	4072.381900136023	2
0	8985	4075.36696985623	1
0	8999	4078.890381195773	2
0	9001	4080.298971210042	1
0	9005	4081.514644478577	0
0	9078	4110.332598272153	1
0	9095	4117.902547225723	2
0	9104	4123.373019530874	1
0	9110	4127.902959072556	2
0	9119	4130.208725844239	3
0	9123	4131.280924844519	2
0	9132	4133.870713867304	1
0	9149	4141.887019673183	0
0	9230	4176.770953615755	1
0	9235	4178.301441895799	0
0	9386	4246.805528756077	1
0	9387	4249.275933089813	0
0	9541	4314.534415192109	1
0	9549	4317.034622046277	2
0	9552	4318.269866490457	1
0	9559	4321.260769575251	2
0	9560	4323.078523627006	1
0	9593	4342.198892687368	0
0	9709	4400.197759311228	1
0	9716	4401.495940926435	0
0	9872	4478.831539755992	1
0	9878	4483.729381019541	0
0	9922	4499.621762415167	1
0	9926	4502.315173332386	0
0	9939	4509.188431740175	1
0	9961	4516.746055538081	2
0	9993	4524.127373579521	3
0	10003	4531.031252543655	2
0	10006	4532.929114245792	3
0	10007	4533.054120611453	2
0	10017	4536.151623618061	3
0	10019	4536.792606439126	4
0	10024	4538.514150064256	3
0	10028	4539.436470250882	2
0	10033	4540.661851677374	3
0	10036	4542.424426745816	2
0	10051	4550.299345686406	3
0	10064	4558.486579031242	2
0	10073	4560.726787611856	3
0	10077	4562.256238059234	4
0	10083	4565.409159771115	5
0	10085	4565.558183517459	4
0	10086	4566.478007811727	5
0	10133	4592.682757461557	4
0	10135	4593.1722897128	5
0	10140	4594.131110345547	6
0	10151	4597.975311199418	7
0	10152	4598.434634818388	6
0	10163	4601.84104170009	7
0	10171	4607.330322944684	6
0	10190	4615.763509047648	5
0	10192	4615.887277479644	6
0	10194	4616.699885848446	7
0	10199	4621.488557475577	8
0	10211	4628.984773452778	7
0	10221	4633.325426512308	6
0	10225	4634.68560500448	5
0	10233	4640.00447163311	4
0	10252	4654.034704855486	5
0	10275	4663.075003546006	6
0	10279	4665.050191439464	5
0	10293	4668.120577057416	6
0	10294	4668.159996216824	5
0	10314	4676.187154241849	6
0	10317	4676.936820729461	5
0	10330	4680.600067046358	4
0	10344	4685.154793911952	5
0	10352	4687.149828096544	4
0	10354	4687.706216080383	3
0	10382	4697.556200971912	2
0	10390	4700.888762415681	1
0	10402	4704.530907260199	0
0	10422	4712.79488664921	1
0	10428	4715.375618832969	0
0	10530	4759.603372366843	1
0	10534	4760.324820841508	2
0	10544	4764.416371052026	1
0	10554	4767.699956468349	0
0	10726	4847.08750282105	1
0	10744	4860.72556831685	2
0	10762	4876.805852643176	1
0	10786	4892.285545209363	0
0	10930	4959.646664379656	1
0	10932	4959.815528815726	2
0	10935	4961.408437977409	1
0	10941	4966.514490291511	2
0	10952	4975.916724620219	3
0	10954	4977.455918324917	2
0	10974	4981.801861791959	1
0	10975	4981.852722178291	0
0	10993	4987.136409090255	1
0	11012	4996.047524025712	2
0	11038	5005.702118296951	1
0	11040	5006.260712861558	2
0	11057	5013.276292531004	1
0	11077	5020.985936036304	2
0	11080	5023.044532423049	1
0	11106	5033.721692840084	0
0	11131	5046.638809933418	1
0	11134	5049.622265043317	2
0	11156	5054.339157103857	3
0	11167	5058.461691712833	4
0	11168	5059.803794742034	3
0	11169	5060.1385852186	2
0	11181	5063.836876364732	3
0	11196	5068.753920091515	4
0	11226	5083.346773955437	5
0	11232	5088.085533014041	4
0	11235	5089.830739159352	5
0	11248	5099.604040885618	4
0	11260	5102.077753512246	3
0	11275	5107.662141216255	4
0	11307	5132.657503288784	3
0	11331	5146.652425354182	4
0	11332	5146.725581666655	3
0	11346	5151.671969984715	2
0	11350	5153.125153636762	3
0	11371	5164.770678402625	2
0	11404	5182.397518708056	1
0	11411	5184.420329214651	2
0	11418	5186.958891764473	1
0	11420	5187.478822435924	2
0	11437	5202.839042433883	1
0	11441	5205.722172564698	0
0	11585	5326.718529971981	1
0	11591	5329.456836909082	0
0	11725	5377.686574566659	1
0	11765	5393.022225216616	2
0	11781	5401.746733364838	3
0	11787	5405.858225349461	2
0	11804	5413.227253612091	3
0	11812	5415.407592671949	4
0	11861	5438.370773621113	5
0	11869	5440.287853818057	4
0	11881	5442.481229816146	5
0	11898	5451.62464851003	4
0	11911	5459.023047812532	3
0	11924	5464.132226038402	2
0	11930	5467.185952603806	3
0	11952	5478.317749502354	2
0	11980	5489.719619293529	3
0	11983	5493.132402934149	4
0	11985	5493.641601809352	3
0	12008	5499.882480822168	4
0	12009	5500.069164209973	5
0	12024	5505.209346152743	6
0	12028	5506.940133706271	5
0	12032	5509.394948589854	4
0	12044	5518.331314693945	3
0	12068	5531.570345248185	4
0	12074	5533.452304818311	3
0	12081	5537.066684666706	2
0	12090	5538.309320125905	1
0	12092	5539.183608205091	2
0	12105	5544.303942074458	3
0	12123	5548.445002430443	2
0	12124	5548.510750674484	3
0	12169	5560.903153675316	4
0	12178	5565.512259705605	5
0	12199	5576.401550679394	6
0	12205	5579.298719847152	7
0	12210	5582.710455300505	6
0	12221	5590.383523762284	5
0	12223	5590.890518460444	4
0	12232	5595.201452607099	5
0	12235	5597.088577374487	4
0	12274	5617.380564781874	3
0	12297	5628.861032540325	4
0	12307	5631.015519697097	5
0	12311	5632.095543525882	6
0	12323	5638.951485244236	7
0	12326	5639.717911914453	8
0	12330	5642.230474320544	7
0	12372	5657.755752304434	6
0	12375	5659.007213329019	7
0	12419	5685.857179067167	6
0	12465	5709.537271561246	5
0	12483	5719.24610468947	4
0	12491	5722.762023930115	5
0	12502	5728.790847078589	4
0	12520	5734.569128723516	5
0	12544	5746.240333210189	4
0	12545	5746.249016055252	3
0	12562	5756.325238301422	2
0	12563	5757.102850862846	1
0	12573	5759.991628553507	2
0	12581	5763.673810477075	3
0	12588	5767.999990338475	4
0	12613	5779.155578741527	3
0	12680	5799.401519734894	4
0	12681	5802.62662953032	3
0	12685	5805.025527175786	4
0	12687	5805.555951269707	3
0	12691	5809.004514921097	2
0	12715	5819.723127223711	1
0	12722	5822.692571144004	0
0	12725	5824.319928235778	1
0	12729	5828.869862895371	0
0	12734	5830.657639979039	1
0	12743	5837.975332776976	0
0	12810	5864.772774945221	1
0	12835	5874.841485704552	0
0	12840	5876.049326601404	1
0	12851	5883.390759674825	0
0	13016	5961.146316085857	1
0	13032	5969.39221363304	0
0	13080	5999.317889834898	1
0	13090	6002.986460026884	0
0	13332	6105.040923348857	1
0	13337	6107.175168325185	0
0	13639	6229.035491820423	1
0	13642	6229.667582087404	2
0	13643	6229.764418793154	1
0	13644	6230.0755888613	2
0	13658	6233.403238992837	1
0	13662	6234.236165833526	0
0	13718	6259.770707106584	1
0	13741	6269.902018086437	0
0	13754	6277.798907691323	1
0	13761	6279.16389739017	2
0	13773	6283.187982807556	3
0	13781	6285.980514159348	2
0	13812	6301.443558879829	1
0	13823	6304.586984926718	0
0	13830	6307.742662001029	1
0	13843	6312.569192819085	0
0	13888	6324.027315838487	1
0	13909	6335.350019446879	2
0	13918	6337.702857364279	3
0	13927	6339.084423314915	4
0	13945	6346.526662574407	5
0	13947	6347.258208066412	4
0	13948	6347.335130026738	5
0	13958	6353.818440465167	4
0	14002	6371.800075074615	3
0	14021	6379.860124012529	2
0	14052	6396.150422740481	3
0	14079	6408.630931490758	4
0	14088	6410.555549010414	3
0	14097	6412.384236992596	4
0	14105	6417.15002926833	3
0	14106	6417.266097696596	2
0	14118	6419.6873437072	3
0	14152	6433.290814607183	2
0	14159	6436.231340078726	3
0	14171	6441.140123005856	4
0	14179	6449.144536867951	3
0	14183	6450.712972549561	2
0	14198	6455.436514410076	1
0	14208	6460.282403969794	2
0	14218	6464.107432715288	3
0	14220	6464.872156804603	2
0	14241	6472.332126928237	1
0	14253	6479.573609342205	2
0	14276	6490.362268045952	1
0	14283	6496.487342149258	0
0	14304	6507.680246605878	1
0	14308	6509.345135991596	2
0	14322	6514.317220321717	1
0	14333	6519.680134939388	0
0	14363	6534.155880002478	1
0	14389	6542.487717777885	0
0	14415	6556.270192392926	1
0	14442	6572.286549922026	0
0	14573	6639.291180329298	1
0	14582	6641.551486740226	2
0	14587	6642.844720484038	3
0	14595	6647.397402122929	2
0	14600	6650.635255421655	1
0	14607	6652.467889931124	2
0	14622	6659.027121974783	3
0	14626	6665.709694689459	2
0	14630	6666.830064765632	3
0	14637	6674.1028406562	2
0	14662	6688.52858350928	1
0	14678	6698.138738495198	2
0	14682	6698.960077330352	1
0	14685	6699.898406637447	2
0	14704	6705.650609699552	1
0	14705	6705.651882740215	0
0	14743	6719.535560570043	1
0	14766	6728.578266886212	2
0	14791	6735.912111223921	1
0	14814	6744.938635179678	0
0	15096	6871.454322247225	1
0	15097	6871.892646848715	2
0	15106	6877.333889382169	1
0	15107	6877.806266633613	0
0	15111	6878.9530811483	1
0	15120	6891.882019562224	0
0	15222	6929.663495853634	1
0	15228	6932.069328834582	0
0	15388	6997.400118851184	1
0	15394	7000.831533178496	2
0	15430	7015.78809932679	3
0	15451	7026.083542387937	2
0	15461	7030.490980779921	1
0	15467	7032.863967460492	0
0	15527	7057.364261726818	1
0	15546	7065.124597720804	0
0	15701	7132.095415345391	1
0	15707	7136.204194646441	0
0	15708	7136.229945692904	1
0	15730	7143.355008885969	2
0	15742	7147.255052271168	1
0	15753	7151.203806173875	2
0	15781	7160.764792780204	3
0	15796	7166.470625930972	2
0	15800	7167.135315799777	3
0	15807	7169.019696768218	2
0	15815	7172.870229888796	1
0	15860	7194.865932450799	2
0	15862	7195.108131511531	1
0	15869	7196.414419116835	0
0	15877	7198.716255118877	1
0	15881	7201.3930216892	0
0	15956	7236.594652953043	1
0	15966	7240.031570579127	2
0	15969	7241.785714218511	1
0	15971	7243.362253983199	0
0	16059	7284.922119980572	1
0	16126	7316.988990313315	2
0	16129	7318.351192746721	1
0	16150	7329.071855176633	2
0	16163	7335.287737771897	1
0	16168	7336.408890374051	0
0	16175	7337.636338116185	1
0	16183	7341.15406014574	2
0	16194	7345.262355473225	3
0	16199	7347.073500824277	2
0	16209	7349.35176741894	1
0	16211	7350.334510987518	0
0	16371	7418.415963357979	1
0	16386	7424.050181736926	0
0	16406	7435.319159517521	1
0	16413	7439.720309160819	0
0	16426	7443.822064092591	1
0	16440	7456.767372341367	0
0	16485	7472.25710185527	1
0	16488	7472.979363239504	0
0	16601	7517.066285461905	1
0	16612	7524.503467957043	2
0	16615	7525.057789086368	1
0	16619	7527.650108857053	0
0	16696	7561.672714035013	1
0	16737	7579.777913115143	2
0	16751	7585.321602421938	3
0	16765	7598.189992051949	2
0	16783	7604.059411083036	1
0	16793	7609.263858789073	0
0	16798	7611.015803820275	1
0	16807	7615.290857683069	2
0	16817	7617.975084892485	3
0	16820	7620.482972731997	2
0	16833	7625.744739260846	1
0	16866	7639.781196255169	2
0	16874	7645.901228162199	3
0	16882	7650.886269633716	4
0	16888	7659.595549143736	5
0	16919	7678.745094107894	6
0	16920	7678.786768377795	7
0	16936	7683.170879242968	8
0	16952	7688.311095479622	7
0	16969	7692.973427932552	8
0	16970	7693.148277285924	7
0	16978	7695.981626371736	8
0	16983	7699.264385068946	7
0	16985	7699.538812028102	8
0	16992	7702.941733862294	7
0	17004	7705.761243751607	8
0	17025	7710.747930563862	9
0	17027	7711.282561974707	10
0	17049	7726.333168508508	9
0	17059	7729.758175064383	8
0	17065	7731.054147944754	9
0	17089	7740.331452104117	10
0	17094	7742.74326417716	9
0	17112	7750.511069950919	10
0	17122	7753.868175610366	9
0	17157	7764.678669906935	8
0	17162	7769.90221524129	7
0	17165	7771.055141612971	6
0	17203	7784.129089025953	5
0	17206	7784.505854091155	6
0	17217	7790.117167299396	5
0	17225	7792.850559473457	4
0	17238	7800.302345887033	3
0	17268	7817.132165470504	4
0	17273	7819.811077111713	3
0	17301	7829.429002745213	2
0	17304	7829.687837749018	3
0	17310	7831.147036894061	2
0	17317	7832.894780310974	1
0	17318	7833.066414188303	0
0	17449	7892.951359161547	1
0	17460	7901.17074217514	2
0	17467	7904.642249945526	1
0	17474	7907.548066231236	0
0	17490	7910.946009778693	1
0	17512	7920.379805785485	0
0	17522	7921.770911102961	1
0	17534	7926.677774268149	0
0	17729	7990.991605673524	1
0	17733	7992.390307712897	2
0	17735	7992.656809673134	3
0	17772	8006.859951681547	4
0	17788	8015.697154725302	3
0	17802	8020.802520333532	4
0	17820	8025.730625051182	5
0	17832	8031.189187111896	6
0	17833	8031.456465486033	5
0	17867	8047.702146173276	4
0	17876	8049.523731352805	5
0	17877	8050.058635319522	6
0	17897	8060.711721552558	5
0	17919	8071.155882227254	4
0	17937	8074.805202259271	5
0	17969	8088.44149648263	4
0	17983	8092.385213255584	5
0	17998	8096.681349652195	6
0	18035	8114.807173997027	5
0	18059	8128.019424998511	4
0	18065	8131.610187535889	5
0	18067	8134.058381667475	4
0	18080	8140.562427443969	3
0	18084	8142.583664197648	4
0	18089	8146.166005572827	5
0	18090	8149.85086600823	4
0	18110	8156.22011823874	3
0	18119	8158.396357857769	2
0	18134	8164.733549853331	1
0	18149	8168.823759444541	2
0	18150	8168.899390327899	1
0	18154	8170.620280775072	0
0	18166	8175.121580839053	1
0	18174	8181.044216996313	0
0	18185	8184.566037509191	1
0	18219	8200.564446518069	2
0	18282	8230.031084746225	1
0	18311	8247.624439012879	0
0	18805	8432.775396621653	1
0	18807	8433.310529956741	0
0	18819	8436.912474219292	1
0	18821	8440.078686857529	0
0	18844	8446.240163269526	1
0	18850	8447.579945016352	2
0	18861	8452.059702898383	1
0	18873	8456.641558054143	2
0	18917	8476.444045501257	1
0	18922	8480.30621778911	0
0	18944	8485.520751104673	1
0	18958	8489.601715978532	0
0	18963	8490.968664425513	1
0	18965	8491.797788423725	0
0	19147	8559.607222987839	1
0	19150	8561.154106137857	2
0	19194	8582.836537658027	3
0	19199	8586.062320432681	2
0	19224	8596.79653478332	1
0	19246	8611.055964915881	0
0	19252	8613.13792679622	1
0	19254	8615.186321228463	0
0	19669	8787.842359702629	1
0	19673	8790.683208231228	0
0	19736	8813.526141544322	1
0	19742	8816.594273321884	2
0	19766	8828.23163654796	3
0	19778	8832.133619020447	2
0	19806	8840.540771059679	3
0	19819	8851.239955286603	4
0	19843	8862.692904976222	5
0	19847	8864.676233606312	4
0	19854	8869.558642132899	3
0	19863	8874.051793623297	2
0	19867	8876.964209921903	1
0	19888	8889.719474221504	0
0	20232	9041.877006083925	1
0	20234	9043.291537818746	0
0	20252	9050.781650897032	1
0	20275	9057.975034759802	0
0	20280	9059.078440116043	1
0	20313	9072.787504118696	2
0	20328	9075.811282619377	3
0	20360	9084.009244510817	2
0	20382	9088.736432420385	1
0	20384	9088.816298758706	2
0	20403	9096.506328017899	1
0	20412	9101.403264124493	0
0	20462	9122.246803735747	1
0	20467	9126.72944746599	0
0	20720	9246.316794928458	1
0	20765	9260.865710268986	0
0	20772	9264.65779257629	1
0	20779	9267.663689128051	0
0	20810	9276.650746395339	1
0	20811	9277.589192113399	0
0	20827	9281.583416436354	1
0	20844	9288.254884084544	0
0	20942	9340.647256990285	1
0	21001	9369.938280862134	0
0	21117	9423.772097648197	1
0	21119	9424.54647868072	0
0	21126	9430.573542020691	1
0	21131	9436.811688304944	0
0	21155	9443.104143247829	1
0	21175	9449.840586029063	0
0	21181	9451.725947431736	1
0	21191	9456.376356131462	0
0	21228	9471.124008776344	1
0	21236	9474.963590824991	0
0	21237	9475.251020714521	1
0	21245	9481.962875568876	0
0	21319	9515.275401098046	1
0	21363	9533.906389233262	2
0	21364	9534.079124360714	3
0	21387	9543.060058856321	4
0	21392	9544.404366884747	5
0	21393	9546.401660898911	4
0	21428	9559.527543350098	3
0	21430	9560.284264629327	2
0	21475	9580.320063487823	1
0	21492	9586.847629612062	0
0	21509	9591.087638506626	1
0	21521	9597.081345525092	0
0	21555	9611.907694674033	1
0	21559	9613.558090972624	0
0	21590	9620.34018024241	1
0	21604	9625.374980038439	2
0	21610	9627.873356428916	3
0	21627	9634.762682241931	4
0	21640	9639.200039583678	3
0	21641	9639.377248717609	4
0	21647	9642.12916215879	3
0	21656	9644.028955159685	4
0	21663	9647.104759352079	3
0	21664	9647.777370539334	2
0	21673	9651.728557367685	1
0	21683	9659.19214298804	2
0	21696	9665.457840776124	1
0	21723	9674.664254163546	0
0	21974	9776.714571736048	1
0	21976	9777.234034351221	2
0	21981	9780.099928865986	3
0	22012	9790.758236230883	2
0	22028	9793.766228066605	3
0	22036	9796.284319878723	2
0	22046	9801.24729260784	1
0	22098	9822.18812299006	0
0	22116	9825.23268257813	1
0	22118	9825.883680068572	2
0	22127	9831.563959578092	1
0	22129	9832.204732736799	0
0	22165	9843.499500354953	1
0	22170	9844.306622256454	0
0	22231	9861.196322504182	1
0	22236	9864.923490743488	0
0	22277	9878.519008749318	1
0	22301	9886.95566620311	2
0	22305	9892.038950410451	1
0	22311	9893.857502794685	0
0	22318	9895.016348569265	1
0	22327	9898.209964740661	0
0	22390	9921.245003931094	1
0	22425	9933.788902928587	0
0	22460	9944.721204630694	1
0	22466	9945.399677232109	2
0	22477	9948.24359185599	3
0	22492	9950.239233621966	2
0	22517	9962.659388034913	3
0	22538	9972.212006242652	4
0	22551	9981.256620837926	3
0	22559	9986.83997838959	2
0	22560	9987.384621363204	1
0	22572	9995.741045678916	2
1	0	0	1
1	0	0	2
1	0	0	1
1	8	2.369734266668	2
1	50	18.407881228813	1
1	74	26.910655656759	2
1	91	33.466891839879	1
1	104	35.712431864647	2
1	120	42.59254131563	1
1	135	53.107514370463	0
1	148	60.224778694645	1
1	182	85.903547657669	0
1	231	108.404548361276	1
1	232	109.251033928281	2
1	239	113.711222524642	1
1	243	115.205224412375	0
1	427	208.595253556158	1
1	434	211.449833074916	2
1	440	213.758589329279	3
1	449	223.212846747346	4
1	459	228.57808005233	3
1	469	232.759158599934	4
1	476	234.792263146316	3
1	480	235.630737147727	4
1	489	238.096598998986	3
1	490	238.284702787266	2
1	518	250.562840391552	3
1	524	251.50077778224	4
1	533	256.539021361077	3
1	546	261.752240493005	2
1	570	268.282383294021	1
1	572	268.79482872496	0
1	617	285.31345000205	1
1	637	292.244381244091	0
1	716	321.010624454642	1
1	743	329.208563394894	0
1	815	360.315282822074	1
1	832	366.443982452613	0
1	889	383.397307924017	1
1	894	384.891445462064	0
1	927	402.835624173115	1
1	973	422.299156653327	2
1	974	422.414381757061	1
1	985	429.400066687904	0
1	1141	498.236891691053	1
1	1143	498.517148157778	0
1	1199	520.438126264543	1
1	1200	520.617862665831	2
1	1215	531.704392489146	3
1	1225	538.284444714044	4
1	1246	551.421754846182	3
1	1261	561.070381730361	2
1	1268	562.493980011173	1
1	1270	562.709742585069	2
1	1277	565.318581039022	1
1	1283	567.282880802321	0
1	1466	674.585875371847	1
1	1472	676.568408715431	2
1	1503	689.85116918117	3
1	1511	694.996029851571	2
1	1518	696.510693020131	3
1	1524	697.471769268795	4
1	1537	701.254901129355	5
1	1569	713.425590873571	4
1	1583	723.128361225216	3
1	1627	742.802913855597	2
1	1641	747.660724229318	1
1	1652	749.955227714504	2
1	1653	750.420771717511	3
1	1660	752.861790017513	4
1	1677	758.411295731905	5
1	1706	780.25772565575	4
1	1736	797.891978649589	3
1	1737	798.183077359747	4
1	1753	803.193547858531	3
1	1762	807.671538932022	2
1	1781	816.602690606913	3
1	1803	822.438742736713	2
1	1824	831.216008385161	3
1	1825	831.435519365686	2
1	1834	833.797194307733	3
1	1835	833.856495860426	4
1	1870	855.432532560543	3
1	1882	863.495693827953	4
1	1890	870.954109005578	3
1	1894	872.72814938519	4
1	1897	874.040911308396	5
1	1923	891.77308727738	4
1	1939	900.191033754183	5
1	1943	901.933044539988	4
1	1968	908.567704660253	3
1	1977	910.823996813878	2
1	1984	912.826047149835	1
1	1991	914.697648796692	2
1	1994	915.683947383802	1
1	2020	925.20766133852	2
1	2027	927.706527096132	1
1	2029	928.158667396414	0
1	2133	981.229608823705	1
1	2188	1004.308602879238	2
1	2194	1007.210079897875	1
1	2199	1008.353454116127	0
1	2252	1033.776396400938	1
1	2279	1043.125823797445	0
1	2421	1092.766033335667	1
1	2425	1093.967208945274	0
1	2464	1101.078108431588	1
1	2479	1109.033121815585	2
1	2485	1111.304881782496	3
1	2490	1115.379231180275	2
1	2517	1126.736187761539	1
1	2531	1130.570972281141	0
1	2577	1146.942823393869	1
1	2580	1147.718549875699	0
1	2590	1150.207025817471	1
1	2598	1154.721433641764	2
1	2610	1162.840114944643	3
1	2613	1165.463964040052	4
1	2625	1174.911884294254	3
1	2629	1176.588289539102	2
1	2632	1177.711456448595	1
1	2638	1181.869532719991	0
1	2723	1213.665353503074	1
1	2733	1220.502000392819	0
1	2755	1227.572453739758	1
1	2796	1262.463436079621	0
1	3212	1464.017420882835	1
1	3241	1473.437266448096	0
1	3252	1475.493749926755	1
1	3257	1480.565487473587	2
1	3319	1523.977012224175	1
1	3327	1526.155505262947	2
1	3352	1536.520591780894	1
1	3365	1541.366327390219	0
1	3377	1544.28070056428	1
1	3383	1548.945697194245	2
1	3405	1563.126412427261	1
1	3451	1585.917151215731	0
1	3512	1610.985103513076	1
1	3524	1617.252284056539	2
1	3531	1619.831905205681	1
1	3542	1624.13405570049	2
1	3551	1627.169350417482	3
1	3553	1627.531262234741	2
1	3601	1648.751081371758	1
1	3610	1650.471096206578	0
1	3619	1653.825381375962	1
1	3622	1654.736086689936	0
1	3727	1694.741297708082	1
1	3746	1702.238335475448	0
1	3761	1706.705262154097	1
1	3782	1710.364881005138	2
1	3802	1714.668332104573	3
1	3803	1714.708669380852	2
1	3818	1722.938474498966	1
1	3831	1730.540886611195	2
1	3832	1730.831232237255	3
1	3839	1734.333555127675	4
1	3862	1743.792101900206	5
1	3877	1752.779113041617	4
1	3878	1753.44039213483	3
1	3889	1758.112353012901	2
1	3893	1759.875960726715	1
1	3912	1767.849129400697	0
1	3915	1768.690751062867	1
1	3933	1774.878372148556	0
1	4137	1845.75866784029	1
1	4144	1849.498479072721	2
1	4207	1870.762190207905	3
1	4215	1873.431435803403	2
1	4224	1876.968589889677	1
1	4243	1887.198163134209	0
1	4397	1959.1198115451	1
1	4409	1962.458373087293	0
1	4537	2034.722359214242	1
1	4555	2039.57609297319	2
1	4575	2045.512283284298	1
1	4585	2049.497630292661	2
1	4586	2050.498427636925	1
1	4613	2068.226392046999	0
1	4658	2083.891652046169	1
1	4662	2086.052454954609	0
1	4807	2153.847054398903	1
1	4812	2159.27205722284	2
1	4817	2162.187934802181	1
1	4842	2179.011179238812	0
1	4879	2196.164160096117	1
1	4888	2199.319333048465	0
1	4894	2200.70745019958	1
1	4897	2201.01911596024	2
1	4905	2204.993766180449	1
1	4935	2218.461266260017	2
1	4972	2243.597097175313	1
1	4973	2243.78587713964	0
1	5076	2291.926854050062	1
1	5087	2297.179614977389	0
1	5187	2333.048133646149	1
1	5213	2353.797771066819	0
1	5226	2361.292894390661	1
1	5229	2363.13749194988	0
1	5242	2367.433665858539	1
1	5263	2378.516898320038	0
1	5278	2383.130899834806	1
1	5282	2384.354165227469	0
1	5352	2418.244456843554	1
1	5359	2419.908026548244	0
1	5361	2420.198392854332	1
1	5372	2424.085937910981	0
1	5386	2428.398278536681	1
1	5392	2432.789299881381	0
1	5402	2433.948078314852	1
1	5416	2437.112717984502	0
1	5764	2604.756605291962	1
1	5766	2605.506760512123	0
1	5852	2639.012224381397	1
1	5861	2642.729944803009	2
1	5863	2643.066461313932	1
1	5873	2644.662515840647	2
1	5876	2646.830175703492	1
1	5888	2650.6579110074	0
1	5990	2695.177325916704	1
1	5991	2695.584016803316	2
1	5999	2699.289343570619	3
1	6020	2705.17886244741	4
1	6036	2714.71895270474	5
1	6045	2720.805000597869	6
1	6048	2725.651847077444	5
1	6054	2729.57866884405	4
1	6060	2731.264899751004	3
1	6062	2731.816904714593	2
1	6067	2732.831669381693	1
1	6070	2734.299389610997	0
1	6231	2823.382551433994	1
1	6242	2828.455721859698	0
1	6450	2930.566412936573	1
1	6463	2934.509183078605	0
1	6484	2943.266407514223	1
1	6547	2964.940611014488	0
1	6614	2987.467787386679	1
1	6635	3002.068273348108	2
1	6641	3003.106477151442	3
1	6691	3021.295535300497	2
1	6696	3024.537607156525	3
1	6721	3034.143992421062	2
1	6735	3039.563083817675	3
1	6745	3046.415662977465	4
1	6762	3060.518664833707	3
1	6765	3061.67149486821	2
1	6773	3065.631798027188	1
1	6780	3068.773560621713	0
1	6803	3080.683053674387	1
1	6816	3085.784780208825	0
1	6832	3094.414060129203	1
1	6844	3104.059586986012	2
1	6858	3114.756205912721	3
1	6868	3118.729039939162	2
1	6877	3121.039867639312	3
1	6879	3121.794945188468	4
1	6902	3134.524687477965	5
1	6907	3135.509249937134	4
1	6919	3140.627663224272	5
1	6940	3151.165182275883	6
1	6961	3162.910269693075	5
1	6962	3163.768608992905	6
1	6973	3166.620479835099	7
1	7007	3179.868683668548	6
1	7014	3183.1604531469	7
1	7028	3188.428652978077	8
1	7035	3192.661481826143	9
1	7037	3193.1986491097	10
1	7058	3204.092309972151	11
1	7073	3213.910196478323	12
1	7075	3214.735323498648	13
1	7080	3217.521008251827	12
1	7089	3221.61499607525	11
1	7093	3222.683492736364	10
1	7095	3223.402502944244	11
1	7096	3223.66172009542	10
1	7110	3240.08427520018	9
1	7124	3247.750687109608	8
1	7134	3250.483205426574	7
1	7147	3254.617348869368	8
1	7170	3262.166968648351	9
1	7172	3263.405482862313	8
1	7180	3266.949421550784	7
1	7187	3270.124650515534	8
1	7210	3287.309195227148	7
1	7214	3288.759198355401	6
1	7216	3289.155656967466	5
1	7228	3295.185058309235	4
1	7248	3307.423486789751	3
1	7253	3313.704180557768	2
1	7257	3317.2101302422	1
1	7267	3321.932778942135	2
1	7279	3325.248525483532	3
1	7301	3333.236457262466	2
1	7327	3340.209600705165	1
1	7329	3340.690643997599	2
1	7349	3351.34176165981	3
1	7352	3352.241780075046	4
1	7358	3357.074705101405	5
1	7359	3358.136390249858	4
1	7360	3358.157191009205	3
1	7362	3358.468558684318	2
1	7369	3359.57156205204	1
1	7375	3361.914776441364	0
1	7666	3484.592293465195	1
1	7677	3488.655593958132	0
1	7782	3532.942932804403	1
1	7785	3533.271693681468	0
1	7839	3550.172823302667	1
1	7853	3556.41700872455	2
1	7874	3565.47130208813	1
1	7886	3572.516989266273	0
1	7925	3588.165838170389	1
1	7928	3591.182004169894	0
1	7973	3610.979434385236	1
1	8008	3631.181518160044	0
1	8237	3735.416091886753	1
1	8238	3736.037613416253	0
1	8328	3784.011173970698	1
1	8341	3787.499810586103	2
1	8342	3787.646214177748	3
1	8346	3787.932058314495	2
1	8347	3788.84780474806	3
1	8379	3799.906525903611	2
1	8380	3800.186032790896	3
1	8397	3810.569370092548	2
1	8401	3812.197549869313	1
1	8404	3814.140363470356	0
1	8411	3816.495729747884	1
1	8417	3818.631475258689	2
1	8418	3818.698054506654	1
1	8424	3820.457882573275	2
1	8427	3823.76339970079	1
1	8437	3833.470861917928	0
1	8453	3838.110075337178	1
1	8462	3840.167616860105	0
1	8463	3840.369861183873	1
1	8506	3854.894332469226	0
1	8569	3882.829878339595	1
1	8573	3885.029602628066	0
1	8578	3886.058887461282	1
1	8589	3890.12985663628	2
1	8591	3890.406573539662	1
1	8608	3894.662923262182	0
1	8904	4043.358875669738	1
1	8907	4044.412991293325	0
1	9016	4083.329132071484	1
1	9034	4088.526458805276	0
1	9043	4096.471218879947	1
1	9050	4101.022111811427	2
1	9061	4106.749636388174	1
1	9099	4120.153184764037	0
1	9105	4124.373019530874	1
1	9106	4125.892211089938	0
1	9126	4132.280924844519	1
1	9131	4133.822088010059	0
1	9135	4134.870713867304	1
1	9151	4142.887019673183	2
1	9156	4145.321727609953	3
1	9165	4149.178269525464	2
1	9171	4153.004712313169	1
1	9193	4163.484175609947	0
1	9433	4264.529734579461	1
1	9455	4271.826181100879	2
1	9483	4283.450387330005	3
1	9484	4284.780310280637	2
1	9485	4285.122130656214	1
1	9515	4302.80973559894	2
1	9555	4319.269866490457	3
1	9561	4324.078523627006	4
1	9568	4329.686170237114	3
1	9597	4343.198892687368	4
1	9603	4344.595272977645	5
1	9606	4345.899074231932	4
1	9630	4359.547475095209	3
1	9657	4372.825951985761	4
1	9666	4380.332589119857	3
1	9674	4388.386737393888	2
1	9684	4392.830743269562	1
1	9692	4396.15111960561	0
1	9730	4404.305072334572	1
1	9748	4414.593197090364	2
1	9777	4425.863381019534	1
1	9783	4430.209454378072	0
1	9927	4503.315173332386	1
1	10005	4532.031252543655	2
1	10009	4534.054120611453	3
1	10018	4536.658315634511	2
1	10029	4539.514150064256	3
1	10032	4540.436470250882	4
1	10038	4543.424426745816	5
1	10055	4553.783459234713	4
1	10068	4559.486579031242	5
1	10087	4566.558183517459	6
1	10101	4575.100519149494	5
1	10103	4575.890378504904	4
1	10131	4592.283862460554	3
1	10138	4593.682757461557	4
1	10146	4596.479867659326	3
1	10155	4599.434634818388	4
1	10170	4607.227703551758	3
1	10175	4608.330322944684	4
1	10195	4616.763509047648	5
1	10215	4629.984773452778	6
1	10224	4634.325426512308	7
1	10227	4635.68560500448	8
1	10234	4641.00447163311	9
1	10251	4653.635904328741	8
1	10258	4656.221814458474	7
1	10260	4657.336854261733	6
1	10261	4657.805525814529	5
1	10284	4666.050191439464	6
1	10297	4669.159996216824	7
1	10301	4670.415384560926	6
1	10321	4677.936820729461	7
1	10334	4681.600067046358	8
1	10357	4688.149828096544	9
1	10360	4688.706216080383	10
1	10374	4693.927591365993	9
1	10386	4698.556200971912	10
1	10389	4700.375513422418	9
1	10394	4701.888762415681	10
1	10404	4705.530907260199	11
1	10421	4712.631492525565	10
1	10430	4716.375618832969	11
1	10438	4718.129286315076	10
1	10462	4728.238340401239	11
1	10473	4735.586433116536	12
1	10490	4745.531807990968	11
1	10502	4751.28811946359	12
1	10506	4752.015004553432	11
1	10546	4765.416371052026	12
1	10559	4768.699956468349	13
1	10580	4784.38720630164	12
1	10585	4785.472909891983	13
1	10588	4786.642797626699	14
1	10613	4796.310464497079	13
1	10619	4799.484767217677	12
1	10628	4806.325037711963	11
1	10670	4825.521597968858	10
1	10671	4825.623056432002	11
1	10678	4829.493127633006	12
1	10686	4830.811142581806	11
1	10688	4831.511783271627	10
1	10709	4842.819264277899	11
1	10714	4844.283174661241	10
1	10730	4849.08913290301	9
1	10737	4856.589217237732	8
1	10764	4877.805852643176	9
1	10785	4891.844495020302	8
1	10790	4893.285545209363	9
1	10793	4894.154336785041	10
1	10794	4894.716095548224	9
1	10813	4900.830293571034	8
1	10830	4915.250581070069	7
1	10839	4922.098067640418	6
1	10876	4936.16519774429	7
1	10936	4962.408437977409	8
1	10943	4968.876173906627	7
1	10957	4978.455918324917	8
1	10971	4981.38333769985	7
1	10972	4981.384521653222	6
1	10981	4982.801861791959	7
1	10982	4982.852722178291	8
1	10992	4986.488650766328	7
1	11042	5006.702118296951	8
1	11062	5014.276292531004	9
1	11073	5019.606078683821	8
1	11081	5024.044532423049	9
1	11086	5027.06453058863	8
1	11110	5034.721692840084	9
1	11112	5035.02567608402	10
1	11128	5045.141977990093	9
1	11141	5051.479467435511	8
1	11170	5060.573700065199	7
1	11171	5060.803794742034	8
1	11172	5061.1385852186	9
1	11199	5074.439481110991	8
1	11234	5089.085533014041	9
1	11253	5100.604040885618	10
1	11261	5103.077753512246	11
1	11310	5133.657503288784	12
1	11323	5140.153560939307	11
1	11325	5142.969683526717	10
1	11333	5147.725581666655	11
1	11349	5152.671969984715	12
1	11364	5162.414765057319	11
1	11374	5165.770678402625	12
1	11398	5179.295932493259	11
1	11408	5183.397518708056	12
1	11417	5186.499647007628	11
1	11422	5187.958891764473	12
1	11429	5196.709506843939	11
1	11438	5203.839042433883	12
1	11444	5206.722172564698	13
1	11447	5208.465624547733	12
1	11461	5218.254445060856	13
1	11489	5249.776600474598	14
1	11497	5255.354413090509	15
1	11528	5286.500150158536	14
1	11530	5287.183201432489	13
1	11551	5300.594775891562	12
1	11563	5313.145225537314	11
1	11565	5313.592028188001	10
1	11576	5321.518578333898	9
1	11588	5328.947944437995	8
1	11593	5330.456836909082	9
1	11595	5331.509409322095	10
1	11623	5342.714195685019	9
1	11625	5343.351657735879	8
1	11637	5345.551692712446	7
1	11661	5351.592878036759	8
1	11667	5354.763947269382	9
1	11718	5375.866283308173	8
1	11727	5378.130417914999	7
1	11746	5386.350444701343	6
1	11771	5394.911338302957	5
1	11788	5406.858225349461	6
1	11791	5407.754738205435	5
1	11815	5416.647719334648	4
1	11846	5431.630891817317	3
1	11863	5438.478549750793	2
1	11875	5441.287853818057	3
1	11889	5446.591282233413	2
1	11897	5450.720335147692	1
1	11900	5452.62464851003	2
1	11915	5460.023047812532	3
1	11925	5465.132226038402	4
1	11927	5466.121086376253	3
1	11955	5479.317749502354	4
1	11977	5488.19327718654	3
1	11986	5493.684979394832	2
1	11988	5494.641601809352	3
1	11990	5496.18781316837	2
1	11998	5497.961849405909	1
1	12007	5499.430900844386	0
1	12034	5510.394948589854	1
1	12045	5519.183946559985	0
1	12046	5519.331314693945	1
1	12078	5534.452304818311	2
1	12084	5537.833437771111	1
1	12086	5538.066684666706	2
1	12095	5539.309320125905	3
1	12120	5547.872199951291	2
1	12122	5548.165412736773	1
1	12132	5549.445002430443	2
1	12140	5551.912251474752	1
1	12148	5553.882280275182	0
1	12227	5591.890518460444	1
1	12237	5597.626816475652	0
1	12238	5598.088577374487	1
1	12275	5618.380564781874	2
1	12281	5620.638584381334	1
1	12334	5643.230474320544	2
1	12338	5646.920918380483	1
1	12345	5649.603486019401	0
1	12504	5729.790847078589	1
1	12549	5747.240333210189	2
1	12550	5747.249016055252	3
1	12564	5757.325238301422	4
1	12567	5758.102850862846	5
1	12572	5759.478332365103	4
1	12598	5771.705265789226	3
1	12615	5780.155578741527	4
1	12616	5780.32265232426	3
1	12642	5787.432070218418	2
1	12662	5793.965941504093	1
1	12683	5803.62662953032	2
1	12689	5806.555951269707	3
1	12696	5809.882167814575	2
1	12697	5810.004514921097	3
1	12704	5812.299143716056	2
1	12717	5820.723127223711	3
1	12724	5823.692571144004	4
1	12733	5829.869862895371	5
1	12736	5831.063544951662	4
1	12745	5838.975332776976	5
1	12751	5840.37201372365	6
1	12784	5859.18495797824	5
1	12785	5859.537603498653	4
1	12786	5859.68943254132	3
1	12795	5861.58135852558	2
1	12829	5873.660671562777	1
1	12838	5875.841485704552	2
1	12854	5884.390759674825	3
1	12865	5892.154152377185	4
1	12876	5896.171463579019	5
1	12899	5908.382926951638	4
1	12908	5912.057871857245	5
1	12914	5913.694002920071	4
1	12923	5918.731783190386	5
1	12966	5941.859708931301	6
1	12998	5954.821859563599	7
1	13007	5958.596731155934	6
1	13036	5970.39221363304	7
1	13038	5970.555582587066	6
1	13046	5972.394196074776	5
1	13070	5992.416325916488	6
1	13086	6001.615739370048	5
1	13093	6003.986460026884	6
1	13098	6005.424383438323	7
1	13102	6005.733730302626	6
1	13106	6007.701360466522	5
1	13126	6011.649790581594	4
1	13127	6011.789389832983	3
1	13143	6018.325954352837	4
1	13180	6038.748071161238	5
1	13191	6044.10289689597	4
1	13241	6059.576927581427	5
1	13248	6065.361598457696	4
1	13288	6083.185908913157	3
1	13336	6106.821098007171	2
1	13338	6107.538653463793	1
1	13341	6108.175168325185	2
1	13354	6113.251110273308	1
1	13370	6122.162104877361	0
1	13373	6122.616423961264	1
1	13383	6125.072085286798	0
1	13426	6140.368358949846	1
1	13433	6143.409256104747	0
1	13438	6144.589841799497	1
1	13440	6145.469020422678	0
1	13663	6234.403238992837	1
1	13667	6235.236165833526	2
1	13687	6244.946813645809	3
1	13697	6248.812817477628	2
1	13715	6258.399697249521	1
1	13727	6266.105750712125	0
1	13814	6302.443558879829	1
1	13825	6305.586984926718	2
1	13844	6313.569192819085	3
1	13865	6318.774114154195	4
1	13885	6323.142123580036	3
1	13892	6326.703012853518	2
1	13901	6333.030141824689	1
1	13949	6348.258208066412	2
1	13950	6349.543797459965	1
1	13962	6354.818440465167	2
1	13978	6360.843116108165	1
1	13987	6363.18280828904	0
1	14006	6372.800075074615	1
1	14010	6374.379607857769	0
1	14111	6418.15002926833	1
1	14112	6418.266097696596	2
1	14119	6419.93514375057	1
1	14131	6422.802051924916	0
1	14185	6451.712972549561	1
1	14202	6456.436514410076	2
1	14207	6460.14226552184	1
1	14225	6465.872156804603	2
1	14237	6470.744028224167	1
1	14242	6473.332126928237	2
1	14249	6478.393075501032	1
1	14254	6480.656270482378	0
1	14284	6497.487342149258	1
1	14293	6499.936235984851	0
1	14336	6520.680134939388	1
1	14339	6522.259840375465	2
1	14372	6537.92354074277	1
1	14380	6541.245305513208	0
1	14604	6651.635255421655	1
1	14608	6652.881518204715	0
1	14639	6675.1028406562	1
1	14658	6687.180567631995	0
1	14663	6689.52858350928	1
1	14680	6698.787847050424	0
1	14686	6699.960077330352	1
1	14707	6706.650609699552	2
1	14708	6706.651882740215	3
1	14733	6715.270341043426	2
1	14735	6717.015929201153	1
1	14772	6729.894583447154	0
1	14794	6736.912111223921	1
1	14796	6737.565948363501	0
1	15109	6878.333889382169	1
1	15110	6878.806266633613	2
1	15118	6890.322538316019	1
1	15121	6892.882019562224	2
1	15124	6895.053256737334	1
1	15126	6895.397355388824	0
1	15128	6896.228716420694	1
1	15141	6901.874349320427	0
1	15235	6933.585658173439	1
1	15239	6934.36160684661	0
1	15487	7039.264026603413	1
1	15492	7040.836302510677	2
1	15536	7059.662672960161	1
1	15542	7064.079613848058	0
1	15549	7066.124597720804	1
1	15550	7066.923783010318	2
1	15554	7068.41662077007	1
1	15574	7079.450762237327	2
1	15590	7086.429126382015	3
1	15606	7094.312576684041	2
1	15625	7100.153056550032	1
1	15635	7102.435163433213	2
1	15646	7109.638274693586	3
1	15680	7122.638014627622	2
1	15711	7137.101306926189	1
1	15712	7137.204194646441	2
1	15745	7148.255052271168	3
1	15779	7160.210325669955	2
1	15801	7167.470625930972	3
1	15811	7170.019696768218	4
1	15817	7173.870229888796	5
1	15828	7178.972506739827	4
1	15832	7180.271086056198	3
1	15849	7188.87582671731	2
1	15867	7196.108131511531	3
1	15873	7197.414419116835	4
1	15882	7202.3930216892	5
1	15901	7210.541602590394	6
1	15911	7214.880967068237	5
1	15921	7222.137427992195	4
1	15967	7240.239259108852	3
1	15970	7242.785714218511	4
1	15973	7244.362253983199	5
1	15981	7248.962197368221	4
1	15994	7253.040457087557	5
1	15997	7254.522939362977	4
1	16000	7258.198174190219	3
1	16022	7268.32565463142	2
1	16023	7268.702691419696	1
1	16029	7271.16773766708	0
1	16034	7273.388314276021	1
1	16050	7281.742602588611	2
1	16058	7284.778780924715	1
1	16076	7290.849778881257	0
1	16166	7336.287737771897	1
1	16172	7337.408890374051	2
1	16192	7344.871643676874	1
1	16201	7347.238430147239	0
1	16205	7348.073500824277	1
1	16212	7350.35176741894	2
1	16215	7351.334510987518	3
1	16219	7352.334884310071	4
1	16222	7354.435480793561	3
1	16266	7374.545122971953	2
1	16271	7377.073848908038	1
1	16302	7393.659812784835	0
1	16505	7481.21499078833	1
1	16509	7481.950359463703	0
1	16536	7493.552626871526	1
1	16553	7501.88309281228	0
1	16622	7528.650108857053	1
1	16646	7535.905180935677	0
1	16648	7536.078503884771	1
1	16677	7549.041791833855	0
1	16784	7605.059411083036	1
1	16796	7610.263858789073	2
1	16821	7620.944285738212	1
1	16823	7621.482972731997	2
1	16830	7625.067273070895	1
1	16836	7626.744739260846	2
1	16842	7630.751796999545	1
1	16843	7630.775066956509	0
1	16974	7694.148277285924	1
1	16987	7700.264385068946	2
1	16991	7702.294462633853	1
1	16998	7703.941733862294	2
1	17024	7710.694530488603	1
1	17051	7727.333168508508	2
1	17053	7727.915514226343	1
1	17064	7730.758175064383	2
1	17068	7731.730398334946	1
1	17080	7735.907382462671	0
1	17098	7743.74326417716	1
1	17114	7751.878131697397	0
1	17164	7770.90221524129	1
1	17168	7772.055141612971	2
1	17173	7773.135827113102	1
1	17175	7773.419608374329	0
1	17221	7791.117167299396	1
1	17228	7793.850559473457	2
1	17241	7801.302345887033	3
1	17277	7820.811077111713	4
1	17306	7830.429002745213	5
1	17309	7830.995029847613	4
1	17314	7832.147036894061	5
1	17315	7832.286726524406	4
1	17320	7833.894780310974	5
1	17321	7834.066414188303	6
1	17332	7837.09248428456	7
1	17355	7851.280853631637	6
1	17386	7864.16204215264	7
1	17419	7876.965164251768	6
1	17420	7876.977085832367	5
1	17428	7883.077632997094	4
1	17468	7905.642249945526	5
1	17472	7907.465912555449	4
1	17480	7908.548066231236	5
1	17517	7921.379805785485	6
1	17523	7922.49394697048	5
1	17536	7927.677774268149	6
1	17541	7930.022258407994	7
1	17573	7942.707689149919	6
1	17577	7943.648324441565	5
1	17582	7944.591089897949	4
1	17597	7951.316559136366	3
1	17634	7962.51104868673	2
1	17640	7964.26391094528	1
1	17647	7966.742187760992	2
1	17648	7966.824676345917	1
1	17674	7976.511599674924	0
1	17675	7976.831860692419	1
1	17722	7989.423996520336	0
1	17790	8016.697154725302	1
1	17822	8027.06085805115	0
1	17834	8032.456465486033	1
1	17873	8048.702146173276	2
1	17880	8051.486011282185	1
1	17900	8061.711721552558	2
1	17923	8072.155882227254	3
1	17949	8082.47128609122	2
1	17971	8089.44149648263	3
1	17973	8089.690714224923	2
1	17991	8094.261305702974	1
1	17997	8095.80133042362	0
1	18060	8129.019424998511	1
1	18070	8135.058381667475	2
1	18082	8141.562427443969	3
1	18092	8150.85086600823	4
1	18113	8157.22011823874	5
1	18114	8157.2823477152	4
1	18122	8159.396357857769	5
1	18124	8160.853908969698	4
1	18126	8161.232426598238	3
1	18136	8165.733549853331	4
1	18152	8169.899390327899	5
1	18156	8171.620280775072	6
1	18177	8182.044216996313	7
1	18192	8186.038119982418	6
1	18213	8197.019549743879	5
1	18220	8201.810629215622	4
1	18223	8203.142746736362	3
1	18238	8210.3332889001	2
1	18250	8217.358642124377	1
1	18255	8219.288863008911	0
1	18344	8255.33408059116	1
1	18353	8258.15949956653	0
1	18450	8298.082421746803	1
1	18463	8303.206602114192	0
1	18746	8417.37092984216	1
1	18774	8424.627721324507	0
1	18792	8429.763500262338	1
1	18793	8429.782759980881	0
1	18825	8441.078686857529	1
1	18829	8441.364984586214	0
1	18966	8492.797788423725	1
1	18972	8495.175555945958	2
1	18997	8507.396679169353	1
1	18999	8507.847814236297	0
1	19256	8616.186321228463	1
1	19272	8624.131279415949	2
1	19281	8626.720284349097	1
1	19304	8634.863205665864	0
1	19331	8642.598432111751	1
1	19335	8643.537044487754	0
1	19399	8671.843357111675	1
1	19424	8688.690715346503	0
1	19864	8875.051793623297	1
1	19866	8876.610132867367	0
1	19872	8877.964209921903	1
1	19886	8888.09559804266	0
1	19890	8890.719474221504	1
1	19898	8892.964137158842	2
1	19912	8896.524728656934	3
1	19915	8899.327017497443	2
1	19921	8903.612363023315	1
1	19925	8906.047043596145	0
1	19973	8929.703723732691	1
1	19977	8932.627891044056	0
1	19995	8941.954802695476	1
1	20027	8950.603879623494	0
1	20219	9037.142605520233	1
1	20236	9044.291537818746	2
1	20255	9051.30285237295	1
1	20279	9058.975034759802	2
1	20302	9070.947023854611	1
1	20362	9085.009244510817	2
1	20386	9089.736432420385	3
1	20400	9095.66731340369	2
1	20406	9097.506328017899	3
1	20411	9101.184837045808	2
1	20415	9102.403264124493	3
1	20423	9106.196066376672	4
1	20440	9112.956407869126	3
1	20468	9127.72944746599	4
1	20474	9130.688810661225	5
1	20479	9132.782089274667	4
1	20496	9140.229548829733	3
1	20507	9144.789174121583	4
1	20511	9146.60796954101	3
1	20513	9146.948368368981	4
1	20555	9167.532003028757	3
1	20582	9179.31753838645	4
1	20588	9180.944609183439	5
1	20602	9186.792903293729	4
1	20604	9187.770873891951	5
1	20612	9193.274866368772	4
1	20617	9197.683007404412	3
1	20633	9204.376861685383	4
1	20640	9206.448067587311	5
1	20651	9212.671154723278	4
1	20667	9220.484514603642	3
1	20670	9221.147571717121	2
1	20691	9227.666871792721	3
1	20735	9251.760435987547	2
1	20751	9257.552875797258	1
1	20767	9261.865710268986	2
1	20785	9268.663689128051	3
1	20791	9270.442943324693	4
1	20806	9275.426208578246	3
1	20814	9278.589192113399	4
1	20845	9289.254884084544	5
1	20849	9291.068795773223	6
1	20859	9297.492018898095	5
1	20875	9305.172181791004	4
1	20905	9319.563154502071	3
1	20912	9326.030047281489	2
1	20930	9336.275127693062	3
1	20931	9337.93303626958	2
1	20981	9357.416701151965	1
1	21004	9370.938280862134	2
1	21009	9373.421989441671	1
1	21019	9377.947454527474	0
1	21121	9425.54647868072	1
1	21132	9437.070108899959	0
1	21133	9437.811688304944	1
1	21135	9438.829613396366	0
1	21140	9440.046359511085	1
1	21178	9450.840586029063	2
1	21179	9451.619590783099	1
1	21184	9453.837588203728	0
1	21194	9457.376356131462	1
1	21199	9461.026458108582	0
1	21247	9482.962875568876	1
1	21251	9484.320605524139	2
1	21253	9485.759657028639	1
1	21279	9496.060672319963	0
1	21435	9561.284264629327	1
1	21461	9572.556710580188	0
1	21564	9614.558090972624	1
1	21571	9616.36401827897	2
1	21572	9616.374727917307	1
1	21596	9622.839405011005	0
1	21651	9643.12916215879	1
1	21666	9648.104759352079	2
1	21667	9648.777370539334	3
1	21674	9652.728557367685	4
1	21700	9666.457840776124	5
1	21704	9668.524675357161	4
1	21727	9675.664254163546	5
1	21732	9677.042550807424	4
1	21750	9684.95428276378	5
1	21755	9687.687504253467	4
1	21795	9708.929310857571	3
1	21802	9710.809211566939	2
1	21817	9714.019701967236	1
1	21831	9717.619205334693	2
1	21873	9736.470289045414	1
1	21878	9738.292933666516	0
1	21918	9752.618323680934	1
1	21927	9756.532594204653	0
1	22049	9802.24729260784	1
1	22050	9802.545914688188	0
1	22111	9824.447525778307	1
1	22130	9832.563959578092	2
1	22133	9833.204732736799	3
1	22135	9833.322087602335	2
1	22164	9843.179149769967	1
1	22176	9845.306622256454	2
1	22179	9845.375622171124	3
1	22199	9852.386600229615	2
1	22207	9853.969390129014	3
1	22218	9856.158133779518	2
1	22239	9865.923490743488	3
1	22247	9870.171762419805	2
1	22251	9871.68613154606	3
1	22261	9875.287372074541	2
1	22300	9886.82344170002	1
1	22308	9893.038950410451	2
1	22316	9894.857502794685	3
1	22322	9896.408268893032	2
1	22329	9899.029595684409	1
1	22330	9899.209964740661	2
1	22364	9913.850410272282	3
1	22393	9922.448704986788	2
1	22397	9925.498843093311	1
1	22431	9934.788902928587	2
1	22435	9935.159747617199	3
1	22456	9943.815953281082	2
1	22497	9951.239233621966	3
1	22554	9982.256620837926	4
1	22561	9987.83997838959	5
1	22562	9988.384621363204	6
2	0	0	1
2	0	0	2
2	0	0	1
2	2	0.957295570234	0
2	53	19.407881228813	1
2	73	26.099163383544	0
2	97	34.466891839879	1
2	122	43.59254131563	2
2	139	54.107514370463	3
2	144	59.079824518546	2
2	159	69.512795311064	1
2	185	86.903547657669	2
2	191	89.821691606023	3
2	194	90.326854895071	2
2	242	114.711222524642	3
2	244	116.205224412375	4
2	260	125.789838518419	5
2	264	127.723259306332	4
2	290	139.25805074157	3
2	309	150.871537967803	4
2	340	164.197585692805	3
2	352	168.693110884137	2
2	354	172.057502226998	1
2	357	173.74249862257	2
2	369	178.19181529188	3
2	379	180.216951815229	2
2	386	181.504686925512	1
2	387	181.606710583128	2
2	390	183.02455537508	1
2	394	186.722498288927	0
2	494	239.096598998986	1
2	495	239.284702787266	2
2	532	255.716549145459	1
2	536	257.539021361077	2
2	551	262.752240493005	3
2	561	266.640517186971	2
2	576	269.282383294021	3
2	578	269.79482872496	4
2	596	275.351770095512	3
2	613	281.647845993223	2
2	642	293.244381244091	3
2	647	294.110700185814	2
2	658	297.521618815416	1
2	669	299.522144064053	2
2	673	300.503361667998	3
2	747	329.672540462531	2
2	749	330.208563394894	3
2	768	343.05015425256	2
2	781	347.304233883497	3
2	782	347.31054666113	2
2	785	348.319998708343	1
2	811	358.944457798738	2
2	836	367.443982452613	3
2	858	373.004941728155	2
2	895	385.891445462064	3
2	937	409.077596142293	2
2	942	411.095326716491	1
2	952	413.858209796327	0
2	977	423.414381757061	1
2	987	430.400066687904	2
2	993	432.863057064363	3
2	1016	440.489204711832	4
2	1057	456.711389452298	3
2	1066	460.539016331723	2
2	1077	466.13367180319	1
2	1084	467.642042054635	2
2	1105	476.366352882564	1
2	1128	490.501993296323	2
2	1145	499.517148157778	3
2	1148	502.02868107174	2
2	1161	506.655484132159	3
2	1169	509.707740533683	2
2	1242	548.45851097834	1
2	1248	552.421754846182	2
2	1266	562.070381730361	3
2	1272	563.493980011173	4
2	1280	566.318581039022	5
2	1289	568.282880802321	6
2	1290	568.383137765665	7
2	1297	581.142531073917	6
2	1336	608.054832275319	5
2	1339	611.618421376379	6
2	1359	625.989460485034	7
2	1378	635.485149294502	6
2	1381	638.498047416534	5
2	1399	646.020994269845	4
2	1431	663.009911183663	5
2	1460	673.435761842722	4
2	1462	673.697475548029	3
2	1470	676.146826411101	2
2	1476	678.693724177962	1
2	1487	683.947946457455	0
2	1710	781.25772565575	1
2	1740	798.891978649589	2
2	1757	804.193547858531	3
2	1767	808.671538932022	4
2	1772	811.484696289231	3
2	1778	815.989828118822	2
2	1807	823.438742736713	3
2	1812	825.337228964462	2
2	1819	829.492317775544	1
2	1827	832.435519365686	2
2	1838	833.975161135042	1
2	1871	856.432532560543	2
2	1887	868.579507295811	1
2	1893	871.954109005578	2
2	1910	881.947232361172	1
2	1913	883.742467476857	0
2	1924	892.77308727738	1
2	1925	893.403034270483	0
2	1973	909.567704660253	1
2	1982	911.823996813878	2
2	1987	913.826047149835	3
2	1995	916.683947383802	4
2	2004	920.239196694771	3
2	2008	921.901824422116	2
2	2017	924.263090260349	1
2	2030	928.319461818007	0
2	2031	928.706527096132	1
2	2035	929.158667396414	2
2	2038	929.870000413758	3
2	2041	930.433508675755	2
2	2047	932.00674136739	1
2	2057	934.963369057435	0
2	2201	1009.353454116127	1
2	2206	1012.355852494712	0
2	2631	1177.588289539102	1
2	2633	1178.711456448595	2
2	2634	1179.032103166211	1
2	2635	1179.130293086152	0
2	2639	1182.869532719991	1
2	2642	1183.494071238054	0
2	2662	1188.794631038053	1
2	2664	1194.28509793174	0
2	2819	1269.503699511112	1
2	2838	1282.03896504372	0
2	2974	1342.513499458981	1
2	2986	1348.082507288075	0
2	3076	1399.582181239456	1
2	3094	1409.812501754713	2
2	3098	1412.926019821976	1
2	3136	1429.738427978529	0
2	3504	1609.67972436719	1
2	3509	1610.279734553854	0
2	3536	1620.831905205681	1
2	3559	1628.531262234741	2
2	3563	1630.546778458774	1
2	3581	1637.708081313355	0
2	3605	1649.751081371758	1
2	3614	1651.471096206578	2
2	3615	1651.640565603032	1
2	3625	1655.608103550016	0
2	3626	1655.736086689936	1
2	3632	1659.262032190561	0
2	3882	1754.44039213483	1
2	3890	1758.667139428651	0
2	3891	1759.112353012901	1
2	3896	1760.875960726715	2
2	3916	1768.799810241257	1
2	3917	1768.849129400697	2
2	3936	1775.878372148556	3
2	3959	1780.733064119097	4
2	3964	1781.853410741792	3
2	3970	1784.831435155883	4
2	3986	1790.971706156232	5
2	4006	1794.570761692039	4
2	4014	1796.235577573234	3
2	4033	1800.567491048433	4
2	4047	1807.355432694277	3
2	4084	1824.498186726355	4
2	4105	1838.802503816984	3
2	4118	1841.928870041239	2
2	4143	1849.191906362874	1
2	4166	1854.760474366759	0
2	4226	1877.968589889677	1
2	4236	1884.66336865834	0
2	4246	1888.198163134209	1
2	4258	1897.265170297792	2
2	4282	1906.615705477515	3
2	4287	1909.69885093892	2
2	4296	1913.556028240598	3
2	4320	1925.531296341734	4
2	4334	1931.429234581948	3
2	4336	1931.968024941619	2
2	4363	1943.247371618953	3
2	4364	1943.825831806023	2
2	4367	1945.139582013759	1
2	4368	1945.29643339446	0
2	4413	1963.458373087293	1
2	4417	1964.382657544474	0
2	4477	1997.690707599792	1
2	4495	2005.97783410618	0
2	4587	2051.498427636925	1
2	4590	2056.522362978479	0
2	4615	2069.226392046999	1
2	4617	2070.429877803217	0
2	4667	2087.625095862225	1
2	4671	2090.100995126123	0
2	4714	2105.192235622779	1
2	4719	2107.240408736845	0
2	4861	2188.625066565472	1
2	4872	2194.167263358125	0
2	4893	2200.319333048465	1
2	4908	2205.993766180449	2
2	4912	2207.514573959192	1
2	4938	2221.928898397973	0
2	4975	2244.597097175313	1
2	4976	2244.78587713964	2
2	4977	2245.493667097407	3
2	4979	2246.68174633197	2
2	5014	2263.251370825424	1
2	5017	2264.620528044836	0
2	5091	2298.179614977389	1
2	5093	2299.07939089419	2
2	5119	2309.153937911986	1
2	5146	2317.056522771216	0
2	5284	2385.354165227469	1
2	5290	2390.181968781328	0
2	5345	2413.643072404101	1
2	5365	2420.908026548244	2
2	5375	2425.085937910981	3
2	5389	2429.763936402984	2
2	5394	2432.841875963437	1
2	5397	2433.485460054857	0
2	5398	2433.789299881381	1
2	5418	2438.112717984502	2
2	5427	2443.414483010997	1
2	5447	2450.258237842425	2
2	5481	2464.89482025219	3
2	5503	2472.257668352719	2
2	5508	2474.264195651656	1
2	5512	2475.74821213358	0
2	5547	2492.561898159763	1
2	5581	2503.838936908384	0
2	5729	2587.064561375556	1
2	5733	2588.578832670763	0
2	5869	2644.066461313932	1
2	5875	2646.705878191069	0
2	5879	2647.830175703492	1
2	5885	2649.827842060991	0
2	5893	2651.6579110074	1
2	5895	2652.347032168319	2
2	5928	2671.028491080515	1
2	5929	2672.025116488231	2
2	5934	2674.479507879555	1
2	5941	2676.692008258261	0
2	6057	2730.57866884405	1
2	6065	2732.264899751004	2
2	6066	2732.816904714593	3
2	6069	2733.831669381693	4
2	6072	2735.299389610997	5
2	6073	2735.575931742773	6
2	6093	2747.111812486717	5
2	6099	2756.998316391228	4
2	6133	2775.81379898521	3
2	6138	2779.426970511231	2
2	6171	2800.207177208801	1
2	6180	2803.447048790959	0
2	6181	2803.925170892373	1
2	6207	2812.399424122675	2
2	6237	2825.472102393402	1
2	6245	2829.455721859698	2
2	6250	2831.039693548034	1
2	6252	2831.687505259305	2
2	6256	2834.9596370973	1
2	6266	2838.167705611344	0
2	6472	2937.924823562829	1
2	6488	2945.175069330642	0
2	6575	2974.747980364337	1
2	6618	2990.488183554292	0
2	6722	3035.143992421062	1
2	6739	3040.305839467368	0
2	6767	3062.67149486821	1
2	6775	3066.631798027188	2
2	6778	3068.326508605549	1
2	6783	3069.773560621713	2
2	6789	3072.835239236475	1
2	6798	3077.282484012985	0
2	7092	3222.61499607525	1
2	7097	3223.683492736364	2
2	7099	3224.66172009542	3
2	7107	3237.034268754524	2
2	7112	3241.08427520018	3
2	7127	3248.750687109608	4
2	7137	3251.483205426574	5
2	7159	3259.184195035087	4
2	7174	3264.405482862313	5
2	7183	3267.949421550784	6
2	7188	3272.124080294223	5
2	7190	3273.874984853196	4
2	7212	3288.141562998506	3
2	7213	3288.309195227148	4
2	7217	3289.759198355401	5
2	7218	3290.155656967466	6
2	7224	3293.392312347276	5
2	7230	3296.185058309235	6
2	7249	3308.423486789751	7
2	7254	3314.704180557768	8
2	7259	3318.2101302422	9
2	7291	3330.99178642025	8
2	7293	3331.543212433621	7
2	7296	3332.376456462639	6
2	7306	3334.236457262466	7
2	7328	3340.49995347736	6
2	7333	3341.209600705165	7
2	7364	3358.787590536099	6
2	7365	3359.136390249858	7
2	7366	3359.157191009205	8
2	7368	3359.468558684318	9
2	7373	3360.57156205204	10
2	7376	3362.914776441364	11
2	7378	3364.526663980207	10
2	7379	3365.430783641027	11
2	7381	3366.004074024354	10
2	7405	3383.986343374065	9
2	7414	3390.914400067489	8
2	7427	3394.451321864635	7
2	7463	3418.511254605057	6
2	7469	3421.370699935897	7
2	7514	3437.351633474878	8
2	7523	3441.954262903735	7
2	7574	3461.598767139905	6
2	7575	3461.875839562765	7
2	7597	3469.02702612423	6
2	7616	3473.051491578432	5
2	7630	3475.181678930992	6
2	7650	3480.462085586661	5
2	7657	3482.637000812544	4
2	7668	3485.071469607698	3
2	7678	3489.655593958132	4
2	7681	3492.544605849731	5
2	7685	3497.576173453771	4
2	7708	3508.862901184115	3
2	7710	3509.235070799703	2
2	7728	3514.793767204957	1
2	7744	3520.017000434918	0
2	7889	3573.516989266273	1
2	7893	3574.268116164857	2
2	7898	3575.476057871894	1
2	7902	3577.972369665173	0
2	7933	3593.508396720367	1
2	7951	3598.290886464698	0
2	8044	3646.582400989889	1
2	8079	3665.980042661834	0
2	8403	3813.197549869313	1
2	8405	3815.140363470356	2
2	8421	3819.698054506654	3
2	8428	3824.76339970079	4
2	8442	3834.470861917928	5
2	8467	3841.167616860105	6
2	8475	3842.548184377672	5
2	8508	3855.894332469226	6
2	8515	3858.678936799802	7
2	8529	3864.325922394359	6
2	8551	3874.008699601404	5
2	8577	3886.029602628066	6
2	8586	3889.340842860009	5
2	8588	3889.797147483264	4
2	8594	3891.406573539662	5
2	8601	3893.357722764067	4
2	8610	3895.662923262182	5
2	8617	3898.774730922896	6
2	8624	3900.149627317433	5
2	8635	3902.837247866841	4
2	8650	3907.293533033506	3
2	8674	3918.594714652118	4
2	8688	3928.418731185545	5
2	8691	3932.697819472993	4
2	8695	3935.10527883833	3
2	8710	3943.520313971257	2
2	8729	3952.508248622116	1
2	8832	4001.348889521841	0
2	8911	4045.412991293325	1
2	8917	4047.042886807324	2
2	8936	4057.074628512216	3
2	8965	4068.265234025166	2
2	8971	4069.469507223807	3
2	8990	4077.436032749697	2
2	9006	4081.58537493333	3
2	9014	4082.988587913267	4
2	9024	4086.200131150366	3
2	9026	4086.945547238195	2
2	9037	4089.526458805276	3
2	9040	4093.305478675841	2
2	9064	4107.183574541965	1
2	9068	4107.749636388174	2
2	9070	4108.062414851746	1
2	9102	4121.153184764037	2
2	9108	4126.892211089938	3
2	9122	4131.263986358439	2
2	9127	4132.286443566497	1
2	9134	4134.822088010059	2
2	9137	4136.739385285928	1
2	9143	4140.205859417949	0
2	9167	4150.178269525464	1
2	9172	4154.004712313169	2
2	9183	4158.948001485366	1
2	9195	4164.484175609947	2
2	9196	4166.112544846951	1
2	9204	4170.610177301866	0
2	9285	4199.424600752742	1
2	9307	4205.990368949416	0
2	9328	4214.945006334023	1
2	9340	4218.016040969799	0
2	9487	4286.122130656214	1
2	9505	4299.511200541524	0
2	9676	4389.386737393888	1
2	9685	4393.830743269562	2
2	9696	4397.15111960561	3
2	9702	4398.679465790017	2
2	9704	4398.884094522906	3
2	9714	4401.411729367755	2
2	9727	4403.414982884695	1
2	9758	4418.958346882892	0
2	9785	4431.209454378072	1
2	9791	4433.418292528141	0
2	9792	4433.552745229361	1
2	9815	4446.669386677442	2
2	9842	4470.504042738084	1
2	9848	4471.624502410519	0
2	10107	4576.890378504904	1
2	10110	4580.08492374025	0
2	10149	4597.479867659326	1
2	10174	4608.227703551758	2
2	10181	4612.468840919983	1
2	10203	4623.115143814395	0
2	10259	4657.221814458474	1
2	10262	4658.336854261733	2
2	10263	4658.805525814529	3
2	10288	4666.859445458943	2
2	10303	4671.415384560926	3
2	10305	4674.008351661746	2
2	10323	4679.113906379593	1
2	10346	4685.57612014786	0
2	10392	4701.375513422418	1
2	10410	4707.855984808402	0
2	10424	4713.631492525565	1
2	10426	4714.19106106996	0
2	10440	4719.129286315076	1
2	10441	4720.197432565346	0
2	10620	4800.484767217677	1
2	10630	4807.325037711963	2
2	10651	4818.043192050629	1
2	10660	4821.555393525053	0
2	10674	4826.521597968858	1
2	10677	4829.078956572411	0
2	10691	4831.811142581806	1
2	10693	4832.511783271627	2
2	10717	4845.283174661241	3
2	10721	4845.67297781354	2
2	10731	4850.08913290301	3
2	10732	4854.003987158787	2
2	10738	4856.684158079435	1
2	10739	4857.589217237732	2
2	10752	4870.414989471821	1
2	10756	4874.725795157809	0
2	10796	4895.716095548224	1
2	10797	4895.80434607528	0
2	10833	4916.250581070069	1
2	10841	4923.098067640418	2
2	10859	4932.676668632881	1
2	10875	4935.659635734043	0
2	10977	4982.38333769985	1
2	10978	4982.384521653222	2
2	10980	4982.42819264787	1
2	10994	4987.488650766328	2
2	10995	4988.272742175263	1
2	11000	4989.70693324009	0
2	11088	5028.06453058863	1
2	11097	5031.89008899104	0
2	11174	5061.573700065199	1
2	11202	5075.439481110991	2
2	11250	5100.351177101989	1
2	11287	5117.301775015804	0
2	11326	5143.969683526717	1
2	11355	5158.607266212454	0
2	11430	5197.709506843939	1
2	11431	5198.716952536805	0
2	11450	5209.465624547733	1
2	11463	5222.035009249647	0
2	11532	5288.183201432489	1
2	11533	5290.015257981503	0
2	11569	5314.592028188001	1
2	11577	5322.518578333898	2
2	11578	5324.170390826479	1
2	11592	5329.947944437995	2
2	11600	5333.207088073467	1
2	11628	5343.714195685019	2
2	11631	5344.351657735879	3
2	11640	5346.551692712446	4
2	11671	5357.505682378511	3
2	11672	5358.463536751915	2
2	11721	5376.866283308173	3
2	11729	5379.130417914999	4
2	11730	5379.773937991224	3
2	11750	5387.350444701343	4
2	11775	5395.911338302957	5
2	11795	5408.754738205435	6
2	11798	5409.920021811712	5
2	11803	5412.651038022527	4
2	11807	5413.848443817711	3
2	11813	5415.493201464726	2
2	11816	5417.647719334648	3
2	11817	5418.077127556216	2
2	11840	5428.341417804651	1
2	11849	5432.630891817317	2
2	11865	5439.318381143663	1
2	11867	5439.478549750793	2
2	11892	5447.591282233413	3
2	11899	5451.720335147692	4
2	11902	5453.853542353326	3
2	11903	5454.368174885236	2
2	11912	5459.233279640531	1
2	11919	5461.051359327093	0
2	11929	5467.121086376253	1
2	11979	5489.19327718654	2
2	11989	5494.684979394832	3
2	11993	5497.18781316837	4
2	12004	5498.961849405909	5
2	12010	5500.430900844386	6
2	12022	5504.26256300065	7
2	12047	5519.671873063963	6
2	12048	5520.183946559985	7
2	12076	5533.944424310058	6
2	12080	5536.977829554335	5
2	12091	5538.833437771111	6
2	12099	5541.315408296429	5
2	12107	5544.604628118166	4
2	12116	5546.957023887646	3
2	12125	5548.872199951291	4
2	12129	5549.144079490617	3
2	12131	5549.165412736773	4
2	12139	5551.55292949169	3
2	12144	5552.912251474752	4
2	12146	5553.282892785252	3
2	12152	5554.882280275182	4
2	12168	5560.59861054829	3
2	12198	5575.996289017454	4
2	12201	5578.262349229069	3
2	12207	5580.076180825305	2
2	12216	5588.222625490673	3
2	12224	5591.088776370673	2
2	12225	5591.216498771742	1
2	12241	5598.626816475652	2
2	12252	5604.39948761658	1
2	12276	5618.481505653775	0
2	12283	5621.638584381334	1
2	12287	5626.346498722692	0
2	12349	5650.603486019401	1
2	12352	5651.091884680025	2
2	12377	5660.930917234605	3
2	12378	5661.103536238195	2
2	12423	5687.482542987879	1
2	12434	5697.42699563302	2
2	12442	5700.967683596691	1
2	12456	5704.997259024488	0
2	12604	5772.705265789226	1
2	12618	5781.32265232426	2
2	12647	5788.432070218418	3
2	12649	5789.309570861398	2
2	12664	5794.431236449932	1
2	12666	5794.965941504093	2
2	12692	5809.342224984035	1
2	12701	5810.882167814575	2
2	12703	5811.509782695834	1
2	12706	5812.371332915759	0
2	12708	5813.299143716056	1
2	12713	5817.36587203288	0
2	12791	5860.537603498653	1
2	12792	5860.68943254132	2
2	12796	5862.58135852558	3
2	12813	5865.24887023377	2
2	12828	5873.331870623982	1
2	12833	5874.617711376383	0
2	12834	5874.660671562777	1
2	12852	5883.616856255586	0
2	12917	5914.694002920071	1
2	12962	5940.251403655806	0
2	13048	5973.394196074776	1
2	13055	5978.093408779811	0
2	13105	6006.733730302626	1
2	13108	6008.279340728497	0
2	13109	6008.701360466522	1
2	13119	6010.544450208246	0
2	13129	6012.649790581594	1
2	13131	6012.789389832983	2
2	13132	6013.522957170026	1
2	13157	6021.075294440537	0
2	13343	6108.538653463793	1
2	13355	6114.251110273308	2
2	13374	6123.162104877361	3
2	13381	6124.607957782787	2
2	13385	6126.072085286798	3
2	13395	6129.853476717559	2
2	13413	6135.281044110212	1
2	13415	6136.138771049175	2
2	13437	6144.409256104747	3
2	13439	6145.111890393987	2
2	13443	6146.469020422678	3
2	13447	6147.43926708879	2
2	13460	6149.38191491846	1
2	13469	6150.808761075747	2
2	13471	6152.007423782438	1
2	13483	6157.439313008738	2
2	13485	6158.572974732364	1
2	13507	6169.114869096566	2
2	13547	6186.213107244147	3
2	13591	6203.526185986172	2
2	13592	6203.834241517573	1
2	13594	6204.251594383523	0
2	13734	6267.404158449762	1
2	13756	6278.115039218536	2
2	13788	6288.117163909455	1
2	13803	6294.933543750389	0
2	13894	6327.703012853518	1
2	13904	6334.030141824689	2
2	13905	6334.230547165031	1
2	13943	6345.849166051989	0
2	13952	6350.543797459965	1
2	13984	6361.843116108165	2
2	13990	6364.18280828904	3
2	14009	6373.785508105184	2
2	14015	6375.379607857769	3
2	14024	6381.036354582818	4
2	14025	6382.306523645917	3
2	14032	6386.861576675518	4
2	14047	6393.460918392692	3
2	14091	6411.141075695102	2
2	14122	6420.93514375057	3
2	14134	6423.802051924916	4
2	14138	6425.432928948645	3
2	14149	6431.834961958631	4
2	14174	6445.643214594858	5
2	14211	6461.14226552184	6
2	14216	6463.604997875653	5
2	14217	6463.878625587053	4
2	14239	6471.744028224167	5
2	14244	6476.455248431112	4
2	14252	6479.393075501032	5
2	14256	6481.656270482378	6
2	14258	6482.625200822955	5
2	14268	6486.173379854781	4
2	14273	6488.292763692075	5
2	14291	6499.552451299759	4
2	14296	6500.936235984851	5
2	14310	6509.542303246207	6
2	14320	6513.593909808567	5
2	14323	6514.431211844362	4
2	14367	6535.966780995893	3
2	14375	6538.92354074277	4
2	14387	6542.245305513208	5
2	14391	6543.166987143387	6
2	14397	6544.504733145931	7
2	14445	6575.121454764806	8
2	14498	6605.31406037966	7
2	14517	6610.74507879263	8
2	14519	6611.345626977028	7
2	14556	6629.094688955912	6
2	14557	6629.278219444958	7
2	14612	6653.881518204715	8
2	14618	6656.040330491582	9
2	14628	6666.108347784024	8
2	14651	6684.147310017941	7
2	14652	6684.270636430578	6
2	14660	6688.180567631995	7
2	14668	6693.61080719644	6
2	14672	6695.16456512567	5
2	14684	6699.787847050424	6
2	14690	6700.772067234792	5
2	14701	6704.112066066964	4
2	14734	6716.270341043426	5
2	14738	6718.015929201153	6
2	14746	6720.310923330829	5
2	14776	6730.894583447154	6
2	14782	6732.477636873572	5
2	14797	6738.565948363501	6
2	14808	6742.637503746978	7
2	14819	6748.411055996646	6
2	14826	6751.116597163682	5
2	14828	6751.832905485035	4
2	14834	6756.570995759655	5
2	14860	6767.038488039435	4
2	14866	6769.054595711843	3
2	14889	6780.268694268622	4
2	14905	6788.514605727883	3
2	14927	6798.387627984237	2
2	14932	6801.87259734024	1
2	14936	6805.346271288067	2
2	14977	6819.835348388996	1
2	14979	6820.136426387107	2
2	14986	6821.584469612932	1
2	14994	6825.618919580851	0
2	15007	6832.588682907646	1
2	15028	6849.650201101142	0
2	15127	6896.053256737334	1
2	15130	6896.397355388824	2
2	15133	6899.527138031147	1
2	15146	6902.874349320427	2
2	15156	6904.566911097988	1
2	15166	6907.726749296432	2
2	15174	6910.317430810588	1
2	15176	6910.719535765029	0
2	15243	6935.36160684661	1
2	15244	6935.483355694303	2
2	15249	6939.230791411445	1
2	15253	6944.045425769311	0
2	15475	7034.650358052391	1
2	15537	7060.662672960161	2
2	15545	7065.079613848058	3
2	15552	7068.032119678117	2
2	15559	7069.41662077007	3
2	15562	7070.960821633935	2
2	15569	7076.143549460895	1
2	15571	7077.176404589636	0
2	15683	7123.638014627622	1
2	15715	7138.101306926189	2
2	15725	7142.497262785202	1
2	15736	7144.983988912193	0
2	15851	7189.87582671731	1
2	15876	7198.517960436783	0
2	15984	7249.962197368221	1
2	15998	7255.522939362977	2
2	16004	7259.198174190219	3
2	16025	7269.32565463142	4
2	16026	7269.702691419696	5
2	16031	7272.16773766708	6
2	16048	7281.480633003615	5
2	16060	7285.778780924715	6
2	16063	7287.314743288662	5
2	16069	7289.011081171261	4
2	16079	7291.849778881257	5
2	16080	7292.424304836637	6
2	16109	7307.871081032014	5
2	16131	7318.688609584115	4
2	16156	7332.633357152612	3
2	16159	7333.797026436588	2
2	16160	7334.075437272198	1
2	16195	7345.871643676874	2
2	16202	7347.43753819224	1
2	16206	7348.238430147239	2
2	16224	7355.435480793561	3
2	16269	7375.545122971953	4
2	16273	7378.073848908038	5
2	16295	7391.613731781792	4
2	16306	7394.659812784835	5
2	16331	7404.613498320759	6
2	16332	7404.782332094662	5
2	16356	7413.862908318599	4
2	16401	7433.870582198109	5
2	16437	7455.894675658341	6
2	16459	7462.479596981292	7
2	16460	7462.855659479751	6
2	16477	7469.656150338977	7
2	16498	7478.573149401841	6
2	16503	7481.08195356446	5
2	16507	7481.710893900386	4
2	16515	7482.950359463703	5
2	16517	7483.151797250072	4
2	16518	7483.502154531498	3
2	16538	7495.407525122124	2
2	16552	7501.180523631778	1
2	16556	7502.88309281228	2
2	16560	7504.096523946367	3
2	16594	7515.891380277875	2
2	16634	7532.292966236062	1
2	16649	7536.905180935677	2
2	16659	7539.825572112216	1
2	16667	7542.77718579509	0
2	16683	7554.889982117189	1
2	16704	7563.575041633096	0
2	16847	7631.775066956509	1
2	16854	7633.271237484478	2
2	16896	7666.332679837953	1
2	16911	7676.710514552457	0
2	17055	7728.915514226343	1
2	17071	7732.730398334946	2
2	17082	7736.907382462671	3
2	17086	7739.203932109521	2
2	17095	7742.866350009698	1
2	17118	7752.878131697397	2
2	17121	7753.753329046616	3
2	17125	7754.979658687299	2
2	17135	7759.534621678143	1
2	17140	7760.038884091324	2
2	17146	7761.027823715327	1
2	17163	7770.695109913459	0
2	17178	7774.135827113102	1
2	17179	7774.419608374329	2
2	17183	7777.806111563723	1
2	17186	7778.801699520683	2
2	17191	7780.568984963186	1
2	17195	7782.377566702021	0
2	17319	7833.286726524406	1
2	17329	7836.828389496066	0
2	17358	7852.280853631637	1
2	17390	7866.203645428864	0
2	17425	7877.977085832367	1
2	17430	7884.077632997094	2
2	17437	7888.283864305695	1
2	17459	7901.080956507141	0
2	17583	7944.648324441565	1
2	17586	7945.591089897949	2
2	17600	7952.316559136366	3
2	17602	7952.962180384907	2
2	17607	7954.554601546654	1
2	17615	7957.446620065423	0
2	17644	7965.26391094528	1
2	17649	7966.862749600627	0
2	17651	7967.824676345917	1
2	17656	7969.746940649631	0
2	17676	7977.511599674924	1
2	17682	7980.144528371695	0
2	17995	8095.261305702974	1
2	17999	8096.80133042362	2
2	18032	8112.045474384271	3
2	18068	8134.305116369913	2
2	18106	8155.088392781132	1
2	18107	8155.954541187548	0
2	18127	8161.853908969698	1
2	18128	8162.232426598238	2
2	18132	8164.032541613327	1
2	18138	8165.737355913752	0
2	18222	8202.810629215622	1
2	18226	8204.142746736362	2
2	18240	8211.3332889001	3
2	18252	8218.358642124377	4
2	18258	8220.288863008911	5
2	18277	8228.539207916722	6
2	18298	8242.235840655019	7
2	18301	8243.944558788977	6
2	18306	8245.511339137209	5
2	18322	8250.422373360969	6
2	18326	8250.933133359953	5
2	18348	8256.829114184022	4
2	18357	8259.15949956653	5
2	18365	8261.470280082551	6
2	18379	8273.485474134723	5
2	18384	8274.629427498673	4
2	18388	8277.032120403423	3
2	18412	8285.757689456123	4
2	18413	8286.120591846632	3
2	18449	8297.783399794072	2
2	18460	8301.301304183387	1
2	18466	8304.206602114192	2
2	18467	8304.389513407173	3
2	18480	8311.368275328503	2
2	18489	8315.117919339595	1
2	18513	8320.23192884578	0
2	18878	8457.797178962779	1
2	18902	8470.476890480143	0
2	18955	8488.623430083261	1
2	18967	8493.74729497099	0
2	19022	8516.660290709973	1
2	19028	8518.639168825594	0
2	19234	8602.004338529287	1
2	19271	8623.285269660771	0
2	19286	8627.720284349097	1
2	19308	8635.863205665864	2
2	19341	8644.537044487754	3
2	19350	8647.072678038825	2
2	19364	8652.883040036059	3
2	19365	8654.261847736053	2
2	19426	8689.690715346503	3
2	19440	8699.143453842579	4
2	19444	8700.34161872629	3
2	19461	8706.338935276645	2
2	19499	8720.96936111832	1
2	19519	8723.905754213368	2
2	19531	8728.941668476897	1
2	19552	8738.425259319517	0
2	19678	8793.38579828404	1
2	19744	8818.214895776069	2
2	19749	8823.016076803611	1
2	19756	8824.736062583654	0
2	19788	8834.983427433181	1
2	19807	8840.654893089551	0
2	19871	8877.610132867367	1
2	19887	8889.09559804266	2
2	19906	8895.032978413488	1
2	19917	8900.327017497443	2
2	19924	8904.612363023315	3
2	19926	8907.047043596145	4
2	19932	8909.989556019214	3
2	19944	8914.656585147611	4
2	19953	8920.278918207427	3
2	19978	8933.627891044056	4
2	19979	8935.291425928893	3
2	19993	8941.61380257912	2
2	20026	8949.914597184646	1
2	20029	8951.603879623494	2
2	20041	8955.824756743028	1
2	20050	8961.176389664257	0
2	20058	8963.464994923945	1
2	20060	8963.632816494323	0
2	20414	9102.184837045808	1
2	20431	9111.499315136241	0
2	20499	9141.229548829733	1
2	20515	9147.60796954101	2
2	20549	9164.617485747452	1
2	20558	9168.253583005499	0
2	20559	9168.532003028757	1
2	20565	9171.994091725486	0
2	20615	9194.274866368772	1
2	20619	9198.683007404412	2
2	20620	9199.410039726686	1
2	20652	9213.671154723278	2
2	20668	9220.671205483117	1
2	20672	9221.484514603642	2
2	20675	9222.147571717121	3
2	20676	9222.42789763294	2
2	20679	9223.747819846019	1
2	20681	9224.170635293778	0
2	20876	9306.172181791004	1
2	20881	9311.169716914252	0
2	20906	9320.563154502071	1
2	20907	9324.587140147223	0
2	20914	9327.030047281489	1
2	20935	9338.93303626958	2
2	20950	9343.400469617927	1
2	20956	9345.324981919339	0
2	20983	9358.416701151965	1
2	20992	9362.296970611017	0
2	21139	9439.829613396366	1
2	21182	9452.619590783099	2
2	21187	9454.837588203728	3
2	21189	9455.708852361995	2
2	21195	9457.454396647176	1
2	21200	9462.026458108582	2
2	21202	9462.536531811911	1
2	21203	9463.385388149723	2
2	21207	9466.104833863936	1
2	21213	9467.554353864312	0
2	21471	9577.463872977836	1
2	21489	9586.171763570027	2
2	21499	9588.921104070026	3
2	21511	9591.4999464059	2
2	21529	9598.904337481129	1
2	21535	9600.006100574966	2
2	21540	9606.966001646717	1
2	21562	9614.472010778388	0
2	21574	9617.374727917307	1
2	21576	9617.658926685657	0
2	21608	9626.935741079852	1
2	21643	9639.845358204514	0
2	21735	9678.042550807424	1
2	21757	9688.687504253467	2
2	21767	9695.275094910472	1
2	21781	9700.870800922904	0
2	21808	9711.809211566939	1
2	21813	9713.000076146827	0
2	21821	9715.019701967236	1
2	21839	9723.827054035394	0
2	21879	9739.292933666516	1
2	21881	9740.391557818556	0
2	22221	9857.158133779518	1
2	22246	9870.068048831056	0
2	22250	9871.171762419805	1
2	22259	9874.001962698467	0
2	22264	9876.287372074541	1
2	22286	9882.894381648115	0
2	22302	9887.82344170002	1
2	22323	9897.053131662959	0
2	22324	9897.408268893032	1
2	22333	9900.029595684409	2
2	22372	9917.006914442961	1
2	22375	9917.731584783599	0
2	22400	9926.498843093311	1
2	22426	9933.834146451095	0
3	0	0	1
3	0	0	2
3	0	0	1
3	6	1.957295570234	2
3	10	2.677829947489	1
3	29	8.66181889777	0
3	161	70.512795311064	1
3	162	70.809230943668	0
3	353	169.693110884137	1
3	356	173.057502226998	2
3	361	176.394159741298	1
3	385	181.216951815229	2
3	389	182.504686925512	3
3	391	184.02455537508	4
3	392	185.992094358375	3
3	397	187.722498288927	4
3	411	199.919436478287	3
3	425	207.458419550295	4
3	428	209.205533477772	3
3	432	210.765135606696	2
3	466	231.018223967934	3
3	535	256.716549145459	4
3	548	261.887526034554	3
3	565	267.640517186971	4
3	585	272.6200576047	3
3	599	276.351770095512	4
3	614	282.647845993223	5
3	626	289.749156175213	4
3	627	290.679444120503	3
3	650	295.110700185814	4
3	653	295.490578758444	3
3	662	298.521618815416	4
3	670	299.963875023032	3
3	677	303.666510480755	2
3	684	305.78921567008	1
3	687	307.005827352803	0
3	774	344.05015425256	1
3	784	348.31054666113	2
3	789	349.319998708343	3
3	814	359.922512726434	2
3	835	367.132963005805	1
3	838	367.893283598602	0
3	861	374.004941728155	1
3	905	389.667939382745	0
3	956	414.858209796327	1
3	990	431.975270392115	0
3	1067	461.539016331723	1
3	1068	462.055561031126	0
3	1171	510.707740533683	1
3	1172	511.365256853282	0
3	1386	639.498047416534	1
3	1391	642.363134414976	0
3	1402	647.020994269845	1
3	1403	647.207297644746	0
3	1467	674.697475548029	1
3	1474	677.146826411101	2
3	1479	679.693724177962	3
3	1488	684.947946457455	4
3	1490	685.27048254578	3
3	1492	686.058831093935	4
3	1498	688.810454822334	3
3	1528	698.666668586009	2
3	1538	701.351123164674	1
3	1564	711.820764443907	2
3	1581	720.761902116041	3
3	1593	727.378042548612	4
3	1595	728.166912358906	3
3	1638	746.881041469717	4
3	1640	747.299888434919	3
3	1646	748.875392038764	2
3	1708	780.740620328406	1
3	1743	799.642634519161	0
3	1783	816.989828118822	1
3	1801	821.442006596014	0
3	1822	830.492317775544	1
3	1831	833.13268405947	0
3	1912	882.947232361172	1
3	1915	884.742467476857	2
3	1919	889.79777996157	1
3	1928	894.403034270483	2
3	1938	900.039678340357	1
3	1942	901.642845916981	2
3	1975	909.890371113867	1
3	1998	918.33519026909	0
3	2011	922.901824422116	1
3	2015	923.545343224788	0
3	2021	925.263090260349	1
3	2036	929.319461818007	2
3	2045	931.433508675755	3
3	2048	933.00674136739	4
3	2050	933.253109613638	3
3	2058	935.963369057435	4
3	2061	938.047986669744	5
3	2062	938.068418148873	4
3	2071	942.058035691797	3
3	2166	996.941104157707	2
3	2177	1000.141358138743	1
3	2205	1011.942318676202	0
3	2209	1013.355852494712	1
3	2213	1015.404376016822	0
3	2235	1023.790726078346	1
3	2255	1035.62849343092	0
3	2287	1045.686386367765	1
3	2328	1063.038032777481	0
3	2329	1063.55255476597	1
3	2357	1072.420105656435	0
3	2456	1099.85840702623	1
3	2480	1110.033092132788	0
3	2570	1143.698055094619	1
3	2575	1146.158114380614	0
3	2599	1154.827932664241	1
3	2636	1180.032103166211	2
3	2637	1180.130293086152	3
3	2646	1184.494071238054	4
3	2647	1185.077640835391	3
3	2656	1187.625654268177	2
3	2667	1195.28509793174	3
3	2675	1197.95845638121	4
3	2698	1203.764420210053	3
3	2703	1204.263052405238	2
3	2712	1205.98530319566	1
3	2716	1212.509289638758	0
3	3010	1356.313046742965	1
3	3040	1382.335672925019	0
3	3145	1432.258671224878	1
3	3171	1444.125497813267	2
3	3182	1451.063619583601	1
3	3198	1458.18093354883	0
3	3204	1459.901094984658	1
3	3221	1466.3686510697	0
3	3361	1540.522666689506	1
3	3378	1544.445715168958	0
3	3387	1551.144758163869	1
3	3394	1558.293887891595	0
3	3430	1572.432409476202	1
3	3445	1581.994783958382	0
3	3457	1588.877994038293	1
3	3463	1593.829558020471	0
3	3588	1638.708081313355	1
3	3594	1640.77207769289	0
3	3616	1652.640565603032	1
3	3628	1656.608103550016	2
3	3635	1660.262032190561	3
3	3638	1660.979325084071	4
3	3649	1664.945918780196	3
3	3652	1666.159860951869	2
3	3666	1669.389401962886	1
3	3673	1672.431584209477	2
3	3681	1676.808729111681	1
3	3698	1686.328373922753	0
3	3843	1736.194121136125	1
3	3892	1759.667139428651	2
3	3894	1760.464529379289	1
3	3897	1761.297923687958	0
3	3919	1769.799810241257	1
3	3938	1776.058075007728	0
3	3966	1782.853410741792	1
3	3977	1789.175830766765	0
3	4019	1797.235577573234	1
3	4036	1801.797149480335	0
3	4050	1808.355432694277	1
3	4091	1829.220687202335	0
3	4125	1842.928870041239	1
3	4148	1850.191906362874	2
3	4171	1855.760474366759	3
3	4190	1864.844884133139	4
3	4239	1885.66336865834	5
3	4248	1888.378055244394	4
3	4262	1898.191466726854	3
3	4290	1910.69885093892	4
3	4292	1912.01592363276	3
3	4299	1915.849091563105	2
3	4315	1921.825284053002	1
3	4338	1932.429234581948	2
3	4340	1932.968024941619	3
3	4341	1933.876740937716	2
3	4350	1938.906675800596	1
3	4352	1939.279338214851	0
3	4366	1944.825831806023	1
3	4371	1946.139582013759	2
3	4372	1946.29643339446	3
3	4373	1946.382522121528	2
3	4395	1958.305326156648	1
3	4419	1965.382657544474	2
3	4433	1971.769322311725	1
3	4438	1975.139929563889	2
3	4439	1978.765954444932	1
3	4444	1983.074616645553	0
3	4461	1990.014833789525	1
3	4464	1993.131259849893	0
3	4500	2011.151891772164	1
3	4522	2022.451415063137	2
3	4531	2032.202883661223	1
3	4557	2040.361274224464	0
3	4620	2071.429877803217	1
3	4624	2072.587923404259	2
3	4651	2081.807888850526	1
3	4657	2083.816216849661	0
3	4672	2091.100995126123	1
3	4692	2098.244768819097	2
3	4718	2106.903815529539	1
3	4723	2108.240408736845	2
3	4751	2125.50535534221	1
3	4766	2134.739619777859	2
3	4800	2148.758072424704	3
3	4808	2154.358201847806	2
3	4841	2178.265841610236	3
3	4851	2181.950026960347	2
3	4856	2186.540169378087	1
3	4868	2191.18070924577	0
3	4875	2195.167263358125	1
3	4906	2205.485910240021	0
3	4915	2208.514573959192	1
3	4917	2208.782388631341	0
3	5018	2265.620528044836	1
3	5025	2268.803146319792	2
3	5046	2277.115771984641	3
3	5058	2281.582844671889	4
3	5081	2293.260061894434	3
3	5089	2298.090467071466	2
3	5092	2299.054159723611	1
3	5099	2301.931137287185	0
3	5150	2318.056522771216	1
3	5183	2330.320141896344	2
3	5186	2332.874140014172	1
3	5191	2337.298797880201	0
3	5241	2367.008992370062	1
3	5253	2372.000421909079	0
3	5399	2433.841875963437	1
3	5404	2434.485460054857	2
3	5431	2444.414483010997	3
3	5448	2450.308240165585	2
3	5454	2452.971813314121	1
3	5457	2454.110556982796	0
3	5509	2475.264195651656	1
3	5511	2475.728287557936	0
3	5517	2476.74821213358	1
3	5583	2504.838936908384	2
3	5589	2511.967133107135	3
3	5593	2513.013275824998	2
3	5603	2515.97294393487	1
3	5624	2528.243628948015	0
3	5754	2597.238154305311	1
3	5763	2604.244326908014	2
3	5768	2605.813876046737	1
3	5792	2616.639106321385	0
3	5794	2616.807757841637	1
3	5795	2617.168406655371	0
3	5889	2650.827842060991	1
3	5907	2658.19566844562	0
3	5936	2675.479507879555	1
3	5944	2677.29453929619	0
3	5946	2677.692008258261	1
3	5953	2679.218305846227	2
3	5973	2687.499266923499	1
3	6003	2700.645363883487	0
3	6101	2757.998316391228	1
3	6118	2765.42839870552	0
3	6139	2780.426970511231	1
3	6174	2801.207177208801	2
3	6186	2804.447048790959	3
3	6189	2805.671262398727	2
3	6196	2808.15259131735	1
3	6206	2812.073618713954	0
3	6239	2826.472102393402	1
3	6243	2828.703691870433	0
3	6268	2839.167705611344	1
3	6276	2841.472370134274	2
3	6292	2854.948399382887	1
3	6314	2863.353958538363	0
3	6624	2991.965523699638	1
3	6655	3009.297886850948	0
3	6791	3073.835239236475	1
3	6795	3075.610334915032	0
3	6799	3078.282484012985	1
3	6817	3085.9620582226	2
3	6847	3107.828979907241	1
3	6849	3109.753678692899	0
3	6974	3167.110376902539	1
3	6976	3167.967436272317	0
3	7162	3260.184195035087	1
3	7178	3266.567081592952	0
3	7189	3273.124080294223	1
3	7191	3274.874984853196	2
3	7193	3276.289067700086	1
3	7206	3285.534193945986	0
3	7226	3294.392312347276	1
3	7283	3328.579716188012	0
3	7294	3331.99178642025	1
3	7297	3332.543212433621	2
3	7302	3333.376456462639	3
3	7316	3337.646765345485	2
3	7334	3341.49995347736	3
3	7355	3354.67646889577	2
3	7371	3359.787590536099	3
3	7380	3365.526663980207	4
3	7382	3367.004074024354	5
3	7390	3372.769814675576	4
3	7408	3384.986343374065	5
3	7418	3391.914400067489	6
3	7429	3395.451321864635	7
3	7436	3398.880761464571	6
3	7444	3409.774644628079	5
3	7452	3413.813655164123	4
3	7455	3415.087599203192	3
3	7460	3416.947376926172	2
3	7466	3419.511254605057	3
3	7503	3435.000663535676	2
3	7510	3436.317842566333	1
3	7524	3442.954262903735	2
3	7530	3445.693446963516	1
3	7542	3451.271497941873	0
3	7577	3462.598767139905	1
3	7592	3467.595382505572	0
3	7602	3470.02702612423	1
3	7605	3470.798018584188	0
3	7671	3486.071469607698	1
3	7674	3487.229055697595	0
3	7687	3498.576173453771	1
3	7713	3509.862901184115	2
3	7716	3510.235070799703	3
3	7734	3515.793767204957	4
3	7748	3521.017000434918	5
3	7755	3523.036505205946	6
3	7765	3526.495163635878	5
3	7770	3529.958541920977	4
3	7781	3532.608008603123	3
3	7798	3535.711465007903	4
3	7817	3539.964201532876	5
3	7899	3576.476057871894	6
3	7906	3578.972369665173	7
3	7917	3585.820891242386	8
3	7918	3585.978966521638	7
3	7955	3599.290886464698	8
3	7959	3600.463399102077	9
3	7992	3624.175826906138	8
3	8021	3634.630307473113	9
3	8029	3639.450497914946	8
3	8078	3665.753614420045	7
3	8085	3666.980042661834	8
3	8086	3667.095000626242	9
3	8097	3676.460137520543	8
3	8117	3689.354752162216	7
3	8121	3693.496443221437	6
3	8134	3700.042900864792	7
3	8166	3710.179382373119	6
3	8173	3711.668930257191	5
3	8184	3714.469992745367	4
3	8188	3715.86344592867	3
3	8196	3717.828799220798	4
3	8203	3721.951295108254	3
3	8212	3725.178727604783	2
3	8257	3746.64708516555	3
3	8265	3751.898796640752	2
3	8270	3754.151360348842	1
3	8275	3758.881362814397	0
3	8531	3865.325922394359	1
3	8537	3866.964075259122	0
3	8593	3890.797147483264	1
3	8605	3894.357722764067	2
3	8627	3901.149627317433	3
3	8637	3903.381986890474	2
3	8640	3903.837247866841	3
3	8653	3908.293533033506	4
3	8673	3918.164593952195	3
3	8681	3925.461118434373	2
3	8692	3933.697819472993	3
3	8697	3936.10527883833	4
3	8700	3937.778760614987	3
3	8712	3944.520313971257	4
3	8724	3950.843026440862	3
3	8731	3953.508248622116	4
3	8795	3986.238798501772	3
3	8797	3986.987042840415	2
3	8807	3991.778367553346	1
3	8808	3992.021975109339	0
3	8996	4078.436032749697	1
3	9028	4087.200131150366	2
3	9030	4087.602957126831	1
3	9031	4087.945547238195	2
3	9041	4094.305478675841	3
3	9056	4104.716031358722	2
3	9071	4108.183574541965	3
3	9075	4109.062414851746	4
3	9079	4110.750228259998	3
3	9125	4132.263986358439	4
3	9129	4133.286443566497	5
3	9136	4136.161060900536	4
3	9140	4137.739385285928	5
3	9147	4141.205859417949	6
3	9173	4155.060241641118	5
3	9178	4157.240386860196	4
3	9187	4159.948001485366	5
3	9192	4162.646966145889	4
3	9197	4167.112544846951	5
3	9198	4168.275071055277	4
3	9208	4171.610177301866	5
3	9209	4171.899793511126	6
3	9251	4185.6837897666	5
3	9256	4188.549855837535	6
3	9258	4191.327094064346	5
3	9310	4206.801475606322	4
3	9311	4206.990368949416	5
3	9341	4219.016040969799	6
3	9343	4219.43868555865	5
3	9363	4226.272024748602	6
3	9377	4234.281135135949	7
3	9378	4235.229664887364	6
3	9382	4242.983023787477	5
3	9403	4254.691283780041	4
3	9463	4276.539694746626	3
3	9470	4278.473228082997	4
3	9498	4294.832654018588	3
3	9509	4300.511200541524	4
3	9514	4302.753853789925	3
3	9520	4305.059723870731	4
3	9529	4310.951489777652	3
3	9545	4315.29224938634	2
3	9572	4331.575483981015	1
3	9594	4342.233408579796	0
3	9607	4346.127687341037	1
3	9625	4354.057044389937	2
3	9653	4370.910399220538	3
3	9658	4373.156029931161	2
3	9707	4399.679465790017	3
3	9721	4402.411729367755	4
3	9731	4404.414982884695	5
3	9741	4411.785201349936	4
3	9761	4419.958346882892	5
3	9763	4420.435352795062	6
3	9795	4434.418292528141	7
3	9810	4443.909538757028	6
3	9817	4451.650777302218	5
3	9846	4471.504042738084	6
3	9852	4472.624502410519	7
3	9899	4490.040907651901	8
3	9931	4506.044672658767	7
3	9957	4516.313853223859	6
3	9962	4516.781804477921	5
3	9970	4518.163979426028	4
3	9991	4523.587409656485	3
3	9998	4528.536423093331	2
3	10035	4541.859216962426	3
3	10063	4556.096597348841	4
3	10093	4571.810524685754	3
3	10113	4581.08492374025	4
3	10122	4588.652760673391	5
3	10153	4598.622112110074	4
3	10164	4601.966804021253	3
3	10178	4609.069298940449	2
3	10182	4613.468840919983	3
3	10184	4614.390790626532	2
3	10191	4615.858022948204	1
3	10202	4622.940721467198	0
3	10206	4624.115143814395	1
3	10214	4629.929277196001	2
3	10253	4654.261187439665	1
3	10281	4665.357055274614	0
3	10291	4667.859445458943	1
3	10292	4667.929100671918	0
3	10309	4675.008351661746	1
3	10324	4679.545567887691	0
3	10325	4680.113906379593	1
3	10349	4686.57612014786	2
3	10355	4687.753323466595	1
3	10358	4688.209716504941	0
3	10427	4715.19106106996	1
3	10442	4721.197432565346	2
3	10471	4735.000712498504	3
3	10480	4737.329147241365	2
3	10504	4751.519149753606	3
3	10522	4757.631667355554	2
3	10532	4759.984342237672	1
3	10548	4766.038529877411	0
3	10555	4768.209132336657	1
3	10601	4792.266956808488	0
3	10662	4822.555393525053	1
3	10682	4830.078956572411	2
3	10694	4833.148413872004	1
3	10725	4846.67297781354	2
3	10734	4855.003987158787	3
3	10740	4857.684158079435	4
3	10753	4871.414989471821	5
3	10760	4875.725795157809	6
3	10761	4876.568488826374	7
3	10771	4882.699463866607	6
3	10775	4884.911653190068	5
3	10798	4896.80434607528	6
3	10799	4897.589934038883	5
3	10807	4899.419703305094	6
3	10845	4925.512597695499	5
3	10850	4929.177220169355	4
3	10864	4933.676668632881	5
3	10879	4936.659635734043	6
3	10881	4941.884682645485	5
3	10895	4947.399767771323	6
3	10901	4950.301880417308	5
3	10904	4950.933687607136	4
3	10942	4968.60819958166	3
3	10959	4978.689702008513	2
3	10967	4980.245504424232	1
3	10985	4983.42819264787	2
3	10986	4984.009137049157	1
3	10998	4989.272742175263	2
3	11003	4990.40130151245	1
3	11004	4990.70693324009	2
3	11005	4990.853877303615	3
3	11024	4999.702508395914	2
3	11056	5012.920087359943	1
3	11078	5021.362645163733	0
3	11108	5034.474027877084	1
3	11120	5041.081406229526	0
3	11362	5162.048754462802	1
3	11382	5175.223718622474	0
3	11423	5188.150021072105	1
3	11432	5199.033183401336	0
3	11433	5199.716952536805	1
3	11465	5223.035009249647	2
3	11472	5233.16241492906	3
3	11514	5275.292289582778	2
3	11516	5278.993333114006	1
3	11519	5279.571428569903	0
3	11535	5291.015257981503	1
3	11537	5292.992977407974	0
3	11545	5296.136536909741	1
3	11559	5309.577076301581	2
3	11560	5312.177180627051	1
3	11581	5325.170390826479	2
3	11605	5334.207088073467	3
3	11620	5341.355300790758	2
3	11621	5341.895773027609	1
3	11627	5343.384835853337	0
3	11674	5359.463536751915	1
3	11686	5365.030242627079	0
3	11806	5413.651038022527	1
3	11810	5414.848443817711	2
3	11814	5416.493201464726	3
3	11818	5419.077127556216	4
3	11819	5419.623262817412	3
3	11820	5419.712879228642	2
3	11828	5421.965119783637	1
3	11842	5429.341417804651	2
3	11843	5430.480425503201	1
3	11870	5440.318381143663	2
3	11895	5448.299657464741	1
3	11905	5454.853542353326	2
3	11907	5455.368174885236	3
3	11916	5460.233279640531	4
3	11921	5462.051359327093	5
3	11966	5483.8100341253	4
3	11991	5496.28630274478	3
3	12012	5501.928524244147	2
3	12023	5504.305463156363	1
3	12036	5511.685506414168	0
3	12085	5537.977829554335	1
3	12103	5542.315408296429	2
3	12111	5545.604628118166	3
3	12121	5547.957023887646	4
3	12128	5549.081147941583	3
3	12130	5549.150553916959	2
3	12136	5550.144079490617	3
3	12142	5552.55292949169	4
3	12143	5552.772538085296	3
3	12150	5554.282892785252	4
3	12163	5559.103552213718	3
3	12170	5561.59861054829	4
3	12185	5570.942377140504	3
3	12186	5571.781962626001	2
3	12189	5572.647537758471	1
3	12193	5574.361671583592	0
3	12204	5579.262349229069	1
3	12208	5581.076180825305	2
3	12217	5588.412151115833	1
3	12228	5592.088776370673	2
3	12229	5592.216498771742	3
3	12244	5601.539158295581	2
3	12253	5605.39948761658	3
3	12254	5606.269282473661	2
3	12263	5612.686757154571	1
3	12278	5619.481505653775	2
3	12292	5627.346498722692	3
3	12296	5628.700415778309	2
3	12310	5631.774770613722	1
3	12327	5640.081804074446	2
3	12368	5656.624417137496	1
3	12380	5662.103536238195	2
3	12382	5665.298826798719	1
3	12394	5669.320606309059	0
3	12424	5688.482542987879	1
3	12446	5701.967683596691	2
3	12451	5703.946087482879	1
3	12458	5705.997259024488	2
3	12463	5709.110730918465	3
3	12481	5718.745328734525	4
3	12498	5726.305938805425	3
3	12503	5728.809620117931	2
3	12509	5731.304152270069	1
3	12511	5731.764023527101	0
3	12707	5812.509782695834	1
3	12710	5813.371332915759	2
3	12714	5818.36587203288	3
3	12718	5821.030846575103	4
3	12739	5835.053629680761	3
3	12750	5840.368324318743	4
3	12798	5862.73255843691	3
3	12814	5865.764244052229	2
3	12816	5866.24887023377	3
3	12823	5872.176998572718	2
3	12832	5874.331870623982	3
3	12837	5875.617711376383	4
3	12844	5878.253968530287	3
3	12855	5884.616856255586	4
3	12857	5887.679124173205	5
3	12896	5908.082496517338	4
3	12925	5919.39893286242	3
3	12927	5921.436448981364	2
3	12935	5926.922842050729	1
3	12942	5929.668513561817	0
3	12977	5947.885835863098	1
3	13006	5958.487680712329	0
3	13024	5964.411887384187	1
3	13027	5965.611134199639	0
3	13125	6011.544450208246	1
3	13134	6014.522957170026	2
3	13160	6022.075294440537	3
3	13164	6022.964008983291	2
3	13171	6026.259542086128	3
3	13177	6035.184371671006	2
3	13211	6048.99826147007	3
3	13213	6049.776047877551	2
3	13222	6052.745153128727	1
3	13236	6057.31380135958	0
3	13294	6085.796562312114	1
3	13325	6102.496209227225	0
3	13441	6146.111890393987	1
3	13454	6148.43926708879	2
3	13466	6150.38191491846	3
3	13473	6153.007423782438	4
3	13487	6159.572974732364	5
3	13494	6162.049186051666	4
3	13562	6192.301086232735	3
3	13565	6194.14479815005	2
3	13586	6202.368760451464	1
3	13598	6204.526185986172	2
3	13599	6204.834241517573	3
3	13601	6205.251594383523	4
3	13610	6211.65711742722	3
3	13624	6221.400199442929	2
3	13636	6228.046698459913	1
3	13656	6233.293452208061	2
3	13673	6238.87747163486	1
3	13689	6245.978656545305	0
3	13707	6253.062452957607	1
3	13721	6260.943226364673	2
3	13739	6269.480629110367	1
3	13748	6275.017604968572	0
3	13805	6295.933543750389	1
3	13810	6297.28446436362	2
3	13816	6302.705559983456	1
3	13840	6311.279634584925	0
3	14027	6383.306523645917	1
3	14029	6385.292880717845	0
3	14096	6412.141075695102	1
3	14099	6412.855081470239	0
3	14221	6464.878625587053	1
3	14234	6468.898648634687	0
3	14246	6477.455248431112	1
3	14247	6477.511343616188	0
3	14260	6483.625200822955	1
3	14270	6487.173379854781	2
3	14290	6499.412578575052	1
3	14295	6500.552451299759	2
3	14315	6511.437161855817	1
3	14324	6514.593909808567	2
3	14327	6515.431211844362	3
3	14331	6518.791144311113	2
3	14350	6529.878359816403	1
3	14356	6531.466481351007	0
3	14370	6536.966780995893	1
3	14378	6540.254485879101	0
3	14655	6685.270636430578	1
3	14659	6687.292533974601	0
3	14703	6705.112066066964	1
3	14716	6708.894105294669	0
3	14749	6721.310923330829	1
3	14786	6733.477636873572	2
3	14817	6746.988597605313	1
3	14821	6749.002237915738	0
3	14822	6749.411055996646	1
3	14829	6752.116597163682	2
3	14831	6752.832905485035	3
3	14835	6758.06766676964	2
3	14862	6768.038488039435	3
3	14870	6770.054595711843	4
3	14899	6786.052206292688	3
3	14909	6789.514605727883	4
3	14922	6797.254291106625	3
3	14929	6799.387627984237	4
3	14933	6802.87259734024	5
3	14941	6806.858189551382	4
3	14948	6808.549653466099	3
3	14950	6808.709671585608	2
3	14962	6813.654163410092	1
3	14975	6818.96112755449	0
3	14989	6822.584469612932	1
3	14991	6823.991638568162	0
3	14996	6826.618919580851	1
3	14997	6827.823727131152	0
3	15035	6850.650201101142	1
3	15038	6851.598204615614	2
3	15041	6854.78073221053	1
3	15045	6856.45746419153	0
3	15178	6911.317430810588	1
3	15179	6911.719535765029	2
3	15190	6919.082564833241	3
3	15192	6921.21659843454	2
3	15201	6923.971974369977	1
3	15209	6925.941723668644	0
3	15564	7071.960821633935	1
3	15565	7074.359894994298	0
3	15570	7077.143549460895	1
3	15572	7078.176404589636	2
3	15575	7079.735058981466	1
3	15583	7082.317313478494	0
3	15594	7087.70082459945	1
3	15604	7093.625111208658	0
3	15617	7097.75928596315	1
3	15626	7100.356712796561	0
3	15739	7145.983988912193	1
3	15749	7149.731265486607	0
3	15756	7152.212912622891	1
3	15774	7158.487734339019	0
3	15889	7205.892238511224	1
3	15914	7220.148644143277	0
3	15919	7222.078678146904	1
3	15947	7234.16522013339	2
3	15972	7243.927301884344	1
3	15987	7251.484292497138	0
3	16158	7333.633357152612	1
3	16161	7334.797026436588	2
3	16162	7335.075437272198	3
3	16186	7341.884824899919	2
3	16207	7348.43753819224	3
3	16214	7350.65494953143	2
3	16225	7355.630105066172	1
3	16236	7360.862288602465	0
3	16513	7482.710893900386	1
3	16520	7484.151797250072	2
3	16521	7484.502154531498	3
3	16540	7496.357128899358	2
3	16541	7496.407525122124	3
3	16545	7497.602996585702	2
3	16555	7502.180523631778	3
3	16588	7514.573414470996	2
3	16595	7516.018075282087	1
3	16599	7516.891380277875	2
3	16613	7524.917112789936	1
3	16638	7533.292966236062	2
3	16642	7534.717775533854	1
3	16647	7536.062436991331	0
3	16661	7540.825572112216	1
3	16669	7543.59475928851	0
3	16670	7543.77718579509	1
3	16676	7547.177700293023	2
3	16687	7556.836873044677	1
3	16700	7562.227456329608	0
3	16850	7632.493869627082	1
3	16865	7639.37982254227	0
3	17142	7760.534621678143	1
3	17149	7762.027823715327	2
3	17167	7771.695109913459	3
3	17171	7772.694015122311	2
3	17187	7778.806111563723	3
3	17194	7781.568984963186	4
3	17200	7783.377566702021	5
3	17212	7787.895334231338	4
3	17235	7799.276324374925	3
3	17239	7800.328855364074	4
3	17253	7806.481879677019	3
3	17287	7824.419196595135	2
3	17326	7836.021278191413	1
3	17333	7837.280072074899	0
3	17334	7837.828389496066	1
3	17394	7867.203645428864	2
3	17408	7872.032810666434	3
3	17410	7873.2025544937	2
3	17441	7889.283864305695	3
3	17450	7893.381505105702	2
3	17454	7898.357001598498	1
3	17458	7900.567559131213	0
3	17464	7902.080956507141	1
3	17470	7906.980655847038	0
3	17471	7907.221207378251	1
3	17473	7907.51970620828	0
3	17618	7958.446620065423	1
3	17620	7958.993078009959	0
3	17622	7959.363258259064	1
3	17626	7960.246164418353	0
3	17658	7970.746940649631	1
3	17670	7974.138695274052	0
3	17692	7981.611708753364	1
3	17697	7982.754610104878	0
3	18112	8156.954541187548	1
3	18117	8158.015605957919	0
3	18120	8158.508497239808	1
3	18129	8162.648683849317	0
3	18135	8165.032541613327	1
3	18141	8166.737355913752	2
3	18175	8181.766597365828	3
3	18202	8191.569882534927	4
3	18254	8218.955789989025	3
3	18256	8219.592856675651	2
3	18267	8224.199521037854	1
3	18303	8244.944558788977	2
3	18305	8245.411454438058	1
3	18309	8246.511339137209	2
3	18332	8251.933133359953	3
3	18351	8257.829114184022	4
3	18354	8258.35102173466	3
3	18366	8262.308660753743	2
3	18372	8268.570771680094	1
3	18382	8274.485474134723	2
3	18385	8275.629427498673	3
3	18390	8277.26072703078	2
3	18391	8278.032120403423	3
3	18414	8287.120591846632	4
3	18418	8289.366882111503	3
3	18441	8295.329086966289	2
3	18452	8298.783399794072	3
3	18453	8299.227408551267	2
3	18462	8302.301304183387	3
3	18483	8312.368275328503	4
3	18492	8316.117919339595	5
3	18496	8316.877459302875	4
3	18500	8317.81478986229	3
3	18517	8321.23192884578	4
3	18519	8323.02002255842	5
3	18554	8331.210954000898	4
3	18566	8341.456624037129	3
3	18635	8371.471130353419	4
3	18636	8371.683788707672	3
3	18645	8374.912408889527	2
3	18673	8386.101511972979	1
3	18676	8386.988366322015	0
3	18809	8433.542671080164	1
3	18822	8440.137876810638	0
3	18827	8441.174757455862	1
3	18833	8443.494058406117	2
3	18853	8449.71520504394	1
3	18865	8454.002381368876	0
3	18912	8474.259255455792	1
3	18916	8475.546581725372	0
3	18970	8494.74729497099	1
3	18979	8498.70215701592	2
3	19000	8507.988024796075	1
3	19006	8509.602880496192	2
3	19031	8519.639168825594	3
3	19032	8519.859884229937	2
3	19039	8523.58888719374	3
3	19043	8525.773990017606	2
3	19061	8531.131357208409	3
3	19065	8535.953270858124	2
3	19072	8538.410293512392	1
3	19082	8540.997228643857	0
3	19366	8655.261847736053	1
3	19387	8667.901319973149	0
3	19759	8825.736062583654	1
3	19768	8829.279522975065	0
3	19809	8841.654893089551	1
3	19810	8842.639145775743	2
3	19811	8842.836907992815	1
3	19820	8851.31206398728	0
3	19956	8921.278918207427	1
3	19981	8936.291425928893	2
3	19984	8938.136455723064	1
3	19998	8942.61380257912	2
3	20011	8947.190082179075	1
3	20028	8950.914597184646	2
3	20035	8953.905632505294	1
3	20045	8956.824756743028	2
3	20052	8961.939359302177	1
3	20053	8962.176389664257	2
3	20064	8964.632816494323	3
3	20076	8968.845600452334	4
3	20086	8971.30236181421	3
3	20128	8990.432869550936	4
3	20143	8996.698802454781	3
3	20149	8999.474212346672	2
3	20158	9004.873994371556	1
3	20168	9008.719155731045	2
3	20192	9024.12035215368	1
3	20237	9044.460521400391	0
3	20441	9112.968514909851	1
3	20459	9118.814666317192	2
3	20465	9125.416186353255	1
3	20482	9133.38829553323	0
3	20566	9172.994091725486	1
3	20568	9175.161758723839	2
3	20570	9176.855720194323	1
3	20581	9179.177459741266	0
3	20677	9223.42789763294	1
3	20680	9224.033997681906	0
3	20683	9224.747819846019	1
3	20685	9225.170635293778	2
3	20727	9249.239405809373	3
3	20732	9250.869151189263	2
3	20743	9255.773478635879	3
3	20752	9257.658460437595	2
3	20754	9257.856789931712	1
3	20776	9266.954212478084	0
3	20780	9267.840286097171	1
3	20784	9268.662863590424	0
3	20824	9281.060848481916	1
3	20885	9312.169716914252	2
3	20909	9325.587140147223	3
3	20918	9329.220144492669	2
3	20927	9333.371171863799	1
3	20953	9344.400469617927	2
3	20955	9345.150806507269	1
3	20959	9346.324981919339	2
3	20963	9349.466211563052	1
3	20987	9360.202785189905	0
3	20993	9363.296970611017	1
3	20999	9368.897741372145	2
3	21023	9379.604279882464	3
3	21030	9383.413593349013	4
3	21034	9385.962167278214	5
3	21048	9389.928493341146	6
3	21058	9396.527759317685	5
3	21112	9422.635959457224	4
3	21129	9433.63816820502	3
3	21149	9441.980605005744	2
3	21160	9445.277964902316	1
3	21166	9447.578849066509	0
3	21192	9456.708852361995	1
3	21196	9458.454396647176	2
3	21204	9463.536531811911	3
3	21210	9467.104833863936	4
3	21216	9468.554353864312	5
3	21217	9468.699969418897	4
3	21218	9468.980554401665	5
3	21233	9473.421772577267	4
3	21261	9488.091726279987	5
3	21288	9499.83503770032	4
3	21289	9500.086434207991	5
3	21296	9503.320328390093	4
3	21307	9512.653091817111	3
3	21320	9515.313307951417	2
3	21326	9518.035090262545	3
3	21362	9533.726454730577	2
3	21437	9561.486455436405	3
3	21457	9569.47182199045	2
3	21468	9576.627400051701	1
3	21513	9592.4999464059	2
3	21517	9595.676659092069	1
3	21534	9599.904337481129	2
3	21542	9607.292985146552	1
3	21544	9607.966001646717	2
3	21551	9610.368023042022	1
3	21557	9612.735813078923	0
3	21567	9615.472010778388	1
3	21581	9618.658926685657	2
3	21588	9620.164650624316	3
3	21645	9640.845358204514	4
3	21661	9645.108091476128	5
3	21662	9646.787344883125	4
3	21670	9650.587938230413	3
3	21675	9654.095643278756	2
3	21695	9665.376241537114	1
3	21722	9674.391086166239	0
3	21796	9709.790605983367	1
3	21799	9710.238222899411	0
3	21816	9714.000076146827	1
3	21824	9716.002737612469	0
3	21841	9724.827054035394	1
3	21853	9730.463543432508	2
3	21874	9736.575026116445	1
3	21880	9740.181062072462	0
3	21884	9741.391557818556	1
3	21890	9743.634997747535	0
3	22038	9796.54247297186	1
3	22065	9805.907687674351	0
3	22066	9806.625846443028	1
3	22089	9819.855854494429	0
3	22090	9820.059394835786	1
3	22157	9840.359749845074	2
3	22187	9849.141442342867	1
3	22197	9851.895030932109	2
3	22204	9853.376156235168	1
3	22249	9871.068048831056	2
3	22260	9875.001962698467	3
3	22262	9875.466588680754	2
3	22263	9876.05201435319	1
3	22266	9876.500435780874	0
3	22377	9918.006914442961	1
3	22380	9918.731584783599	2
3	22381	9918.785064980128	3
3	22385	9919.577871693371	2
3	22412	9931.335089018668	1
3	22417	9932.207189633292	0
3	22443	9937.799884700817	1
3	22458	9944.214481953014	0
3	22488	9949.721363164044	1
3	22521	9964.384496201584	0
4	0	0	1
4	0	0	2
4	0	0	1
4	14	3.677829947489	2
4	22	6.503290641373	1
4	35	9.66181889777	2
4	39	10.350344218644	3
4	46	16.883162942536	2
4	55	21.009577689575	1
4	59	22.310797071465	0
4	167	74.479199417187	1
4	241	113.865055404251	2
4	254	124.742326558091	1
4	288	138.988046676513	0
4	293	140.096846632398	1
4	296	141.245715148739	0
4	412	200.919436478287	1
4	430	210.205533477772	2
4	435	211.765135606696	3
4	461	228.90493112526	2
4	488	237.913700718813	1
4	501	240.694888060758	0
4	674	300.963875023032	1
4	676	303.060872424468	0
4	679	304.666510480755	1
4	686	306.78921567008	2
4	688	308.005827352803	3
4	690	309.011336058619	4
4	715	320.755805605125	3
4	730	326.129326554069	2
4	732	326.38376343285	1
4	754	334.153747638327	0
4	840	368.132963005805	1
4	843	368.893283598602	2
4	846	369.48684655524	1
4	875	378.564678381332	0
4	935	405.239302255766	1
4	944	411.752041960707	2
4	951	413.797648648647	1
4	961	417.956226483464	0
4	1000	433.909360215619	1
4	1020	443.434081914411	0
4	1085	467.921606109543	1
4	1100	473.300392860221	2
4	1101	473.544464329822	1
4	1106	476.39004189565	0
4	1135	495.928038427377	1
4	1174	511.956614111899	0
4	1176	512.365256853282	1
4	1179	513.025287872985	0
4	1425	660.159777920723	1
4	1432	663.114226728602	0
4	1502	689.810454822334	1
4	1530	699.638936462854	0
4	1531	699.666668586009	1
4	1539	701.540638476623	0
4	1542	702.351123164674	1
4	1547	706.96682367804	0
4	1651	749.875392038764	1
4	1703	778.334335210809	0
4	1712	781.740620328406	1
4	1730	794.164960709156	0
4	1754	803.623049234032	1
4	1787	817.76420766903	0
4	1808	823.463894205026	1
4	1826	831.891365239252	0
4	1841	834.731285791358	1
4	1847	836.414537968676	0
4	1941	901.039678340357	1
4	1947	903.967701362391	0
4	2001	919.33519026909	1
4	2002	919.692087377344	2
4	2014	923.388810781686	1
4	2019	924.545343224788	2
4	2025	926.819857122319	1
4	2054	934.253109613638	2
4	2066	939.068418148873	3
4	2074	943.058035691797	4
4	2106	966.594364236989	3
4	2107	966.845338220947	2
4	2144	988.569713909406	1
4	2164	995.627752588809	0
4	2171	997.941104157707	1
4	2179	1001.141358138743	2
4	2208	1012.942318676202	3
4	2215	1016.404376016822	4
4	2253	1034.700594266911	3
4	2258	1036.62849343092	4
4	2268	1039.576795712601	3
4	2308	1054.480585387298	2
4	2316	1059.387549602943	1
4	2331	1064.038032777481	2
4	2345	1069.843992885624	1
4	2359	1073.420105656435	2
4	2385	1082.136585102862	1
4	2386	1082.147823689908	0
4	2487	1112.109836751443	1
4	2507	1120.891759368694	0
4	2709	1205.263052405238	1
4	2715	1206.98530319566	2
4	2721	1213.509289638758	3
4	2725	1213.866690923877	4
4	2746	1225.176814209487	3
4	2767	1236.828094386902	4
4	2802	1265.579528174333	3
4	2804	1265.949159992405	2
4	2849	1284.60090093212	3
4	2907	1313.818387484903	2
4	2920	1321.601638547598	3
4	2928	1324.894437219597	2
4	2929	1325.209056013197	1
4	2954	1333.403642912263	0
4	3074	1398.677347211079	1
4	3138	1430.49316771878	2
4	3154	1438.490860863204	1
4	3157	1439.16677952348	0
4	3225	1467.3686510697	1
4	3259	1480.837208455803	2
4	3273	1490.552459264048	3
4	3295	1502.992889470313	2
4	3301	1505.606557276988	1
4	3305	1507.618173295744	0
4	3396	1559.293887891595	1
4	3444	1581.975720450732	0
4	3447	1582.994783958382	1
4	3465	1594.829558020471	2
4	3485	1600.891262917636	1
4	3486	1601.572537973683	2
4	3495	1605.39430101013	1
4	3500	1608.231066162269	0
4	3667	1670.389401962886	1
4	3669	1671.122649492853	0
4	3684	1677.808729111681	1
4	3692	1682.047908269714	0
4	3699	1687.328373922753	1
4	3717	1692.024157441619	2
4	3732	1699.421887021966	1
4	3733	1699.518490472941	0
4	3900	1762.297923687958	1
4	3903	1763.357519764057	0
4	3988	1791.006114394882	1
4	4025	1799.169492203859	0
4	4037	1802.797149480335	1
4	4086	1827.509273681227	0
4	4093	1830.220687202335	1
4	4098	1833.212334474404	2
4	4113	1841.201081879469	1
4	4121	1842.479170155664	0
4	4294	1913.01592363276	1
4	4300	1916.849091563105	2
4	4317	1922.825284053002	3
4	4319	1925.23457871837	2
4	4328	1928.572561800124	1
4	4342	1934.876740937716	2
4	4343	1936.071625259022	1
4	4353	1939.906675800596	2
4	4355	1940.279338214851	3
4	4370	1945.724265321874	2
4	4375	1947.382522121528	3
4	4383	1952.572314372324	2
4	4398	1959.305326156648	3
4	4416	1964.154495621352	2
4	4424	1967.016752943246	1
4	4435	1972.769322311725	2
4	4440	1979.765954444932	3
4	4449	1984.074616645553	4
4	4468	1994.131259849893	5
4	4469	1994.304063207308	4
4	4483	2001.413792410615	5
4	4533	2033.202883661223	6
4	4539	2035.05407078794	5
4	4551	2038.511755416392	4
4	4563	2041.361274224464	5
4	4570	2043.84902793278	6
4	4599	2063.2140671519	5
4	4625	2072.834654773071	4
4	4634	2074.625537050121	3
4	4654	2082.807888850526	4
4	4659	2084.816216849661	5
4	4676	2092.852521276993	4
4	4710	2103.646946707168	3
4	4722	2107.903815529539	4
4	4724	2108.298558476456	3
4	4741	2119.37495574075	2
4	4750	2124.741634063322	1
4	4753	2126.50535534221	2
4	4767	2135.354956852735	1
4	4773	2136.52868821066	0
4	4858	2187.540169378087	1
4	4869	2192.18070924577	2
4	4887	2199.286694406601	1
4	4909	2206.485910240021	2
4	4918	2209.782388631341	3
4	4929	2215.053875402743	4
4	4963	2238.059486035524	3
4	4964	2238.721240302181	4
4	4965	2239.035858479682	3
4	4980	2247.040158010739	2
4	4994	2254.115209033925	1
4	4997	2255.250272602409	2
4	5000	2256.773209170691	1
4	5003	2258.015240335738	0
4	5096	2300.054159723611	1
4	5100	2302.931137287185	2
4	5101	2302.99433601038	1
4	5106	2305.295149780233	0
4	5193	2338.298797880201	1
4	5212	2353.0877023706	2
4	5221	2357.164033341383	1
4	5255	2373.000421909079	2
4	5260	2376.789745019948	3
4	5261	2377.72049347951	2
4	5270	2381.545816717231	1
4	5275	2382.577827368863	0
4	5456	2453.971813314121	1
4	5458	2455.110556982796	2
4	5487	2466.845942444773	3
4	5514	2476.484511010602	2
4	5516	2476.728287557936	3
4	5527	2479.498034037146	2
4	5561	2495.099145472371	1
4	5590	2512.108454825088	0
4	5598	2514.013275824998	1
4	5607	2516.97294393487	2
4	5619	2526.807140545314	1
4	5623	2527.817108286709	0
4	5628	2529.243628948015	1
4	5635	2534.571362770951	0
4	5645	2538.567825748317	1
4	5647	2544.880221775559	0
4	5799	2617.639106321385	1
4	5802	2618.168406655371	2
4	5810	2620.891379801422	1
4	5823	2623.662443067069	0
4	5840	2634.455336255278	1
4	5899	2654.27386861441	0
4	5908	2659.19566844562	1
4	5916	2663.09249039675	2
4	5919	2665.557409623194	1
4	5951	2678.29453929619	2
4	5956	2680.074212222584	1
4	5971	2687.171505978711	0
4	5977	2688.499266923499	1
4	5979	2688.633254725655	0
4	6199	2809.15259131735	1
4	6211	2813.073618713954	2
4	6246	2829.703691870433	3
4	6251	2831.465177742939	4
4	6255	2833.964200342706	5
4	6257	2835.526253562047	4
4	6258	2835.871960944306	3
4	6279	2843.920317170527	2
4	6283	2849.444284183804	1
4	6288	2852.924888735336	0
4	6295	2855.948399382887	1
4	6296	2856.114184980367	0
4	6850	3110.753678692899	1
4	6854	3111.905449275635	2
4	6861	3116.840379222037	1
4	6871	3119.260756284779	2
4	6887	3124.836047048157	3
4	6889	3125.60270966883	2
4	6898	3132.791977758668	1
4	6905	3135.330351620739	0
4	7039	3193.944218928181	1
4	7044	3197.727449872779	0
4	7195	3277.289067700086	1
4	7208	3286.534193945986	2
4	7211	3287.969241112182	3
4	7221	3292.08823872399	2
4	7231	3298.119222182844	1
4	7255	3315.965957109902	0
4	7287	3329.579716188012	1
4	7312	3337.086332976519	0
4	7319	3338.646765345485	1
4	7320	3339.044719744188	0
4	7449	3410.774644628079	1
4	7454	3414.813655164123	2
4	7458	3416.087599203192	3
4	7462	3417.947376926172	4
4	7476	3423.773908501214	3
4	7483	3427.70080606424	2
4	7489	3431.197276737884	1
4	7508	3436.000663535676	2
4	7513	3437.317842566333	3
4	7529	3444.81991114273	2
4	7534	3446.693446963516	3
4	7546	3452.271497941873	4
4	7556	3456.94674175182	3
4	7590	3467.10560960348	2
4	7596	3468.595382505572	3
4	7608	3471.798018584188	4
4	7609	3471.80505270948	3
4	7626	3474.221993598097	4
4	7634	3476.313674902368	3
4	7648	3480.183852303658	2
4	7649	3480.357314924271	3
4	7663	3483.936982020507	4
4	7669	3485.635825663321	3
4	7676	3488.229055697595	4
4	7690	3501.539908698633	3
4	7692	3501.848002766123	2
4	7727	3514.586845442396	1
4	7749	3521.020893954432	0
4	7767	3527.495163635878	1
4	7774	3530.958541920977	2
4	7787	3533.608008603123	3
4	7822	3542.467887595148	2
4	7828	3544.32633013612	1
4	7844	3552.60264591104	0
4	8118	3690.354752162216	1
4	8119	3691.829560963405	0
4	8171	3711.179382373119	1
4	8176	3712.668930257191	2
4	8187	3715.469992745367	3
4	8193	3716.86344592867	4
4	8198	3719.978071944567	3
4	8206	3722.951295108254	4
4	8215	3726.178727604783	5
4	8217	3727.113648092931	4
4	8263	3751.549669770691	3
4	8268	3752.898796640752	4
4	8271	3755.151360348842	5
4	8279	3759.881362814397	6
4	8280	3760.185892183876	7
4	8291	3766.384873778313	6
4	8307	3775.677554624041	5
4	8315	3778.219250215903	4
4	8316	3778.282756062956	5
4	8373	3798.236191552265	4
4	8393	3805.713305484016	5
4	8413	3816.885319509667	4
4	8426	3820.998611021864	5
4	8431	3832.229041717313	4
4	8443	3835.033392745367	3
4	8456	3838.995088256549	2
4	8464	3840.494210239693	1
4	8468	3841.247803184993	0
4	8549	3871.650192283777	1
4	8566	3880.599303876643	2
4	8633	3902.700247313446	1
4	8643	3904.381986890474	2
4	8675	3919.164593952195	3
4	8677	3922.53243602218	2
4	8683	3926.461118434373	3
4	8702	3938.778760614987	4
4	8727	3951.843026440862	5
4	8758	3968.233862209345	4
4	8765	3973.292893857149	3
4	8798	3987.238798501772	4
4	8800	3987.987042840415	5
4	8810	3992.778367553346	6
4	8812	3993.021975109339	7
4	8817	3995.052537773888	8
4	8822	3998.188546109289	7
4	8830	4000.522487620359	6
4	8843	4006.300264475379	7
4	8859	4014.071315388808	6
4	8872	4020.342327961027	5
4	8890	4033.940163901685	4
4	8901	4041.173724417119	5
4	8921	4048.068847606688	4
4	8926	4050.360506423718	3
4	8932	4054.588240172217	2
4	8942	4064.323563874256	1
4	8988	4076.890381195773	0
4	9035	4088.602957126831	1
4	9052	4101.670427002323	0
4	9057	4105.716031358722	1
4	9081	4111.750228259998	2
4	9087	4115.902547225723	1
4	9107	4125.902959072556	0
4	9138	4137.161060900536	1
4	9154	4145.091894889732	0
4	9181	4158.240386860196	1
4	9194	4163.646966145889	2
4	9200	4169.275071055277	3
4	9201	4169.607200883312	2
4	9226	4176.141077736011	1
4	9253	4186.6837897666	2
4	9262	4192.327094064346	3
4	9284	4198.972965135745	2
4	9313	4207.801475606322	3
4	9314	4209.826637670295	2
4	9322	4213.78769941705	1
4	9326	4214.772786374908	0
4	9383	4243.983023787477	1
4	9405	4255.138901157413	0
4	9407	4255.691283780041	1
4	9429	4262.95529278556	0
4	9517	4303.753853789925	1
4	9523	4308.582417608655	0
4	9531	4311.951489777652	1
4	9534	4312.534665466032	0
4	9819	4452.650777302218	1
4	9869	4478.304753486841	0
4	9969	4517.781804477921	1
4	9974	4519.163979426028	2
4	9994	4524.587409656485	3
4	10000	4529.536423093331	4
4	10002	4530.929114245792	3
4	10010	4534.151623618061	2
4	10025	4538.661851677374	1
4	10043	4545.405328666749	0
4	10095	4572.810524685754	1
4	10096	4573.147729497892	0
4	10165	4602.966804021253	1
4	10166	4604.165174330267	0
4	10180	4610.069298940449	1
4	10185	4614.699885848446	0
4	10188	4615.390790626532	1
4	10196	4616.858022948204	2
4	10205	4623.940721467198	3
4	10212	4629.203499217759	2
4	10218	4631.847544158423	1
4	10237	4642.625208230816	0
4	10256	4655.261187439665	1
4	10285	4666.120577057416	0
4	10286	4666.357055274614	1
4	10296	4668.929100671918	2
4	10328	4680.545567887691	3
4	10337	4683.36855223626	2
4	10356	4688.122671131133	1
4	10361	4688.753323466595	2
4	10363	4689.209716504941	3
4	10373	4693.465357694971	4
4	10378	4696.510940424068	3
4	10397	4702.946323988528	2
4	10415	4709.371427630863	3
4	10418	4710.79488664921	2
4	10453	4725.635978320066	1
4	10468	4734.534269672302	0
4	10483	4738.329147241365	1
4	10520	4757.603372366843	0
4	10536	4760.984342237672	1
4	10545	4764.450890889033	0
4	10550	4767.038529877411	1
4	10556	4768.342997429736	0
4	10609	4795.058372264217	1
4	10615	4796.858299333911	2
4	10666	4824.508134299199	1
4	10683	4830.361275193351	0
4	10695	4834.148413872004	1
4	10696	4838.117512316433	0
4	10802	4898.589934038883	1
4	10827	4913.748709674018	0
4	10847	4926.512597695499	1
4	10852	4930.177220169355	2
4	10856	4932.181516676065	1
4	10858	4932.637115463967	0
4	10970	4981.245504424232	1
4	10987	4985.009137049157	2
4	11006	4991.40130151245	3
4	11016	4997.081412218242	2
4	11026	5000.702508395914	3
4	11028	5003.380013734434	2
4	11031	5004.260712861558	1
4	11061	5013.920087359943	2
4	11072	5018.985936036304	1
4	11079	5022.362645163733	2
4	11100	5032.829474493031	3
4	11115	5036.746599808257	2
4	11122	5042.081406229526	3
4	11127	5044.638809933418	2
4	11139	5051.322704013894	3
4	11145	5052.339157103857	2
4	11161	5056.461691712833	1
4	11166	5058.172711482003	2
4	11176	5061.836876364732	1
4	11182	5063.892892792079	0
4	11523	5280.571428569903	1
4	11538	5293.992977407974	2
4	11540	5294.669123150475	1
4	11564	5313.177180627051	2
4	11580	5324.718529971981	1
4	11596	5331.81935453578	0
4	11624	5342.895773027609	1
4	11633	5344.384835853337	2
4	11654	5350.596173530695	3
4	11657	5351.355828556103	2
4	11684	5364.61226427064	1
4	11692	5366.030242627079	2
4	11697	5367.635736999898	1
4	11705	5371.299863746373	2
4	11708	5373.451387577291	1
4	11716	5375.604843398237	0
4	11824	5420.712879228642	1
4	11831	5422.965119783637	2
4	11844	5431.460274920616	1
4	11845	5431.480425503201	2
4	11873	5440.707562622803	1
4	11884	5444.138609698451	0
4	11896	5449.299657464741	1
4	11906	5455.239809258376	0
4	11994	5497.28630274478	1
4	11997	5497.882480822168	0
4	12016	5502.928524244147	1
4	12025	5505.305463156363	2
4	12039	5512.685506414168	3
4	12041	5512.992941664394	4
4	12051	5520.837154817713	3
4	12057	5522.865135212222	2
4	12059	5523.183023710285	3
4	12066	5529.570345248185	2
4	12115	5546.510750674484	1
4	12135	5550.081147941583	2
4	12137	5550.150553916959	3
4	12145	5553.221277619091	2
4	12147	5553.772538085296	3
4	12151	5554.764052774431	2
4	12162	5558.903153675316	1
4	12166	5560.103552213718	2
4	12171	5561.611834345344	1
4	12187	5571.942377140504	2
4	12190	5572.781962626001	3
4	12192	5573.647537758471	4
4	12196	5575.361671583592	5
4	12219	5589.412151115833	6
4	12246	5602.539158295581	7
4	12255	5607.269282473661	8
4	12266	5613.686757154571	9
4	12284	5625.531722851557	8
4	12286	5626.344984285245	7
4	12289	5626.861032540325	6
4	12299	5629.015519697097	5
4	12301	5629.700415778309	6
4	12304	5630.095543525882	5
4	12312	5632.774770613722	6
4	12318	5636.951485244236	5
4	12371	5657.624417137496	6
4	12385	5666.298826798719	7
4	12396	5669.919036605742	6
4	12398	5670.320606309059	7
4	12414	5681.642068224466	6
4	12435	5698.633559013135	5
4	12448	5702.639089170318	4
4	12455	5704.946087482879	5
4	12479	5717.930861488692	4
4	12500	5727.305938805425	5
4	12505	5729.809620117931	6
4	12513	5732.304152270069	7
4	12516	5732.764023527101	8
4	12529	5739.238547785962	7
4	12533	5740.484060855977	6
4	12539	5743.432850978312	7
4	12566	5757.991628553507	6
4	12579	5761.673810477075	5
4	12597	5770.815486901107	4
4	12603	5772.505681205559	3
4	12627	5783.132548973691	2
4	12657	5792.854598209878	3
4	12676	5798.179897875344	4
4	12682	5803.025527175786	3
4	12721	5822.319928235778	2
4	12727	5828.657639979039	1
4	12728	5828.672460041316	0
4	12741	5836.053629680761	1
4	12804	5863.73255843691	2
4	12817	5866.764244052229	3
4	12827	5873.176998572718	4
4	12831	5874.049326601404	3
4	12846	5879.253968530287	4
4	12882	5897.537471194698	3
4	12886	5898.845947592168	2
4	12900	5909.082496517338	3
4	12910	5912.367106625582	2
4	12926	5920.39893286242	3
4	12928	5922.436448981364	4
4	12937	5927.922842050729	5
4	12945	5930.668513561817	6
4	12949	5933.916489292485	5
4	12959	5938.402824594705	6
4	12968	5943.815669861766	5
4	12991	5950.680818826973	4
4	13010	5959.487680712329	5
4	13029	5966.611134199639	6
4	13033	5969.429679755714	5
4	13035	5970.324245449335	4
4	13052	5974.536866192568	5
4	13062	5981.768024644483	6
4	13069	5991.664476196909	5
4	13073	5994.113321276752	4
4	13084	6000.903909106129	5
4	13092	6003.731705616593	4
4	13096	6004.642544473517	3
4	13130	6012.747923096795	2
4	13141	6017.970097965464	1
4	13142	6018.21090330122	0
4	13178	6036.184371671006	1
4	13197	6045.888362762962	0
4	13226	6053.745153128727	1
4	13230	6055.352299421254	0
4	13239	6058.31380135958	1
4	13242	6061.069658145756	0
4	13349	6110.386213690173	1
4	13359	6116.636345398049	0
4	13567	6195.14479815005	1
4	13587	6202.465091096196	0
4	13588	6203.368760451464	1
4	13606	6208.072874259391	0
4	13613	6212.65711742722	1
4	13626	6222.400199442929	2
4	13634	6227.667582087404	1
4	13640	6229.046698459913	2
4	13676	6239.87747163486	3
4	13692	6246.978656545305	4
4	13713	6257.770707106584	3
4	13743	6270.480629110367	4
4	13750	6276.017604968572	5
4	13753	6277.16389739017	4
4	13759	6278.719752935106	3
4	13767	6281.187982807556	2
4	13795	6289.181692064305	3
4	13820	6303.705559983456	4
4	13833	6308.783057566753	3
4	13842	6312.279634584925	4
4	13854	6316.680872472073	3
4	13880	6322.027315838487	2
4	13881	6322.09601519007	3
4	13895	6328.504185494711	2
4	13910	6335.702857364279	1
4	13933	6342.575715379681	0
4	13938	6343.852370683531	1
4	13941	6345.335130026738	0
4	14108	6417.549030245989	1
4	14109	6417.6873437072	0
4	14334	6519.791144311113	1
4	14344	6525.411180255646	0
4	14353	6530.878359816403	1
4	14360	6532.466481351007	2
4	14381	6541.254485879101	3
4	14388	6542.429797910212	4
4	14405	6553.870446442756	3
4	14406	6554.270192392926	2
4	14414	6556.053584421553	1
4	14429	6564.969374822061	0
4	14666	6691.878468844608	1
4	14673	6696.081949172244	2
4	14679	6698.303441825375	1
4	14687	6700.132986076507	0
4	14697	6702.301131608869	1
4	14717	6708.950999064404	0
4	14721	6709.894105294669	1
4	14750	6721.439864166231	0
4	14824	6750.002237915738	1
4	14838	6759.06766676964	2
4	14845	6760.110959511946	1
4	14876	6774.880617558004	0
4	14901	6787.052206292688	1
4	14926	6798.254291106625	2
4	14946	6807.858189551382	3
4	14952	6809.549653466099	4
4	14954	6809.709671585608	5
4	14964	6814.654163410092	6
4	14978	6819.96112755449	7
4	14980	6820.389558763785	6
4	14985	6821.518000320891	7
4	14992	6824.991638568162	8
4	14998	6828.823727131152	9
4	15010	6836.210612679064	8
4	15014	6838.324986634056	7
4	15043	6855.78073221053	8
4	15049	6857.45746419153	9
4	15051	6858.064656875688	10
4	15073	6867.039835379796	9
4	15113	6881.893041877007	10
4	15152	6903.91112177721	11
4	15154	6903.981234975906	10
4	15163	6906.991176917498	9
4	15195	6922.21659843454	10
4	15205	6924.971974369977	11
4	15212	6926.941723668644	12
4	15215	6927.965359187496	11
4	15233	6932.783133010681	12
4	15258	6945.783183353675	13
4	15291	6957.896976762875	12
4	15301	6959.873992313747	11
4	15304	6960.043232893922	12
4	15317	6965.123371538275	13
4	15341	6977.236008235088	12
4	15343	6977.382545359562	11
4	15357	6982.197067259172	12
4	15358	6985.278276185463	11
4	15363	6987.076330348888	10
4	15371	6992.357314012794	9
4	15382	6995.400118851184	8
4	15417	7010.837325337428	7
4	15423	7013.78809932679	6
4	15444	7020.273315162791	5
4	15462	7030.969045425452	4
4	15515	7052.552808541799	3
4	15541	7063.964087836922	2
4	15567	7075.359894994298	3
4	15576	7079.992171644604	2
4	15578	7080.735058981466	3
4	15586	7083.317313478494	4
4	15608	7094.625111208658	5
4	15630	7101.356712796561	6
4	15633	7101.950204448637	5
4	15665	7117.47263405125	6
4	15669	7120.3253611524	5
4	15686	7126.120354193449	4
4	15752	7150.731265486607	5
4	15758	7152.934771054487	4
4	15769	7157.291940155602	3
4	15775	7158.764792780204	2
4	15777	7159.487734339019	3
4	15792	7165.135315799777	2
4	15805	7168.490493442535	3
4	15819	7174.321997503453	4
4	15841	7185.797377245718	5
4	15872	7196.716255118877	4
4	15890	7205.89872848149	3
4	15894	7207.647712703245	2
4	15917	7221.148644143277	3
4	15927	7227.585716965101	2
4	15934	7228.676256931336	1
4	15975	7244.927301884344	2
4	15992	7252.484292497138	3
4	16010	7260.35112719518	4
4	16068	7288.862295704064	5
4	16074	7290.436882656787	6
4	16078	7291.701490262876	7
4	16081	7293.487574935121	6
4	16093	7299.164555202935	5
4	16114	7311.362798271702	6
4	16119	7314.988990313315	5
4	16128	7318.292568195645	4
4	16152	7330.570775150571	3
4	16165	7335.636338116185	2
4	16177	7339.15406014574	1
4	16187	7342.884824899919	2
4	16189	7343.262355473225	1
4	16218	7351.65494953143	2
4	16220	7353.251231632638	1
4	16228	7356.630105066172	2
4	16238	7360.956306050925	1
4	16240	7361.862288602465	2
4	16250	7364.675589280278	3
4	16258	7372.356887500765	2
4	16321	7400.753598902955	1
4	16322	7401.331851541731	0
4	16345	7408.087572013164	1
4	16354	7413.409975777621	0
4	16544	7497.357128899358	1
4	16548	7498.602996585702	2
4	16554	7501.945242969998	1
4	16565	7506.172459231045	0
4	16592	7515.573414470996	1
4	16600	7517.018075282087	2
4	16608	7522.503467957043	1
4	16616	7525.917112789936	2
4	16645	7535.717775533854	3
4	16650	7537.062436991331	4
4	16673	7544.59475928851	5
4	16679	7551.103839127781	4
4	16689	7557.836873044677	5
4	16691	7559.672714035013	4
4	16703	7563.227456329608	5
4	16708	7565.278073590576	6
4	16717	7573.344238097545	5
4	16727	7575.96702568215	6
4	16731	7577.777913115143	5
4	16771	7599.477018550647	4
4	16785	7606.025963297369	3
4	16791	7609.015803820275	2
4	16802	7613.407020666148	1
4	16811	7615.975084892485	0
4	16832	7625.663706776318	1
4	16852	7632.929281526149	0
4	16922	7679.462120672929	1
4	16925	7681.032429066046	0
4	17237	7800.276324374925	1
4	17240	7800.708619265079	0
4	17255	7807.481879677019	1
4	17263	7815.132165470504	0
4	17335	7838.280072074899	1
4	17369	7858.734281027478	0
4	17463	7901.567559131213	1
4	17475	7907.980655847038	2
4	17476	7907.984833020093	1
4	17479	7908.51970620828	2
4	17492	7911.562934201319	3
4	17495	7913.180245166053	2
4	17505	7915.964226703409	3
4	17509	7919.516331443782	2
4	17546	7931.037291983828	3
4	17550	7932.887128797807	2
4	17608	7954.912967613217	1
4	17612	7956.397217273754	2
4	17619	7958.706433417876	1
4	17624	7959.993078009959	2
4	17631	7961.246164418353	3
4	17633	7962.059069524557	2
4	17642	7965.043781196298	3
4	17659	7970.808498757572	2
4	17672	7975.138695274052	3
4	17685	7980.529438860259	2
4	17689	7981.403346590382	3
4	17690	7981.427720908114	2
4	17701	7983.754610104878	3
4	17703	7984.453382360571	2
4	17731	7991.562104908014	1
4	17748	7997.619801858892	0
4	17774	8007.45835223509	1
4	17787	8015.087988013657	2
4	17793	8018.802520333532	1
4	17797	8019.687127991355	0
4	17967	8085.839396065325	1
4	17987	8093.174527403727	0
4	18131	8163.648683849317	1
4	18143	8166.823759444541	0
4	18259	8220.592856675651	1
4	18272	8225.199521037854	2
4	18278	8228.596104236808	1
4	18291	8239.190788308507	0
4	18308	8246.411454438058	1
4	18324	8250.752571765598	0
4	18358	8259.35102173466	1
4	18368	8263.308660753743	2
4	18371	8268.074810549774	1
4	18375	8269.570771680094	2
4	18377	8271.787935702316	1
4	18393	8278.26072703078	2
4	18424	8290.366882111503	3
4	18445	8296.329086966289	4
4	18456	8300.227408551267	5
4	18470	8308.665795363258	4
4	18491	8315.839967275454	3
4	18502	8317.877459302875	4
4	18506	8318.600903340191	3
4	18507	8318.81478986229	4
4	18537	8327.309438486303	3
4	18556	8332.210954000898	4
4	18569	8342.456624037129	5
4	18583	8350.200123592292	4
4	18604	8360.6869126086	3
4	18633	8370.798583264557	2
4	18640	8372.683788707672	3
4	18646	8375.912408889527	4
4	18677	8387.101511972979	5
4	18679	8387.988366322015	6
4	18687	8391.240980707951	5
4	18719	8407.685604338294	6
4	18733	8411.535279386135	5
4	18747	8417.479921474557	4
4	18758	8420.623958450952	3
4	18784	8428.37078104021	4
4	18826	8441.137876810638	5
4	18836	8444.240163269526	4
4	18839	8445.462409218589	3
4	18840	8445.579945016352	2
4	18855	8450.71520504394	3
4	18867	8454.641558054143	2
4	18868	8455.002381368876	3
4	18877	8457.303070578301	4
4	18880	8458.363957950499	3
4	18918	8476.546581725372	4
4	18926	8481.755670567142	3
4	18931	8482.954780425741	2
4	18956	8488.968664425513	1
4	18974	8496.687092831447	0
4	19005	8508.988024796075	1
4	19013	8513.614755136153	0
4	19048	8526.773990017606	1
4	19067	8536.953270858124	2
4	19077	8539.410293512392	3
4	19085	8541.997228643857	4
4	19094	8545.994298157553	5
4	19115	8550.365822287923	4
4	19118	8550.655047378661	3
4	19131	8554.506343090752	2
4	19151	8561.444628123171	1
4	19173	8571.640510033102	0
4	19398	8671.644910521041	1
4	19454	8703.750585893367	2
4	19474	8710.058423416533	3
4	19476	8710.985298617017	2
4	19479	8711.964396074413	1
4	19523	8725.373600119517	2
4	19546	8736.489677406786	1
4	19547	8736.517257651033	2
4	19551	8738.039950500714	1
4	19565	8742.998710486779	2
4	19589	8758.005721733414	3
4	19614	8766.579810084931	2
4	19640	8777.950465858222	1
4	19658	8784.491682415282	2
4	19662	8785.842359702629	1
4	19684	8795.991532513367	0
4	20038	8954.905632505294	1
4	20057	8962.939359302177	2
4	20078	8969.312854892851	1
4	20090	8972.30236181421	2
4	20115	8985.193373267495	1
4	20121	8988.599731403167	0
4	20147	8997.698802454781	1
4	20152	9000.474212346672	2
4	20155	9003.413462487523	1
4	20160	9005.873994371556	2
4	20174	9013.597471874673	1
4	20193	9025.12035215368	2
4	20210	9032.755136166373	1
4	20224	9039.877006083925	0
4	20239	9045.460521400391	1
4	20271	9057.078440116043	0
4	20587	9180.177459741266	1
4	20599	9183.700246541293	2
4	20607	9189.464037280392	1
4	20610	9192.729175766454	0
4	20759	9258.658460437595	1
4	20760	9258.856789931712	2
4	20781	9267.954212478084	3
4	20788	9269.662863590424	4
4	20794	9272.23147999611	3
4	20803	9274.650746395339	2
4	20857	9296.28355567157	1
4	20864	9299.55514834933	0
4	20928	9334.371171863799	1
4	20949	9343.068031235247	0
4	20958	9346.150806507269	1
4	20965	9350.466211563052	2
4	20990	9361.202785189905	3
4	21061	9397.527759317685	4
4	21110	9421.772097648197	3
4	21115	9423.635959457224	4
4	21124	9428.573542020691	3
4	21130	9434.63816820502	4
4	21138	9439.655423263907	3
4	21154	9442.980605005744	4
4	21163	9446.277964902316	5
4	21171	9448.578849066509	6
4	21219	9469.124008776344	5
4	21221	9469.699969418897	6
4	21235	9474.421772577267	7
4	21263	9489.635539887708	6
4	21265	9490.149405965246	5
4	21282	9497.173100282465	4
4	21287	9499.567084238505	3
4	21291	9500.83503770032	4
4	21299	9504.320328390093	5
4	21309	9513.275401098046	4
4	21310	9513.453109697437	3
4	21311	9513.653091817111	4
4	21323	9516.313307951417	5
4	21327	9518.275115037846	4
4	21366	9534.726454730577	5
4	21379	9541.060058856321	4
4	21395	9546.714184833452	3
4	21446	9564.845039053197	2
4	21458	9570.47182199045	3
4	21462	9572.886827026713	2
4	21470	9576.99960702645	1
4	21472	9577.627400051701	2
4	21498	9588.674506277342	1
4	21500	9589.087638506626	0
4	21519	9596.676659092069	1
4	21546	9608.292985146552	2
4	21550	9609.907694674033	1
4	21554	9611.368023042022	2
4	21560	9613.735813078923	3
4	21575	9617.608686573973	2
4	21579	9618.34018024241	1
4	21599	9623.374980038439	0
4	21672	9651.587938230413	1
4	21676	9655.095643278756	2
4	21684	9661.110417999171	1
4	21686	9662.99390880184	0
4	21699	9666.376241537114	1
4	21726	9675.391086166239	2
4	21730	9676.15967711028	3
4	21779	9699.455472000488	4
4	21805	9711.238222899411	5
4	21820	9714.596921927721	4
4	21828	9717.002737612469	5
4	21852	9730.284485714449	4
4	21877	9737.575026116445	5
4	21883	9741.181062072462	6
4	21886	9742.220988484891	5
4	21896	9744.634997747535	6
4	21899	9745.401189875626	7
4	21913	9750.759192782425	8
4	21916	9751.642320303688	7
4	21954	9770.980502658093	8
4	21973	9776.653477651003	7
4	22045	9801.160773359556	6
4	22058	9803.783707237689	5
4	22068	9806.907687674351	6
4	22091	9820.268538809476	5
4	22093	9820.855854494429	6
4	22102	9822.472169628633	5
4	22109	9823.883680068572	4
4	22158	9841.499500354953	3
4	22163	9842.963748241875	2
4	22191	9850.141442342867	3
4	22200	9852.403421705237	2
4	22208	9854.376156235168	3
4	22213	9855.148147012096	2
4	22226	9859.196322504182	1
4	22253	9871.952505783892	0
4	22265	9876.466588680754	1
4	22267	9876.519008749318	0
4	22269	9877.05201435319	1
4	22270	9877.500435780874	2
4	22287	9883.361146671536	3
4	22292	9884.95566620311	2
4	22304	9889.500600825967	3
4	22325	9897.595133808842	2
4	22338	9904.530221434131	1
4	22358	9911.987424279453	0
4	22423	9933.207189633292	1
4	22430	9934.720869491846	2
4	22464	9945.031717431743	1
4	22465	9945.214481953014	2
4	22512	9961.277089363945	1
4	22525	9965.384496201584	2
4	22528	9966.170124410569	3
4	22537	9972.083165636245	2
4	22552	9981.557452743105	1
4	22564	9991.040917036423	0
5	0	0	1
5	0	0	2
5	0	0	1
5	5	1.421001597036	0
5	27	8.503290641373	1
5	56	21.45313082402	0
5	70	24.310797071465	1
5	80	29.787044851936	0
5	261	126.627088449951	1
5	267	128.35133808402	0
5	339	163.933751818961	1
5	341	164.661402657809	0
5	381	180.319264161096	1
5	384	180.87573203524	2
5	416	202.871965122396	1
5	437	211.984781168756	2
5	458	227.7643238299	1
5	465	230.90493112526	2
5	479	235.490635999726	3
5	499	240.569827654658	2
5	504	242.694888060758	3
5	508	246.339288062298	4
5	509	246.499182398462	3
5	516	250.426228994054	2
5	528	252.413475803734	3
5	543	261.218466375445	4
5	549	262.239161074995	3
5	552	262.829927722693	4
5	562	266.949716457059	3
5	564	267.630895321946	4
5	566	267.660805241362	3
5	574	269.082501370831	2
5	592	274.644384445689	3
5	597	276.041969357014	4
5	601	278.351380007737	3
5	618	285.903384652134	2
5	639	292.787655345888	3
5	661	298.294371225675	2
5	665	299.056477073187	3
5	703	314.90169412959	2
5	738	328.129326554069	3
5	740	328.38376343285	4
5	763	339.780945779641	5
5	765	342.350264500771	4
5	791	349.631407494992	3
5	817	360.882354029643	2
5	819	361.180330265106	1
5	833	366.693448137766	2
5	855	371.48684655524	3
5	866	377.301948549749	2
5	876	378.602139046045	3
5	901	388.204467385833	4
5	909	393.076942316746	3
5	922	398.455000790439	2
5	924	400.222627653409	1
5	934	405.146977827639	0
5	1109	478.39004189565	1
5	1113	482.57355164849	0
5	1390	640.450963413104	1
5	1400	646.303530019768	0
5	1671	755.139436479175	1
5	1678	758.59089406926	0
5	1818	829.309887723653	1
5	1836	833.891365239252	2
5	1845	835.896510830236	3
5	1860	843.827566647762	4
5	1872	856.883942234964	3
5	1876	860.232990897134	2
5	1889	870.758089088587	1
5	1902	876.171191326826	0
5	1911	882.515225285485	1
5	1914	884.708809092508	0
5	1963	906.999262906438	1
5	1978	910.851435385764	2
5	1988	913.84202821567	1
5	1996	917.229847967017	0
5	2114	968.594364236989	1
5	2115	968.845338220947	2
5	2147	989.582297997244	1
5	2148	990.569713909406	2
5	2150	990.685181688255	1
5	2152	991.353617306443	0
5	2290	1046.266875643108	1
5	2301	1049.358971582476	2
5	2306	1053.932394546823	3
5	2322	1061.387549602943	4
5	2335	1065.233890063833	3
5	2343	1068.961710376722	4
5	2348	1070.292833408251	3
5	2372	1078.255163293923	2
5	2383	1081.191872920948	3
5	2389	1082.779087775651	2
5	2416	1091.106764228655	1
5	2431	1094.942229503249	2
5	2474	1105.562732798698	3
5	2477	1107.705991006566	4
5	2496	1116.603818585559	3
5	2497	1117.084435395113	2
5	2509	1122.891759368694	3
5	2511	1125.003164272742	2
5	2524	1128.515709771263	1
5	2542	1132.965467004564	0
5	2544	1133.936086021547	1
5	2565	1141.885676366357	0
5	2753	1227.176814209487	1
5	2769	1238.716407291582	2
5	2774	1246.410286043139	1
5	2797	1262.582796038239	2
5	2813	1267.949159992405	3
5	2817	1268.959337115293	2
5	2830	1275.874021592382	1
5	2835	1279.193288269141	0
5	2852	1286.448688194427	1
5	2853	1287.280324607907	0
5	2951	1332.101484146049	1
5	2967	1340.787111354961	0
5	3011	1356.323570416421	1
5	3014	1357.414743519514	0
5	3155	1438.519042362578	1
5	3180	1448.885431976217	2
5	3185	1452.101842517422	3
5	3208	1462.48180738716	2
5	3218	1465.873926320399	3
5	3219	1466.066133754165	4
5	3224	1467.260514764068	5
5	3227	1467.60286926947	6
5	3228	1467.698381699439	5
5	3285	1498.044002466961	6
5	3287	1498.828998977917	5
5	3294	1501.058595985036	6
5	3311	1510.822485671965	7
5	3330	1526.660696812878	6
5	3338	1529.060086121581	7
5	3366	1541.524585150422	6
5	3390	1555.626531354775	5
5	3397	1561.0391943817	4
5	3398	1561.717242599669	3
5	3449	1583.975720450732	4
5	3464	1594.296640148071	5
5	3474	1597.723538488622	6
5	3481	1599.358968767272	5
5	3490	1602.891262917636	6
5	3496	1606.141636297852	5
5	3508	1610.231066162269	6
5	3516	1613.177350605107	5
5	3518	1613.260273823813	4
5	3523	1617.159394560453	3
5	3526	1618.748857256188	2
5	3527	1619.263361244563	1
5	3538	1622.003047387763	2
5	3539	1622.047854310777	1
5	3544	1625.342638747647	0
5	3647	1663.085331990459	1
5	3648	1664.783336229627	0
5	3759	1706.532959476976	1
5	3778	1709.533598951189	2
5	3791	1711.516204970163	1
5	3805	1715.579178065362	0
5	3963	1781.727231673389	1
5	3984	1790.349684864068	0
5	4044	1805.306357289348	1
5	4045	1805.468450744139	2
5	4046	1806.01408415329	3
5	4049	1807.546701017671	2
5	4077	1818.135142524207	1
5	4085	1826.957476907288	0
5	4332	1930.572561800124	1
5	4396	1959.047794379123	0
5	4605	2065.2140671519	1
5	4607	2065.876606240968	0
5	4732	2110.298558476456	1
5	4745	2121.755545322169	0
5	4792	2144.463473798845	1
5	4794	2145.121662838314	0
5	5132	2311.44350493396	1
5	5134	2311.683286704175	0
5	5144	2315.934287162208	1
5	5147	2317.098620149575	0
5	5207	2347.117185069214	1
5	5231	2363.201020894341	0
5	5257	2374.785720493119	1
5	5277	2382.710230256506	0
5	5504	2473.113391591411	1
5	5507	2474.181190526515	2
5	5521	2478.136979988355	1
5	5524	2478.957405436956	0
5	5678	2554.661824690208	1
5	5684	2561.173408952517	0
5	5703	2570.354848835285	1
5	5715	2577.943701343858	0
5	5779	2610.421257151986	1
5	5783	2612.10119750892	0
5	5820	2622.891379801422	1
5	5822	2623.177579568752	2
5	5827	2625.662443067069	3
5	5870	2644.420011384377	2
5	5910	2660.137270016225	1
5	5922	2667.933778465159	0
5	5966	2684.592416443136	1
5	5967	2684.594524435999	2
5	5982	2689.286111248301	3
5	6000	2699.695808987402	2
5	6013	2702.96980893319	3
5	6037	2715.252157617728	2
5	6039	2715.826559221354	1
5	6051	2727.117365025939	0
5	6131	2773.784411344547	1
5	6145	2787.849713374032	0
5	6307	2861.111257529059	1
5	6333	2870.436668871051	2
5	6349	2874.098222755053	3
5	6359	2879.318055453173	4
5	6366	2881.966135498928	5
5	6375	2884.439481481919	6
5	6387	2888.139953151632	7
5	6396	2893.725465433664	6
5	6453	2931.022959184655	5
5	6460	2933.800273720255	6
5	6470	2936.958206362781	5
5	6474	2938.808574581608	4
5	6506	2951.45954034136	3
5	6517	2954.363605149973	2
5	6518	2954.680201994192	1
5	6526	2957.023091406087	0
5	6796	3075.821466654389	1
5	6804	3081.493798425457	0
5	6812	3084.648640027749	1
5	6815	3085.143230977058	0
5	6904	3134.791977758668	1
5	6906	3135.46482032678	0
5	7070	3212.479574636938	1
5	7077	3216.321103656182	0
5	7202	3283.021925156625	1
5	7204	3284.67375598945	2
5	7225	3294.08823872399	3
5	7227	3294.490810205466	2
5	7252	3312.017907350332	3
5	7258	3317.965957109902	4
5	7260	3318.793760872586	3
5	7286	3328.73161013553	2
5	7372	3360.318526809574	3
5	7386	3369.229436467494	4
5	7389	3372.314718926576	3
5	7399	3378.601318285129	4
5	7419	3392.227689465736	3
5	7435	3398.632495527523	4
5	7438	3402.20095349435	3
5	7442	3408.781996946635	2
5	7470	3422.228450372281	1
5	7481	3425.773908501214	2
5	7487	3430.739733033529	1
5	7505	3435.449677744083	2
5	7506	3435.819755321431	1
5	7515	3437.514299820865	0
5	7647	3479.933841748894	1
5	7656	3482.183852303658	2
5	7697	3503.848002766123	3
5	7703	3507.839796815504	2
5	7725	3514.195969014344	1
5	7736	3516.586845442396	2
5	7746	3520.75757749659	3
5	7757	3523.968049171128	2
5	7758	3523.996647014445	1
5	7762	3525.397754723031	0
5	7820	3540.596824078299	1
5	7824	3543.009481787974	0
5	7834	3546.32633013612	1
5	7845	3552.78207909571	0
5	7849	3554.60264591104	1
5	7860	3562.01606269328	0
5	7954	3599.146385762435	1
5	7960	3600.729086571298	2
5	7984	3616.885491213192	1
5	7991	3624.060456819424	0
5	8004	3630.344394861174	1
5	8025	3636.759032303172	2
5	8028	3639.319154198612	1
5	8032	3642.27995782487	0
5	8054	3650.622825154448	1
5	8056	3651.740482833246	2
5	8058	3651.875902507579	1
5	8065	3655.043766598952	0
5	8159	3708.838742147663	1
5	8160	3708.897069927511	2
5	8169	3710.804233476364	1
5	8177	3712.810318330996	0
5	8220	3729.113648092931	1
5	8223	3730.452768598184	0
5	8314	3777.677554624041	1
5	8337	3786.733261471821	0
5	8465	3840.995088256549	1
5	8485	3847.571548685863	2
5	8487	3848.054494132985	1
5	8496	3851.865266677189	2
5	8499	3853.12956171616	1
5	8501	3853.427496957438	0
5	8548	3870.729740454112	1
5	8550	3873.411019718396	0
5	8825	3999.206180598172	1
5	8827	3999.704669983298	0
5	8931	4053.27394945091	1
5	8935	4056.588240172217	2
5	8941	4059.47404217137	3
5	8944	4065.109387724659	2
5	8948	4065.489127882574	1
5	8952	4066.323563874256	2
5	8980	4072.798287145601	1
5	8982	4073.11864085007	0
5	9017	4083.735264467877	1
5	9038	4090.996766913456	0
5	9359	4224.981608978077	1
5	9391	4251.966707532152	0
5	9542	4314.534665466032	1
5	9548	4316.897379367341	0
5	9698	4397.789969830799	1
5	9706	4399.585632256416	0
5	9887	4486.649497524491	1
5	9891	4488.916376422855	0
5	9923	4499.75562197483	1
5	9942	4510.64894548205	0
5	10242	4644.625208230816	1
5	10287	4666.659406568251	2
5	10290	4667.176323947677	1
5	10304	4673.089481891139	0
5	10562	4769.522537471432	1
5	10564	4770.342997429736	2
5	10575	4783.008035897463	1
5	10596	4790.93828622593	2
5	10600	4792.205596563636	1
5	10625	4803.22525848649	0
5	10899	4948.594173702465	1
5	10902	4950.428472372975	0
5	11036	5005.380013734434	1
5	11039	5005.938061099383	0
5	11246	5098.077794148922	1
5	11280	5114.707898587634	0
5	11375	5165.787681408633	1
5	11376	5168.020167074765	0
5	11392	5177.941120254034	1
5	11396	5178.792663516669	2
5	11402	5182.004930184496	1
5	11428	5195.092689432807	2
5	11442	5206.451540432518	1
5	11452	5212.020725639756	0
5	11507	5265.697608457988	1
5	11524	5281.315646543404	2
5	11550	5298.128744539894	3
5	11557	5304.875726984764	4
5	11561	5312.776844390365	3
5	11562	5313.056395744544	2
5	11573	5317.061888614805	1
5	11604	5333.81935453578	2
5	11611	5335.486038341351	1
5	11643	5347.474628286581	0
5	11646	5349.3728820402	1
5	11650	5350.29452725335	0
5	11694	5366.61226427064	1
5	11702	5369.635736999898	2
5	11704	5370.908492811893	1
5	11715	5375.451387577291	2
5	11755	5389.17447113869	1
5	11762	5391.49079083668	0
5	11909	5457.239809258376	1
5	11918	5460.586620151976	2
5	11934	5469.653024964434	1
5	11944	5473.963025744736	0
5	11951	5478.225681608716	1
5	11961	5481.291994459603	0
5	11972	5485.351469421888	1
5	12011	5501.806772687213	0
5	12056	5522.837154817713	1
5	12061	5524.865135212222	2
5	12062	5525.142863662906	1
5	12106	5544.473623656398	0
5	12295	5628.344984285245	1
5	12339	5647.617744381509	0
5	12364	5654.100482081852	1
5	12366	5655.147475524593	2
5	12383	5666.05409094663	1
5	12400	5671.08474054743	2
5	12401	5671.69035938704	1
5	12402	5671.919036605742	2
5	12406	5675.145394084881	1
5	12416	5683.642068224466	2
5	12427	5693.358852996599	3
5	12430	5694.697079032476	2
5	12431	5695.66316217636	3
5	12440	5700.84390244982	2
5	12453	5704.395071358967	1
5	12454	5704.639089170318	2
5	12493	5723.628378766973	1
5	12506	5729.905728602406	0
5	12525	5736.469918884761	1
5	12534	5741.238547785962	2
5	12538	5742.484060855977	3
5	12548	5746.844826891844	4
5	12558	5751.39279960816	5
5	12565	5757.980129308562	4
5	12592	5769.74280744465	3
5	12606	5772.815486901107	4
5	12609	5774.505681205559	5
5	12612	5778.753440168615	4
5	12620	5781.429591865108	3
5	12629	5783.940936506036	2
5	12635	5785.132548973691	3
5	12640	5786.683889673412	4
5	12645	5787.881548181696	5
5	12668	5795.665020130013	4
5	12709	5813.338500326031	5
5	12756	5842.40552306044	4
5	12757	5842.753199531492	5
5	12769	5854.182616056483	4
5	12770	5854.388289043227	3
5	12782	5858.811854862523	4
5	12783	5859.046268538246	3
5	12790	5860.207751665015	2
5	12826	5873.029756414513	3
5	12866	5892.295394945227	2
5	12877	5896.260802808449	3
5	12887	5899.537471194698	4
5	12892	5905.169867834324	3
5	12946	5930.749037563212	4
5	12971	5945.815669861766	5
5	12980	5948.549678234835	4
5	12983	5948.962652681493	3
5	12990	5950.602409940001	4
5	12994	5952.680818826973	5
5	13004	5957.476919405689	6
5	13034	5969.762016601122	5
5	13051	5974.161277028028	4
5	13058	5979.755689932846	3
5	13066	5987.292578763236	4
5	13103	6006.476073344176	5
5	13104	6006.642544473517	6
5	13124	6011.446340597688	5
5	13140	6017.754331933762	4
5	13161	6022.420782498782	5
5	13189	6043.247427550489	4
5	13196	6045.642520906271	3
5	13228	6054.842867952374	2
5	13245	6063.069658145756	3
5	13249	6065.393653506142	2
5	13256	6068.177905331062	1
5	13264	6073.655477978542	0
5	13459	6149.317356851235	1
5	13477	6154.688173246765	0
5	13505	6167.399715618966	1
5	13512	6172.35622740239	0
5	13628	6223.730048779438	1
5	13629	6224.595671604091	0
5	13674	6239.005196469118	1
5	13683	6243.856392961705	0
5	13779	6285.36322493285	1
5	13799	6291.625448128118	2
5	13838	6310.783057566753	3
5	13853	6316.562371176817	2
5	13863	6318.312358239713	1
5	13900	6331.907256692691	2
5	13915	6337.070061346454	1
5	13919	6337.875701066463	0
5	13973	6359.982960376166	1
5	13977	6360.796474310632	0
5	14089	6410.690959760508	1
5	14098	6412.693748994951	0
5	14345	6525.718476590667	1
5	14365	6535.443499294302	0
5	14371	6537.655438724186	1
5	14413	6555.870446442756	2
5	14419	6558.053584421553	3
5	14424	6560.599870229664	2
5	14437	6566.969374822061	3
5	14439	6567.117612166376	4
5	14446	6575.400158410644	3
5	14450	6578.044228788944	2
5	14462	6585.211627648499	1
5	14464	6586.582682495867	0
5	14539	6623.118012851272	1
5	14540	6623.264004276278	2
5	14577	6640.174441221114	1
5	14669	6693.62109638762	2
5	14709	6707.085810996754	1
5	14724	6710.786995691324	0
5	14779	6731.478306546399	1
5	14785	6733.395580865429	2
5	14789	6735.238920678062	3
5	14792	6736.455282664433	4
5	14793	6736.478019163481	3
5	14813	6744.441786939546	2
5	14841	6759.759723426035	1
5	14846	6760.591253279448	0
5	15013	6838.210612679064	1
5	15019	6840.324986634056	2
5	15021	6846.714263231007	1
5	15033	6850.573453775991	0
5	15103	6876.43955049681	1
5	15114	6884.281687251075	0
5	15153	6903.966843456729	1
5	15202	6924.475809119745	2
5	15223	6929.815020144083	3
5	15224	6929.965359187496	4
5	15230	6932.597352212187	3
5	15247	6937.733114130383	2
5	15270	6951.923682662475	3
5	15308	6961.692639523739	2
5	15311	6964.017619138469	1
5	15312	6964.060599049223	0
5	15319	6966.199058743285	1
5	15350	6979.376449216727	0
5	15351	6979.382545359562	1
5	15359	6986.04728975959	0
5	15367	6989.076330348888	1
5	15370	6992.30131220101	0
5	15379	6994.357314012794	1
5	15391	6999.263466615637	0
5	15414	7008.203403429073	1
5	15418	7011.141132777629	0
5	15679	7122.3253611524	1
5	15685	7125.847434197718	0
5	15737	7145.3644042299	1
5	15741	7146.910550578071	0
5	15776	7159.291940155602	1
5	15806	7168.494501794886	0
5	15822	7176.064097173429	1
5	15848	7188.611576201631	2
5	15852	7191.960913218167	1
5	15864	7195.408339915903	0
5	15942	7230.676256931336	1
5	15948	7234.531144734612	0
5	16019	7266.900252086715	1
5	16030	7272.105972453826	2
5	16055	7283.478477666069	3
5	16082	7294.297349454537	2
5	16097	7301.164555202935	3
5	16102	7304.128641608241	2
5	16110	7308.612785449778	3
5	16137	7319.762758771977	4
5	16138	7320.292568195645	5
5	16146	7327.130000520247	4
5	16164	7335.357606639308	3
5	16200	7347.164336043747	4
5	16226	7355.771384315275	3
5	16233	7358.850685628435	2
5	16239	7361.174239362044	1
5	16244	7362.956306050925	2
5	16255	7366.326730971224	3
5	16267	7375.046491412349	2
5	16282	7385.53211006587	1
5	16283	7386.296777857211	0
5	16328	7403.331851541731	1
5	16335	7405.567529038026	0
5	16531	7492.959751906998	1
5	16539	7496.156460037782	0
5	16559	7503.945242969998	1
5	16568	7507.724840535265	0
5	16788	7608.025963297369	1
5	16803	7613.733656643824	0
5	16840	7629.474631696797	1
5	16848	7632.213461392056	0
5	16938	7684.025355445904	1
5	16939	7684.407730689764	2
5	16950	7687.940958637182	1
5	16964	7691.690755348803	2
5	16996	7703.501725128839	1
5	17013	7708.553274009307	0
5	17144	7760.832443001088	1
5	17145	7760.918671210605	2
5	17148	7761.81779105639	1
5	17172	7772.701690233208	0
5	17231	7794.245593352861	1
5	17243	7802.708619265079	2
5	17252	7805.831715279516	1
5	17267	7816.343151836728	0
5	17280	7821.688794215905	1
5	17285	7824.076658608005	2
5	17288	7824.550729803842	1
5	17291	7826.867546785745	0
5	17311	7831.529697239467	1
5	17322	7834.420988016805	0
5	17426	7877.998645446361	1
5	17440	7888.950063645097	0
5	17560	7935.899300307026	1
5	17568	7939.642006684908	2
5	17569	7941.327834709745	1
5	17576	7943.448234664756	0
5	17580	7944.312949888098	1
5	17604	7953.088352336829	2
5	17614	7956.912967613217	3
5	17628	7960.485721784704	2
5	17629	7960.706433417876	3
5	17641	7964.761329827524	2
5	17688	7981.306010795675	1
5	17707	7985.412027718137	0
5	17936	8074.449752049468	1
5	17945	8080.181209842468	0
5	17962	8084.937743423415	1
5	18006	8100.086163331849	2
5	18008	8101.403245056314	1
5	18029	8110.851185550261	0
5	18295	8241.190788308507	1
5	18297	8241.357738422524	0
5	18429	8292.051804682675	1
5	18435	8293.484772655789	2
5	18465	8303.630149943978	1
5	18469	8308.573205441962	0
5	18478	8310.665795363258	1
5	18494	8316.525432978244	0
5	18578	8345.371830296969	1
5	18580	8348.801369668452	0
5	18588	8352.200123592292	1
5	18608	8361.34225913674	0
5	18624	8366.917780849189	1
5	18647	8376.03310346046	0
5	18766	8422.623958450952	1
5	18782	8428.168528536492	0
5	18842	8446.065201744929	1
5	18849	8447.462409218589	2
5	18851	8448.596597624513	1
5	18892	8464.231423111557	0
5	18898	8466.06692695478	1
5	18907	8472.622387850397	2
5	18910	8473.936217127345	3
5	18913	8474.459835178387	2
5	18939	8484.498283000406	3
5	18942	8484.857147284314	4
5	18949	8487.171027362208	3
5	18978	8498.687092831447	4
5	18985	8501.039230640879	3
5	18986	8501.411611465059	4
5	18995	8505.702155699193	3
5	19030	8518.914754022061	2
5	19035	8520.981261482705	1
5	19099	8546.790292260445	0
5	19157	8563.444628123171	1
5	19163	8565.543302687773	0
5	19170	8569.563922935988	1
5	19195	8584.98790122763	0
5	19294	8631.226602309829	1
5	19295	8631.291878533244	2
5	19322	8640.9045012686	3
5	19342	8644.569231332526	2
5	19347	8646.108124502683	3
5	19349	8646.965528861485	2
5	19367	8656.579682817315	1
5	19380	8664.74023178565	2
5	19382	8665.630360053339	1
5	19390	8669.072251171248	0
5	19459	8705.304655071787	1
5	19462	8706.79287458152	2
5	19485	8713.964396074413	3
5	19486	8714.507198133914	2
5	19489	8715.75766771896	1
5	19494	8717.932113225541	2
5	19520	8724.352007226555	3
5	19528	8728.094593279219	2
5	19537	8730.963650073781	1
5	19544	8735.954708961739	0
5	19625	8771.239299798455	1
5	19641	8778.159948593876	0
5	19715	8805.058985603164	1
5	19717	8805.291186081126	0
5	19728	8810.711795688665	1
5	19758	8825.106399615538	2
5	19767	8828.989647934349	1
5	19792	8835.676147975089	0
5	19824	8853.130941767117	1
5	19852	8868.632764024963	2
5	19894	8892.236397816578	1
5	19903	8894.117174330022	0
5	20042	8955.989684961742	1
5	20056	8962.725381110357	0
5	20261	9053.593711711023	1
5	20262	9053.888957494038	0
5	20287	9062.654484410939	1
5	20288	9063.527987842417	2
5	20329	9076.167725673265	1
5	20330	9076.278165221352	0
5	20377	9087.205103483573	1
5	20381	9088.484825316533	0
5	20494	9140.146623932818	1
5	20495	9140.173899042257	2
5	20508	9145.590096273325	1
5	20517	9148.22220890679	0
5	20525	9150.504728476093	1
5	20527	9151.0900888374	2
5	20531	9152.265179427617	1
5	20533	9152.900852039331	0
5	20701	9231.45240795098	1
5	20728	9249.613820083401	2
5	20741	9255.319157495079	1
5	20744	9256.100923627287	0
5	20753	9257.717310224712	1
5	20778	9267.352265625416	0
5	20819	9279.746414798279	1
5	20841	9286.859444176453	2
5	20884	9311.646015510718	1
5	20891	9312.842433120945	0
5	20991	9361.325559265566	1
5	21006	9372.065025426157	2
5	21007	9373.178610253254	1
5	21015	9375.189527232471	0
5	21020	9378.133418212729	1
5	21052	9394.912752350904	0
5	21246	9482.427286387412	1
5	21264	9490.011970969174	0
5	21270	9491.635539887708	1
5	21272	9492.149405965246	2
5	21273	9492.541361731326	1
5	21294	9502.451549085365	0
5	21322	9515.453109697437	1
5	21325	9517.575272164581	0
5	21424	9556.396658753786	1
5	21445	9564.842240128636	0
5	21595	9622.733767819448	1
5	21598	9622.971791214566	0
5	21778	9699.128644134511	1
5	21793	9708.58516571539	2
5	21812	9712.620882034868	3
5	21814	9713.073339331135	2
5	21837	9723.041016476278	1
5	21842	9725.497955825601	0
5	21867	9733.061177313438	1
5	21892	9744.263258529841	0
5	21948	9767.785836239521	1
5	21955	9771.262112737531	0
5	21957	9771.637017004907	1
5	21979	9778.653477651003	2
5	21995	9787.715941800565	1
5	22003	9789.230744951621	0
5	22032	9794.677753808658	1
5	22033	9795.453460223084	2
5	22059	9803.989443320998	1
5	22064	9805.783707237689	2
5	22074	9812.001419934313	1
5	22076	9812.611375783342	2
5	22086	9817.820031077449	3
5	22096	9821.325911604411	2
5	22117	9825.455554602971	3
5	22120	9828.046926459682	2
5	22138	9833.688717573199	1
5	22143	9834.498225083624	0
5	22299	9886.684085237385	1
5	22306	9892.766315238346	0
5	22408	9929.373409962329	1
5	22468	9945.921636071239	2
5	22495	9950.920641045001	3
5	22507	9960.035985310578	2
5	22513	9961.521960010776	1
5	22518	9963.277089363945	2
5	22544	9978.303899451869	1
5	22556	9983.557452743105	2
5	22567	9993.040917036423	3
5	22578	9999.743176764955	2
6	0	0	1
6	0	0	2
6	0	0	1
6	9	2.421001597036	2
6	42	11.757827139883	1
6	61	22.45313082402	2
6	82	30.787044851936	3
6	108	37.481411143305	4
6	110	37.769749017984	3
6	117	41.363886107171	4
6	127	51.084859476221	3
6	147	60.143906350909	2
6	165	71.926340625181	3
6	168	76.361276065828	2
6	181	85.852348856861	1
6	192	89.921314264853	0
6	193	90.0205343712	1
6	197	91.088710494354	0
6	346	165.661402657809	1
6	347	166.121292328156	2
6	398	189.06125417005	1
6	400	192.3892052118	0
6	512	247.499182398462	1
6	519	250.700200306305	0
6	567	267.949716457059	1
6	571	268.660805241362	2
6	579	270.082501370831	3
6	603	278.559782435359	2
6	606	279.351380007737	3
6	620	286.903384652134	4
6	622	287.470359268727	3
6	646	294.083921988319	2
6	667	299.294371225675	3
6	694	310.870145669898	2
6	702	314.043386185749	1
6	705	315.90169412959	2
6	710	318.323849819702	1
6	719	322.440610752781	0
6	794	350.631407494992	1
6	806	357.534611146699	0
6	822	362.180330265106	1
6	872	378.301948549749	2
6	882	380.993625350084	1
6	903	389.325514446585	0
6	923	399.455000790439	1
6	925	401.222627653409	2
6	936	406.146977827639	3
6	946	412.468783293681	2
6	950	413.695829623371	1
6	968	419.374241960976	2
6	972	422.18517311949	1
6	992	432.84717542547	0
6	1318	598.641091255632	1
6	1327	603.389425597038	2
6	1373	633.857224633222	1
6	1382	638.85342001985	0
6	1410	648.919163487517	1
6	1414	651.766883357048	0
6	1438	666.404364282046	1
6	1444	667.687309529315	0
6	1509	693.569951507735	1
6	1515	696.115422688077	0
6	1686	761.239136748533	1
6	1690	767.51968594294	0
6	1878	861.232990897134	1
6	1892	871.758089088587	2
6	1904	877.171191326826	3
6	1917	885.708809092508	4
6	1920	890.33581961312	3
6	1954	905.186612583246	2
6	1956	905.45410700373	1
6	1965	907.898919074014	0
6	1997	918.229847967017	1
6	2000	919.075777736864	0
6	2007	921.705584718443	1
6	2010	922.187131713502	0
6	2046	931.548604420316	1
6	2051	933.685482283735	0
6	2157	992.353617306443	1
6	2167	997.041887013003	0
6	2353	1071.292833408251	1
6	2361	1074.587363875682	0
6	2377	1079.255163293923	1
6	2393	1083.779087775651	2
6	2403	1086.41088763174	1
6	2419	1092.106764228655	2
6	2434	1095.115869171269	1
6	2491	1115.541631483723	0
6	2500	1117.603818585559	1
6	2501	1118.084435395113	2
6	2514	1126.003164272742	3
6	2520	1127.379471724134	2
6	2527	1129.515709771263	3
6	2545	1133.965467004564	4
6	2569	1142.885676366357	5
6	2574	1146.043192588916	4
6	2595	1153.678478489315	5
6	2620	1171.227524336471	4
6	2628	1176.44242572245	3
6	2655	1187.528190114708	4
6	2666	1195.28264526931	3
6	2669	1196.060389237545	2
6	2674	1197.639121198741	3
6	2678	1198.983037695329	2
6	2691	1202.257739308521	1
6	2696	1202.962965023258	2
6	2704	1204.277225875055	1
6	2719	1212.794013210238	0
6	2832	1276.874021592382	1
6	2837	1280.193288269141	2
6	2854	1287.709855585556	1
6	2856	1288.280324607907	2
6	2867	1295.425834789814	3
6	2885	1301.127974930097	2
6	2892	1306.929265135395	1
6	2905	1312.023065099464	2
6	2937	1327.744971890312	1
6	2949	1331.697446621725	0
6	2981	1346.943581524149	1
6	2994	1349.432952541914	0
6	3401	1562.0391943817	1
6	3402	1562.717242599669	2
6	3406	1563.899580031736	1
6	3418	1568.956807874247	0
6	3521	1614.260273823813	1
6	3525	1618.159394560453	2
6	3529	1619.748857256188	3
6	3533	1620.263361244563	4
6	3540	1623.047854310777	5
6	3548	1626.342638747647	6
6	3560	1628.816708168627	7
6	3564	1630.743211412259	6
6	3584	1638.20096159521	5
6	3621	1654.03704659995	6
6	3631	1658.926369036297	7
6	3643	1661.965321300887	6
6	3650	1665.783336229627	7
6	3657	1667.188369073821	6
6	3678	1675.710780093143	5
6	3700	1687.52631862053	4
6	3715	1691.233638361503	5
6	3725	1694.194083064804	6
6	3756	1705.684403964748	5
6	3786	1710.890006922032	4
6	3789	1711.293391739237	3
6	3796	1712.516204970163	4
6	3810	1716.579178065362	5
6	3811	1717.430909147763	6
6	3813	1718.391768186028	5
6	3842	1735.681622691322	6
6	3844	1736.417887234813	5
6	3854	1739.652518645098	4
6	3861	1743.768725482055	3
6	3872	1749.38410612229	2
6	3910	1767.660877505535	1
6	3956	1780.524763112716	0
6	3990	1791.349684864068	1
6	3991	1791.472984523566	0
6	4008	1794.952371957826	1
6	4031	1800.205257305296	0
6	4052	1808.546701017671	1
6	4053	1809.2002163635	0
6	4087	1827.957476907288	1
6	4139	1846.621223947594	2
6	4145	1849.537376852401	1
6	4153	1851.419117011204	0
6	4415	1964.119122976443	1
6	4420	1965.98207596537	0
6	4478	1998.162542779249	1
6	4493	2005.180077787864	2
6	4519	2021.546141674939	1
6	4520	2021.554859067188	0
6	4633	2074.433135894751	1
6	4636	2075.423797707628	2
6	4641	2078.258309265297	1
6	4661	2086.013336154097	2
6	4673	2091.692870798074	1
6	4678	2093.286800808493	0
6	4759	2130.909697817694	1
6	4795	2145.12921374871	0
6	4797	2146.121662838314	1
6	4805	2153.537861621992	0
6	4988	2250.9648862244	1
6	4991	2253.099569690126	0
6	5012	2262.374820675253	1
6	5037	2273.727780242656	0
6	5161	2321.849554431174	1
6	5234	2364.201020894341	2
6	5245	2367.778777781304	3
6	5250	2369.843769637952	2
6	5269	2381.448394494214	1
6	5271	2381.596552812796	0
6	5281	2383.710230256506	1
6	5293	2390.586609479925	2
6	5311	2397.743438711352	1
6	5322	2403.841612420843	2
6	5328	2405.76386832528	1
6	5349	2417.601785591007	0
6	5354	2418.840987119168	1
6	5368	2422.367974079445	0
6	5381	2427.333704917988	1
6	5395	2432.915602866699	0
6	5423	2440.308903737516	1
6	5440	2448.097857394523	0
6	5528	2479.957405436956	1
6	5537	2482.822060632055	2
6	5542	2486.520028457483	1
6	5549	2492.816999445882	0
6	5585	2509.2156742465	1
6	5586	2509.908009688262	0
6	5617	2525.948371944722	1
6	5631	2531.132408530286	0
6	5685	2562.173408952517	1
6	5695	2568.593783526988	0
6	5801	2617.798047259953	1
6	5814	2621.639329252804	0
6	5924	2668.933778465159	1
6	5968	2684.993207309299	0
6	6004	2700.695808987402	1
6	6040	2716.252157617728	2
6	6042	2716.826559221354	3
6	6046	2721.31570617256	2
6	6050	2726.929196749192	1
6	6053	2728.117365025939	2
6	6085	2742.024003453902	3
6	6096	2752.215936459702	2
6	6108	2761.319699345945	1
6	6115	2764.220836470237	0
6	6476	2939.808574581608	1
6	6480	2942.197428379701	0
6	6519	2955.363605149973	1
6	6520	2955.680201994192	2
6	6521	2955.818074241344	1
6	6530	2958.023091406087	2
6	6533	2959.019451982526	3
6	6537	2962.094579893349	2
6	6563	2970.488657853389	1
6	6595	2984.582107028288	0
6	6602	2985.589863347272	1
6	6650	3007.711486369066	0
6	6760	3059.715426056854	1
6	6779	3068.633334751314	0
6	6818	3086.143230977058	1
6	6820	3086.815255879521	0
6	6867	3118.547286349912	1
6	6910	3136.46482032678	2
6	6920	3144.019047172207	1
6	6945	3153.702230909546	2
6	6952	3159.521498050542	1
6	6954	3160.350475263678	0
6	7005	3179.52491151596	1
6	7015	3183.220552970093	0
6	7440	3403.20095349435	1
6	7445	3409.781996946635	2
6	7453	3414.775049984729	1
6	7472	3422.626390210611	0
6	7473	3423.228450372281	1
6	7488	3431.158513134884	0
6	7491	3431.739733033529	1
6	7497	3433.213591957606	0
6	7512	3436.819755321431	1
6	7518	3438.514299820865	2
6	7519	3439.201227872822	3
6	7543	3451.683494912033	2
6	7549	3452.945834320806	3
6	7552	3455.657324173715	2
6	7568	3460.518286715259	1
6	7589	3466.697157483176	0
6	7761	3524.996647014445	1
6	7764	3526.397754723031	2
6	7779	3532.069773159635	3
6	7808	3538.399220648032	2
6	7810	3538.612969031982	1
6	7823	3542.628050233565	0
6	7827	3544.009481787974	1
6	7843	3552.541624099382	0
6	7848	3553.78207909571	1
6	7857	3559.377256096781	0
6	7864	3563.01606269328	1
6	7866	3563.160374436433	2
6	7892	3574.227405299912	1
6	7911	3582.986432359987	0
6	7993	3625.060456819424	1
6	7996	3626.886672549323	0
6	8030	3640.319154198612	1
6	8033	3643.27995782487	2
6	8034	3643.34009792313	1
6	8049	3648.396358078594	2
6	8060	3652.875902507579	3
6	8069	3656.043766598952	4
6	8073	3660.600138924266	3
6	8077	3665.47898944642	2
6	8090	3668.577924021324	3
6	8092	3670.109871562617	2
6	8098	3676.467763531222	1
6	8102	3677.709201829036	0
6	8180	3713.810318330996	1
6	8185	3715.139238148765	2
6	8190	3716.656165225754	1
6	8211	3724.695161313849	0
6	8229	3731.547636820798	1
6	8234	3734.207093473505	0
6	8352	3790.835224974657	1
6	8357	3791.780717289868	0
6	8363	3793.229899460829	1
6	8385	3801.338241292067	0
6	8503	3854.12956171616	1
6	8504	3854.427496957438	2
6	8510	3856.712078294088	1
6	8514	3858.367992467834	0
6	8609	3895.388431697946	1
6	8644	3904.577526283313	0
6	8766	3974.254789708619	1
6	8778	3980.271641923497	2
6	8785	3982.881396787729	1
6	8831	4000.704669983298	2
6	8839	4004.280789334577	3
6	8840	4005.145053253096	2
6	8845	4007.635082773765	1
6	8878	4023.910566261568	0
6	8955	4066.489127882574	1
6	8958	4066.852994920128	0
6	8984	4074.11864085007	1
6	9018	4084.219157971643	0
6	9053	4102.318254678775	1
6	9164	4148.465178217321	2
6	9211	4172.15687018048	1
6	9222	4175.519602088899	0
6	9238	4179.912679532766	1
6	9241	4181.63833781158	0
6	9436	4265.308707007173	1
6	9476	4280.749957668898	0
6	9482	4282.607500847457	1
6	9494	4292.742768423078	0
6	9563	4325.937687805312	1
6	9571	4331.384652957439	0
6	9781	4429.860480989517	1
6	9807	4440.705736278972	2
6	9826	4458.8178755011	1
6	9831	4463.014392564716	0
6	9898	4489.987764006776	1
6	9907	4494.179285854694	0
6	9946	4513.038646356918	1
6	9958	4516.445901253591	0
6	10056	4554.097665904782	1
6	10065	4558.711055614972	0
6	10306	4674.089481891139	1
6	10313	4676.06604313146	2
6	10315	4676.734002442822	1
6	10316	4676.894245780853	0
6	10343	4684.847962844789	1
6	10385	4698.556078360178	2
6	10401	4704.279961130324	3
6	10405	4706.270907713826	2
6	10423	4713.059924733859	1
6	10432	4716.625963836173	0
6	10484	4739.128002324693	1
6	10492	4746.099134740306	0
6	10914	4952.751117002962	1
6	10916	4953.262533088215	0
6	11285	5116.222212609634	1
6	11286	5116.590361195289	0
6	11378	5169.020167074765	1
6	11390	5177.733042654257	0
6	11567	5314.056395744544	1
6	11570	5315.169151551502	0
6	11575	5318.061888614805	1
6	11597	5331.93333054782	0
6	11614	5336.486038341351	1
6	11645	5348.474628286581	2
6	11656	5351.29452725335	3
6	11663	5352.571826625455	4
6	11676	5360.707549985004	3
6	11689	5365.27437941765	2
6	11706	5371.908492811893	3
6	11707	5372.619170722691	2
6	11710	5373.769563939847	1
6	11734	5380.903170705511	0
6	11758	5390.17447113869	1
6	11764	5392.49079083668	2
6	11770	5394.834730151904	3
6	11776	5399.322042932133	2
6	11780	5401.302420025367	1
6	11794	5408.610771279387	0
6	11937	5470.653024964434	1
6	11947	5474.963025744736	2
6	11960	5481.180269630935	1
6	11964	5482.291994459603	2
6	11968	5484.598519051284	1
6	11971	5485.170807799205	0
6	12386	5667.05409094663	1
6	12388	5667.491853167986	0
6	12407	5676.145394084881	1
6	12408	5678.23031737157	0
6	12457	5705.395071358967	1
6	12468	5711.678038130583	0
6	12624	5782.429591865108	1
6	12628	5783.753747563037	0
6	12634	5784.940936506036	1
6	12639	5786.475407549843	0
6	12671	5796.665020130013	1
6	12674	5797.454500493675	0
6	12774	5855.388289043227	1
6	12787	5860.046268538246	2
6	12788	5860.149738481639	1
6	12794	5861.207751665015	2
6	12868	5893.295394945227	3
6	12880	5896.994620619932	2
6	12893	5906.169867834324	3
6	12902	5910.660165894555	2
6	12905	5911.249624324994	1
6	12911	5912.462391572188	0
6	12988	5949.962652681493	1
6	12989	5950.09214998209	0
6	13054	5975.161277028028	1
6	13060	5980.755689932846	2
6	13065	5987.139060134962	1
6	13111	6008.951141034099	0
6	13145	6018.754331933762	1
6	13152	6020.030135865892	0
6	13200	6046.642520906271	1
6	13231	6055.842867952374	2
6	13234	6057.0925928722	1
6	13253	6066.393653506142	2
6	13257	6069.177905331062	3
6	13265	6074.655477978542	4
6	13266	6076.356022197745	3
6	13270	6078.935746455388	2
6	13271	6079.392477376978	3
6	13277	6080.194120185231	2
6	13297	6088.367531197204	1
6	13312	6093.992628831938	0
6	13478	6155.688173246765	1
6	13492	6161.385044325568	2
6	13498	6165.235513491147	1
6	13516	6173.35622740239	2
6	13521	6174.523490352974	3
6	13528	6176.410915372385	4
6	13541	6182.396690056151	3
6	13559	6190.698643497639	2
6	13566	6195.074776545112	1
6	13572	6197.375010483152	0
6	13698	6249.032879604397	1
6	13747	6273.923390453333	2
6	13769	6281.561067875848	1
6	13782	6286.610507978205	0
6	13922	6338.070061346454	1
6	13924	6338.875701066463	2
6	13932	6341.546813136307	3
6	13953	6350.964019168159	2
6	13974	6360.170603504171	1
6	13983	6361.796474310632	2
6	13997	6367.50475837124	3
6	14014	6374.792197215756	2
6	14033	6387.390181487912	1
6	14064	6401.920605049657	0
6	14448	6576.400158410644	1
6	14451	6579.044228788944	2
6	14454	6580.47443435361	1
6	14459	6584.033051825355	0
6	14463	6586.211627648499	1
6	14466	6587.582682495867	2
6	14477	6592.727595552013	3
6	14479	6593.086892059721	2
6	14538	6622.975873284045	1
6	14569	6637.566934149753	0
6	14795	6737.478019163481	1
6	14806	6742.10776545048	0
6	14815	6745.441786939546	1
6	14825	6750.564116060933	0
6	14853	6761.591253279448	1
6	14855	6762.42396202262	2
6	14856	6762.982267655979	1
6	14877	6774.950631125933	2
6	14882	6777.093862094399	1
6	14886	6779.10727188481	0
6	14919	6795.602710732412	1
6	14921	6796.47288847575	0
6	15040	6852.829354606879	1
6	15044	6855.83773668006	0
6	15248	6938.733114130383	1
6	15310	6962.692639523739	2
6	15315	6965.017619138469	3
6	15316	6965.060599049223	4
6	15321	6966.397174404859	3
6	15324	6967.908492590688	2
6	15353	6980.376449216727	3
6	15354	6980.768349298255	2
6	15362	6987.04728975959	3
6	15374	6993.30131220101	4
6	15393	7000.263466615637	5
6	15407	7005.401492837628	6
6	15420	7012.141132777629	7
6	15422	7013.625647176827	6
6	15429	7015.672466634028	7
6	15432	7016.387354147626	6
6	15440	7019.177990678909	5
6	15458	7029.118128459425	6
6	15481	7037.76069185471	5
6	15511	7050.335422549822	4
6	15521	7055.835048804955	3
6	15540	7063.317923364086	4
6	15561	7070.801711419819	3
6	15577	7080.374429150634	2
6	15602	7092.589574729504	1
6	15644	7106.671343255156	2
6	15655	7113.867416278736	1
6	15659	7115.086226407762	0
6	15698	7131.168424132482	1
6	15728	7143.196706516452	0
6	15855	7192.960913218167	1
6	15861	7194.997242252205	0
6	15868	7196.408339915903	1
6	15884	7203.813810380713	0
6	15952	7235.531144734612	1
6	15959	7237.612785159323	2
6	16036	7274.341983134989	1
6	16039	7276.216825541587	0
6	16167	7336.357606639308	1
6	16178	7340.07854047843	0
6	16234	7359.850685628435	1
6	16243	7362.174239362044	2
6	16270	7376.046491412349	3
6	16278	7381.766639156034	2
6	16285	7386.53211006587	3
6	16286	7387.296777857211	4
6	16301	7393.532152665854	3
6	16307	7394.997357369685	4
6	16308	7395.157659019837	3
6	16310	7397.049814805536	2
6	16319	7399.74861411942	1
6	16324	7402.325181414732	0
6	16339	7406.567529038026	1
6	16344	7407.984052451662	2
6	16368	7417.833974945251	1
6	16376	7418.872613986114	2
6	16412	7439.675031316062	1
6	16422	7441.951830295637	2
6	16474	7468.882196332028	3
6	16475	7469.49587571198	2
6	16506	7481.69776162319	1
6	16543	7497.156460037782	2
6	16550	7499.642360605013	1
6	16571	7508.724840535265	2
6	16575	7511.413523090499	1
6	16586	7513.936710705352	0
6	16604	7517.878722903205	1
6	16625	7529.278654477419	0
6	16806	7614.733656643824	1
6	16810	7615.830027202575	0
6	16853	7633.213461392056	1
6	16860	7635.93218924315	2
6	16895	7665.699409991129	1
6	16900	7668.033282100347	2
6	16901	7668.778645827023	1
6	16906	7674.032907246022	0
6	16954	7688.940958637182	1
6	16959	7689.869782265027	0
6	17032	7713.024955672375	1
6	17045	7723.483664296902	0
6	17192	7781.024138821389	1
6	17218	7790.259390717838	0
6	17295	7827.867546785745	1
6	17296	7828.500080856967	0
6	17299	7828.770511085615	1
6	17323	7835.420988016805	2
6	17342	7841.695496694344	3
6	17346	7844.043954566878	4
6	17412	7874.480565349273	3
6	17445	7889.950063645097	4
6	17466	7902.561636684298	5
6	17477	7908.166875871576	4
6	17497	7913.283904208626	3
6	17521	7921.75394612631	2
6	17558	7934.915049452029	1
6	17571	7942.327834709745	2
6	17581	7944.448234664756	3
6	17591	7948.056036973888	2
6	17613	7956.748978071892	1
6	17632	7961.485721784704	2
6	17646	7965.761329827524	3
6	17653	7967.901885672755	2
6	17661	7971.191776821898	1
6	17668	7973.948882866976	0
6	17694	7982.306010795675	1
6	17702	7984.184852115299	0
6	17749	7998.320358662861	1
6	17757	8002.550749015017	0
6	17780	8009.238025123697	1
6	17789	8016.025402900156	2
6	17805	8020.983938090943	1
6	17813	8023.901572781802	0
6	18010	8102.403245056314	1
6	18011	8102.499405098126	0
6	18058	8127.975871110954	1
6	18062	8129.841666061856	0
6	18340	8253.909303569207	1
6	18360	8259.819590080725	2
6	18395	8278.791582873681	1
6	18416	8289.001277815303	0
6	18472	8309.573205441962	1
6	18477	8310.451913190726	0
6	18499	8317.525432978244	1
6	18504	8318.147311980015	2
6	18523	8323.954256797608	1
6	18544	8329.063791859424	2
6	18560	8337.666095151443	3
6	18561	8338.290075802889	2
6	18581	8349.801369668452	3
6	18584	8350.569372318612	2
6	18597	8356.689898129492	1
6	18600	8357.859517335161	0
6	18613	8362.34225913674	1
6	18620	8365.856016852746	0
6	18705	8399.234633728025	1
6	18714	8405.254602785503	0
6	18734	8412.103317030441	1
6	18775	8424.898157699436	0
6	18788	8429.168528536492	1
6	18791	8429.578099106973	0
6	18915	8475.459835178387	1
6	18934	8483.625206878023	0
6	18989	8502.039230640879	1
6	18996	8506.702155699193	2
6	19020	8516.552406100281	1
6	19033	8519.914754022061	2
6	19036	8521.981261482705	3
6	19041	8525.004926492132	2
6	19045	8526.165674812259	1
6	19053	8528.338103848396	0
6	19116	8550.380241008812	1
6	19120	8551.165366759015	0
6	19133	8555.496698940088	1
6	19165	8566.543302687773	2
6	19196	8585.62539810781	1
6	19198	8585.98790122763	2
6	19207	8590.566535572503	3
6	19214	8592.184518003084	2
6	19223	8596.33223118721	1
6	19228	8598.41408944885	0
6	19352	8647.965528861485	1
6	19368	8657.579682817315	2
6	19369	8659.048553060507	1
6	19378	8664.127685301797	0
6	19384	8666.630360053339	1
6	19386	8667.590750517825	0
6	19392	8670.072251171248	1
6	19393	8670.277273334916	0
6	19395	8670.797219193234	1
6	19412	8681.939761477692	0
6	19492	8716.75766771896	1
6	19532	8729.094593279219	2
6	19539	8731.963650073781	3
6	19548	8736.954708961739	4
6	19549	8737.348863182857	5
6	19562	8742.218273060037	4
6	19568	8743.549805921684	5
6	19571	8747.24645701164	4
6	19586	8754.940472212192	3
6	19593	8760.205009793584	2
6	19595	8761.079204400849	1
6	19645	8779.159948593876	2
6	19657	8784.484060074943	3
6	19691	8798.203566931253	2
6	19719	8806.291186081126	3
6	19731	8811.999095228326	2
6	19770	8829.989647934349	3
6	19772	8830.350903820841	2
6	19796	8836.676147975089	3
6	19840	8861.885301280466	2
6	19841	8862.185222445343	1
6	19881	8881.740365002096	0
6	19899	8893.236397816578	1
6	19907	8895.117174330022	2
6	19930	8909.164304230101	3
6	19947	8918.169884111898	4
6	19949	8918.794270287507	3
6	19996	8942.44663543448	2
6	20012	8947.332558676306	1
6	20017	8948.039212872071	0
6	20061	8963.725381110357	1
6	20067	8966.188292096575	2
6	20069	8967.641959895303	1
6	20092	8973.6506508237	2
6	20108	8981.960368057246	1
6	20122	8989.245984263115	0
6	20264	9054.888957494038	1
6	20267	9056.075690545609	0
6	20332	9077.278165221352	1
6	20337	9079.205723178798	2
6	20339	9080.149629981084	1
6	20345	9081.275434479118	0
6	20385	9089.484825316533	1
6	20388	9090.702267833234	0
6	20401	9096.106302958197	1
6	20413	9101.780477200374	0
6	20522	9149.22220890679	1
6	20528	9151.638846498034	0
6	20536	9153.900852039331	1
6	20545	9158.569804389279	2
6	20547	9159.928946175928	1
6	20571	9177.441311516125	0
6	20748	9257.100923627287	1
6	20782	9268.352265625416	2
6	20790	9270.129028681072	1
6	20801	9274.429007164274	2
6	20822	9280.181408619011	1
6	20852	9291.84432333969	0
6	20895	9313.842433120945	1
6	20910	9325.58757458571	2
6	20969	9351.726070181486	1
6	20994	9366.287200861249	0
6	21017	9376.189527232471	1
6	21051	9394.404295724473	0
6	21066	9399.53020303606	1
6	21078	9403.954246969181	0
6	21275	9493.541361731326	1
6	21297	9503.451549085365	2
6	21305	9511.635371630118	1
6	21315	9514.406376947367	0
6	21342	9524.643571271884	1
6	21358	9532.208648492611	0
6	21505	9590.115746803407	1
6	21506	9590.374132032131	0
6	21515	9595.518082949949	1
6	21526	9598.165751277387	0
6	21602	9623.971791214566	1
6	21614	9628.661381525538	0
6	21617	9629.112419611257	1
6	21622	9630.748735338232	2
6	21637	9638.630222145729	1
6	21680	9657.999822725829	0
6	21843	9726.497955825601	1
6	21844	9726.859831872502	0
6	21847	9728.39388041905	1
6	21857	9731.118758015945	0
6	22101	9822.325911604411	1
6	22122	9829.046926459682	2
6	22123	9829.822225623017	1
6	22132	9832.895245463064	0
6	22146	9835.498225083624	1
6	22149	9836.515644356682	0
6	22234	9864.115793240515	1
6	22240	9866.157927999013	0
6	22516	9962.521960010776	1
6	22542	9974.40135290492	0
6	22545	9979.303899451869	1
6	22563	9990.582465468458	0
7	0	0	1
7	0	0	2
7	0	0	1
7	31	8.730634499436	0
7	44	12.757827139883	1
7	48	17.791069613858	0
7	196	90.921314264853	1
7	199	92.088710494354	2
7	204	95.50906513438	3
7	206	96.58424800234	2
7	217	102.36091053643	1
7	257	125.635157401814	0
7	275	130.673355522321	1
7	301	146.512576403894	0
7	318	154.204594313394	1
7	324	159.541097876961	0
7	402	193.3892052118	1
7	405	194.435029178396	2
7	424	206.728771452732	3
7	454	225.879183700465	2
7	477	235.103594730179	1
7	481	235.689331561583	2
7	492	238.665785750051	1
7	525	251.700200306305	2
7	526	252.009574099287	3
7	539	259.263941940748	4
7	541	260.636140272264	3
7	559	266.408415821185	2
7	608	279.559782435359	3
7	624	288.470359268727	4
7	644	293.780468118658	3
7	649	295.083921988319	4
7	651	295.217944838527	3
7	680	304.746061211335	2
7	697	311.870145669898	3
7	704	315.043386185749	4
7	711	319.323849819702	5
7	723	323.440610752781	6
7	733	326.484671490323	5
7	739	328.282557733268	4
7	741	328.438920968686	3
7	745	329.356068765162	2
7	762	338.973538869221	3
7	776	344.806813905036	2
7	798	351.860056036112	1
7	800	352.53765963862	0
7	810	358.534611146699	1
7	816	360.431177836479	2
7	841	368.248911116292	1
7	865	376.846786811079	0
7	884	381.993625350084	1
7	906	390.325514446585	2
7	907	390.334931502717	3
7	914	396.044236296294	2
7	948	412.964766088756	1
7	949	413.468783293681	2
7	954	414.695829623371	3
7	965	418.955841807318	2
7	976	423.18517311949	3
7	984	428.490730039041	2
7	999	433.84717542547	3
7	1001	434.081730467166	2
7	1002	434.220723214293	3
7	1025	445.46412983913	2
7	1069	462.637766764102	1
7	1076	465.957214871569	0
7	1387	639.85342001985	1
7	1395	643.98364602824	2
7	1396	644.086478825102	1
7	1415	652.766883357048	2
7	1447	668.687309529315	3
7	1477	679.186958467227	2
7	1497	688.020875322543	1
7	1505	690.855141246293	0
7	1522	697.115422688077	1
7	1525	697.52506885459	2
7	1545	705.824781298755	1
7	1552	709.414696942978	0
7	1962	906.45410700373	1
7	1970	908.898919074014	2
7	1972	909.549568532411	3
7	2003	920.075777736864	4
7	2009	921.936211662438	3
7	2013	923.187131713502	4
7	2055	934.685482283735	5
7	2056	934.83409054597	6
7	2060	937.374080465686	5
7	2069	941.365341492351	4
7	2097	964.921140713959	3
7	2130	979.453896201983	2
7	2135	982.394583768508	1
7	2156	992.029895626865	2
7	2161	994.406904002887	1
7	2172	998.041887013003	2
7	2173	998.145118375855	3
7	2175	998.429735320829	2
7	2180	1001.840378435482	1
7	2183	1002.440429634762	0
7	2198	1008.334111699076	1
7	2220	1018.019402587651	2
7	2224	1019.09755536712	1
7	2307	1054.449525176853	0
7	2317	1059.520505118735	1
7	2321	1060.83224248292	0
7	2365	1075.587363875682	1
7	2378	1079.607886123092	0
7	2409	1087.41088763174	1
7	2438	1096.115869171269	2
7	2439	1096.219614410277	1
7	2445	1097.438396092174	0
7	2494	1116.541631483723	1
7	2523	1128.379471724134	2
7	2530	1130.152183608948	1
7	2543	1133.512148107056	0
7	2630	1177.44242572245	1
7	2641	1182.92281455412	0
7	2673	1197.060389237545	1
7	2681	1199.983037695329	2
7	2693	1202.76535716902	1
7	2694	1202.807838229486	0
7	2697	1203.257739308521	1
7	2710	1205.277225875055	2
7	2724	1213.794013210238	3
7	2728	1215.046560989088	4
7	2763	1233.691037791119	3
7	2778	1248.301689407963	2
7	2781	1250.991171590564	1
7	2783	1252.313362419197	0
7	2788	1257.281088770147	1
7	2857	1288.709855585556	2
7	2862	1290.655450152299	1
7	2872	1296.237205218611	0
7	2887	1302.127974930097	1
7	2893	1307.394710993328	0
7	2896	1307.929265135395	1
7	2900	1309.743602153787	0
7	2963	1335.502277166891	1
7	2964	1338.752690370258	0
7	3000	1352.636391895135	1
7	3001	1352.853826059892	0
7	3384	1549.35208487049	1
7	3386	1550.663492907223	0
7	3410	1564.899580031736	1
7	3415	1566.313070640752	0
7	3420	1569.956807874247	1
7	3424	1571.137951114922	0
7	3437	1577.433487641125	1
7	3453	1587.110258999993	0
7	3662	1668.188369073821	1
7	3676	1674.531918925441	0
7	3795	1712.293391739237	1
7	3800	1713.983160652295	0
7	3815	1719.391768186028	1
7	3822	1724.7231204098	0
7	3855	1740.652518645098	1
7	3856	1742.336860437333	0
7	3865	1744.768725482055	1
7	3875	1750.38410612229	2
7	3880	1753.926034404218	1
7	3881	1754.173633602484	0
7	4056	1810.2002163635	1
7	4059	1810.759578786046	2
7	4070	1815.485185430177	1
7	4094	1830.507053885745	0
7	4157	1852.419117011204	1
7	4161	1853.600733996719	0
7	4425	1967.443455617583	1
7	4441	1980.510501648271	0
7	4524	2022.554859067188	1
7	4525	2023.305776234776	0
7	4598	2063.17544200511	1
7	4603	2064.463260663694	0
7	4682	2094.286800808493	1
7	4689	2097.666549342129	0
7	4695	2100.049792387361	1
7	4798	2146.12921374871	2
7	4809	2154.537861621992	3
7	4815	2161.564541580559	4
7	4826	2168.452547218283	3
7	4828	2169.896142315793	2
7	4837	2176.051324480811	3
7	4845	2180.369228800837	2
7	4870	2192.946415537334	1
7	4896	2200.920866800538	0
7	5055	2279.839845692625	1
7	5077	2292.421324604657	0
7	5276	2382.596552812796	1
7	5313	2398.743438711352	2
7	5330	2406.76386832528	3
7	5331	2407.071846417495	2
7	5353	2418.601785591007	3
7	5371	2423.367974079445	4
7	5401	2433.915602866699	5
7	5405	2434.727763390968	4
7	5409	2435.655741605988	3
7	5411	2435.983332682464	2
7	5426	2443.390499971959	1
7	5433	2444.853011152018	0
7	5442	2449.097857394523	1
7	5459	2455.369257234771	0
7	5728	2586.941374146385	1
7	5739	2590.543302859003	0
7	5745	2594.204828709941	1
7	5787	2613.961366310973	0
7	5819	2622.639329252804	1
7	5847	2637.314134538114	0
7	5880	2648.314722993418	1
7	5881	2648.548108387226	0
7	6052	2727.929196749192	1
7	6056	2730.280664276982	0
7	6117	2765.220836470237	1
7	6122	2767.229552731389	2
7	6147	2789.225668397279	1
7	6152	2790.382704986908	2
7	6157	2791.015772826694	1
7	6173	2800.655540149861	2
7	6179	2803.229346304408	1
7	6208	2812.419716761298	0
7	6322	2864.760155973408	1
7	6408	2898.476168171281	0
7	6434	2918.55046447809	1
7	6459	2933.696800697849	0
7	6465	2935.268371388296	1
7	6483	2943.197428379701	2
7	6490	2945.631815538288	1
7	6497	2947.524598799188	2
7	6504	2950.649078206553	1
7	6524	2956.818074241344	2
7	6538	2963.094579893349	3
7	6540	2963.565400334462	2
7	6567	2971.488657853389	3
7	6589	2981.525761220636	2
7	6601	2985.582107028288	3
7	6615	2988.707621247115	2
7	6626	2994.654782903534	1
7	6651	3007.78032197507	0
7	6653	3008.711486369066	1
7	6660	3011.23403004716	2
7	6718	3031.8958800737	1
7	6738	3040.166519040817	0
7	6828	3091.571557043724	1
7	6833	3095.203949745573	0
7	6958	3161.350475263678	1
7	6959	3162.138201411108	2
7	6966	3165.543342411944	1
7	6967	3165.605320780311	0
7	7030	3188.796387039814	1
7	7067	3211.322873077915	0
7	7098	3224.341023095779	1
7	7111	3240.630778847242	2
7	7115	3243.146697585989	1
7	7128	3248.854450547366	0
7	7475	3423.626390210611	1
7	7477	3423.942712267986	0
7	7500	3434.213591957606	1
7	7536	3447.015791523278	0
7	7555	3456.657324173715	1
7	7572	3461.497238196099	0
7	7573	3461.518286715259	1
7	7584	3465.339794533974	0
7	7593	3467.697157483176	1
7	7601	3469.944215262082	0
7	7603	3470.098915924602	1
7	7613	3472.696976970896	0
7	7631	3475.271398587377	1
7	7643	3479.035202880627	2
7	7652	3480.796567437105	1
7	7683	3494.407068486093	0
7	7816	3539.612969031982	1
7	7826	3543.628050233565	2
7	7846	3553.541624099382	3
7	7858	3560.377256096781	4
7	7863	3562.379277051241	3
7	7865	3563.143622817513	2
7	7897	3575.227405299912	3
7	7914	3583.986432359987	4
7	7931	3592.334008557575	5
7	7974	3611.683548068087	4
7	7995	3626.880808735605	3
7	7998	3627.886672549323	4
7	8002	3629.48293403925	3
7	8013	3633.043734583488	2
7	8014	3633.297941781401	1
7	8037	3644.34009792313	2
7	8074	3661.600138924266	3
7	8081	3666.47898944642	4
7	8082	3666.598106921925	3
7	8093	3671.109871562617	4
7	8101	3677.467763531222	5
7	8104	3678.709201829036	6
7	8108	3681.409666527301	7
7	8127	3696.120160859118	6
7	8164	3709.497420777137	5
7	8195	3717.656165225754	6
7	8214	3725.695161313849	7
7	8231	3732.411674528993	8
7	8232	3732.710377847044	7
7	8236	3735.207093473505	8
7	8244	3741.06542430973	7
7	8253	3743.66682768235	8
7	8277	3759.278927382777	7
7	8310	3776.31374513556	6
7	8319	3779.433541071754	5
7	8323	3780.580949820543	4
7	8332	3786.294121115166	3
7	8333	3786.393007261792	2
7	8362	3792.780717289868	3
7	8364	3794.593875299007	2
7	8367	3796.786942615399	1
7	8369	3797.327942494871	0
7	8387	3802.338241292067	1
7	8392	3805.367571622456	0
7	8447	3836.299602058816	1
7	8482	3846.745814987016	0
7	8517	3859.367992467834	1
7	8519	3860.476883385014	2
7	8533	3866.223813207846	1
7	8559	3877.039430296524	2
7	8597	3891.932761773226	1
7	8614	3897.947166370278	0
7	8655	3908.988357399624	1
7	8659	3910.397982806917	0
7	8850	4008.635082773765	1
7	8855	4009.80815233194	0
7	8885	4026.646971904898	1
7	8900	4041.136321006237	0
7	8977	4071.80732851236	1
7	8978	4071.930844186877	0
7	9021	4085.219157971643	1
7	9036	4089.395100833812	2
7	9059	4106.234300437787	1
7	9083	4112.877467868882	0
7	9244	4182.63833781158	1
7	9249	4184.827606783862	2
7	9270	4195.425380103365	1
7	9278	4197.696824551251	2
7	9286	4199.548799678689	1
7	9351	4221.424243781306	2
7	9370	4231.377314652452	1
7	9371	4231.588577106425	0
7	9499	4294.982975741312	1
7	9516	4303.490195243506	0
7	9581	4335.956695919102	1
7	9611	4347.057968827736	0
7	9654	4371.764322567214	1
7	9667	4380.658666100305	0
7	9834	4464.014392564716	1
7	9835	4464.84282443325	2
7	9836	4465.759932455401	1
7	9854	4473.253988427226	0
7	9911	4495.260744125885	1
7	9914	4497.1175847702	0
7	9966	4517.483747933315	1
7	9967	4517.534292776346	0
7	10091	4570.299066168903	1
7	10109	4579.220359686988	0
7	10320	4677.894245780853	1
7	10338	4683.573128956238	0
7	10425	4714.059924733859	1
7	10429	4716.29405623187	0
7	10436	4717.625963836173	1
7	10449	4723.449178903979	0
7	10629	4806.787793624536	1
7	10632	4808.897911077535	0
7	10641	4813.401099958853	1
7	10657	4819.867919602688	0
7	10723	4846.360944135917	1
7	10747	4862.250638733293	2
7	10749	4868.920571696464	1
7	10767	4879.065455128947	0
7	10922	4956.469227651986	1
7	10938	4964.583217509146	0
7	11050	5008.644333477346	1
7	11054	5011.704249987771	2
7	11065	5015.833827403551	1
7	11066	5016.466173461692	0
7	11160	5056.136807951501	1
7	11191	5066.939885959692	0
7	11300	5126.988321787488	1
7	11308	5132.674645204773	0
7	11407	5183.209761700926	1
7	11415	5185.694760386018	2
7	11434	5199.790446865816	1
7	11456	5213.570564656952	2
7	11457	5214.123832623781	3
7	11464	5222.875362350403	4
7	11475	5238.869043473833	3
7	11511	5273.756686286189	2
7	11517	5279.04111420794	1
7	11525	5282.071668190563	0
7	11599	5332.93333054782	1
7	11601	5333.332265162823	0
7	11693	5366.27437941765	1
7	11709	5373.619170722691	2
7	11711	5374.301498118637	1
7	11713	5374.769563939847	2
7	11731	5380.09081913334	1
7	11738	5381.895068828059	0
7	11739	5381.903170705511	1
7	11743	5384.841090254612	0
7	11784	5402.302420025367	1
7	11789	5407.386122054507	0
7	11797	5409.610771279387	1
7	11811	5415.275544884254	2
7	11821	5419.825022241742	1
7	11826	5421.178546817649	0
7	11973	5485.598519051284	1
7	11975	5486.170807799205	2
7	12002	5498.869134120386	3
7	12026	5505.586385380137	2
7	12031	5508.028026155031	3
7	12054	5522.009860996391	2
7	12065	5527.990467941639	3
7	12069	5532.200479596992	2
7	12093	5539.240204732851	1
7	12109	5545.362690623067	0
7	12395	5669.827227646347	1
7	12410	5678.64210438191	0
7	12411	5679.23031737157	1
7	12412	5679.452672969385	2
7	12420	5686.173911009853	1
7	12438	5700.495849603912	0
7	12441	5700.89182653976	1
7	12449	5703.231952436195	0
7	12530	5739.342957883604	1
7	12542	5745.728852720574	0
7	12633	5784.753747563037	1
7	12643	5787.475407549843	2
7	12678	5798.454500493675	3
7	12720	5822.061173089687	4
7	12726	5828.028248685313	3
7	12742	5837.675516424271	2
7	12753	5840.883494407445	1
7	12765	5849.358521363965	0
7	12776	5856.033926000236	1
7	12793	5861.149738481639	2
7	12802	5863.444745565477	1
7	12825	5872.89129209405	0
7	12909	5912.249624324994	1
7	12913	5913.462391572188	2
7	12919	5917.094995394933	1
7	12922	5918.23260514409	0
7	13067	5988.139060134962	1
7	13115	6009.818938749588	0
7	13116	6009.951141034099	1
7	13120	6010.603039468238	2
7	13156	6021.030135865892	3
7	13159	6021.612235109387	2
7	13165	6023.732039894784	3
7	13166	6023.925470774055	2
7	13195	6045.186186705934	1
7	13203	6047.046426325264	0
7	13276	6079.935746455388	1
7	13283	6081.194120185231	2
7	13300	6088.690185222067	1
7	13302	6089.367531197204	2
7	13315	6094.992628831938	3
7	13317	6096.963426426688	2
7	13320	6098.806146081461	3
7	13322	6101.383104463576	2
7	13330	6104.418232408045	1
7	13339	6107.635690427306	0
7	13542	6183.396690056151	1
7	13543	6184.94012408978	0
7	13561	6191.698643497639	1
7	13568	6196.074776545112	2
7	13575	6198.375010483152	3
7	13583	6200.978899691995	2
7	13602	6205.254950323478	3
7	13603	6206.967009385781	2
7	13630	6225.397576454213	1
7	13668	6235.585580531654	2
7	13691	6246.858525301921	1
7	13772	6282.561067875848	2
7	13784	6287.168033711687	1
7	13786	6287.610507978205	2
7	13787	6287.903057549443	1
7	13791	6288.564866202111	2
7	13792	6288.800824806465	1
7	13808	6296.5148897845	0
7	14018	6375.792197215756	1
7	14036	6388.390181487912	2
7	14042	6390.31431967359	1
7	14043	6390.95335682508	0
7	14282	6496.338109295596	1
7	14335	6519.841788284124	0
7	14461	6585.033051825355	1
7	14471	6590.738989195643	0
7	14574	6639.404401453041	1
7	14575	6639.412088330105	0
7	14606	6652.356956517242	1
7	14720	6709.158134963803	2
7	14729	6713.286238062825	1
7	14747	6720.43326276971	2
7	14754	6723.51724382339	1
7	14761	6727.019984548473	2
7	14810	6743.10776545048	3
7	14827	6751.564116060933	4
7	14832	6753.136952470708	5
7	14857	6763.982267655979	6
7	14880	6776.620734414772	5
7	14885	6778.093862094399	6
7	14888	6780.10727188481	7
7	14924	6797.47288847575	8
7	14930	6800.829762997366	7
7	14939	6806.664541880699	6
7	14942	6807.289236075026	5
7	14969	6816.304043131631	6
7	15016	6839.316365758685	5
7	15020	6846.159043403932	4
7	15029	6849.653146672234	5
7	15047	6856.83773668006	6
7	15053	6858.522700175794	7
7	15117	6887.365217369333	8
7	15132	6898.57959996347	7
7	15140	6901.694874060113	6
7	15143	6902.348152401585	5
7	15164	6907.494372461536	4
7	15177	6910.798445718524	3
7	15185	6914.026371098739	2
7	15254	6944.759173091074	1
7	15259	6947.691897847572	0
7	15326	6968.908492590688	1
7	15356	6981.768349298255	2
7	15368	6990.895275956509	1
7	15372	6992.67232959654	0
7	15436	7017.387354147626	1
7	15443	7020.177990678909	2
7	15466	7032.767501733805	1
7	15478	7036.990962040573	0
7	15525	7056.835048804955	1
7	15526	7057.161125531338	0
7	15580	7081.374429150634	1
7	15585	7083.257546157087	0
7	15662	7116.086226407762	1
7	15666	7117.577181771968	0
7	15676	7121.428796958981	1
7	15704	7134.700940124542	0
7	15734	7144.196706516452	1
7	15740	7146.902038791441	2
7	15764	7155.972914915214	1
7	15767	7156.990357032337	0
7	15770	7157.712841805532	1
7	15825	7177.678871509845	0
7	15886	7204.813810380713	1
7	15896	7208.220042332078	0
7	15908	7213.336449741028	1
7	15950	7234.708575433331	0
7	16041	7277.216825541587	1
7	16061	7286.010810186961	0
7	16067	7288.698683585576	1
7	16090	7298.419960100912	2
7	16096	7300.489704229725	1
7	16099	7302.662924647313	0
7	16184	7341.292936983059	1
7	16188	7343.14081520964	0
7	16309	7396.157659019837	1
7	16313	7398.049814805536	2
7	16315	7398.390008440707	1
7	16320	7400.74861411942	2
7	16327	7403.325181414732	3
7	16343	7407.868849352305	2
7	16353	7412.582033065943	1
7	16374	7418.833974945251	2
7	16380	7419.885465681298	1
7	16400	7433.451556141342	0
7	16578	7512.413523090499	1
7	16582	7513.392783028906	0
7	16752	7585.425370557257	1
7	16755	7588.802511049442	0
7	16903	7669.778645827023	1
7	16908	7675.032907246022	2
7	16944	7686.364226464613	1
7	16962	7690.869782265027	2
7	16967	7692.788023883554	1
7	16975	7694.188633610153	2
7	17007	7706.73283916158	1
7	17015	7708.741195531297	2
7	17037	7720.780985158505	1
7	17048	7724.483664296902	2
7	17091	7741.402683165164	3
7	17110	7749.496184023182	4
7	17116	7752.262825981272	3
7	17147	7761.195780411467	2
7	17155	7764.213219317344	3
7	17222	7791.259390717838	4
7	17232	7794.936438652279	5
7	17259	7811.768386209731	6
7	17260	7812.333913815732	5
7	17274	7820.387094808523	4
7	17276	7820.722334356947	5
7	17284	7823.351421015949	4
7	17293	7827.728258355654	3
7	17302	7829.500080856967	4
7	17343	7841.743088694223	3
7	17347	7844.236260946167	2
7	17359	7852.668604472755	1
7	17379	7862.484765315402	0
7	17500	7914.283904208626	1
7	17525	7922.75394612631	2
7	17526	7923.142884982647	1
7	17561	7935.915049452029	2
7	17579	7944.029204836641	1
7	17584	7944.806777042206	0
7	17655	7968.901885672755	1
7	17663	7972.191776821898	2
7	17666	7973.053341600144	1
7	17671	7974.948882866976	2
7	17677	7978.530792893567	1
7	17700	7983.51159461193	0
7	17706	7985.184852115299	1
7	17709	7985.454499224674	2
7	17758	8003.550749015017	3
7	17760	8003.885169287188	2
7	17782	8013.885696675215	1
7	17809	8021.983938090943	2
7	17817	8024.901572781802	3
7	17818	8025.486377980065	2
7	17831	8030.919963438941	3
7	17839	8034.842630240643	2
7	17843	8037.701918797658	1
7	17849	8041.99419462741	0
7	17891	8056.800139665099	1
7	17901	8061.796890711223	0
7	18019	8105.370098523552	1
7	18047	8124.608346335557	0
7	18064	8130.841666061856	1
7	18078	8139.868456182088	2
7	18093	8150.99867650825	1
7	18095	8151.853452621818	0
7	18425	8290.949201655331	1
7	18443	8296.179576886734	0
7	18482	8311.451913190726	1
7	18485	8313.202840701514	0
7	18587	8351.569372318612	1
7	18590	8353.72000570044	0
7	18599	8357.689898129492	1
7	18601	8358.859517335161	2
7	18602	8359.7985565753	1
7	18605	8360.721104538792	0
7	18626	8367.823314062351	1
7	18650	8377.777725444635	0
7	18655	8380.135325514066	1
7	18697	8396.144055435448	0
7	18796	8430.578099106973	1
7	18802	8431.862743929564	2
7	18832	8443.020194673864	1
7	18859	8451.842637222602	2
7	18862	8452.330149569713	1
7	18866	8454.636726785887	0
7	18948	8486.987406838393	1
7	19024	8517.552406100281	2
7	19044	8526.004926492132	3
7	19049	8527.165674812259	4
7	19056	8529.338103848396	5
7	19062	8531.673377344469	6
7	19063	8533.640841775259	5
7	19092	8545.647765155881	4
7	19106	8548.288528365329	3
7	19112	8549.545729117763	2
7	19124	8552.165366759015	3
7	19184	8574.735262134185	2
7	19186	8577.448901358774	1
7	19197	8585.890970269182	0
7	19200	8586.62539810781	1
7	19213	8592.009145651817	0
7	19218	8593.184518003084	1
7	19221	8594.204590103879	0
7	19225	8597.33223118721	1
7	19230	8599.41408944885	2
7	19241	8608.774044672932	3
7	19242	8609.621936244594	2
7	19244	8610.440669850598	1
7	19274	8624.736613535944	0
7	19381	8665.127685301797	1
7	19388	8668.590750517825	2
7	19397	8671.277273334916	3
7	19404	8675.848858817597	2
7	19405	8676.043408183378	1
7	19414	8682.939761477692	2
7	19416	8683.810550322609	3
7	19418	8685.020175788346	2
7	19434	8698.129620819352	1
7	19451	8702.935407211043	0
7	19471	8709.504584373505	1
7	19500	8721.079145870912	0
7	19575	8748.24645701164	1
7	19587	8755.940472212192	2
7	19596	8761.205009793584	3
7	19598	8762.079204400849	4
7	19626	8773.049897897182	3
7	19642	8778.279388959303	2
7	19656	8783.829147020722	1
7	19692	8798.495633264614	0
7	19695	8799.203566931253	1
7	19711	8803.401887600063	0
7	19734	8812.999095228326	1
7	19735	8813.37788726061	0
7	19775	8831.350903820841	1
7	19817	8851.065002641122	0
7	19845	8862.885301280466	1
7	19846	8863.185222445343	2
7	19855	8869.624223911781	1
7	19861	8871.35224408172	0
7	20126	8990.245984263115	1
7	20127	8990.274198171623	2
7	20175	9013.689825524254	1
7	20176	9013.936877616171	0
7	20184	9016.683949315452	1
7	20199	9027.059285210767	0
7	20344	9081.149629981084	1
7	20352	9082.275434479118	2
7	20353	9082.558591928751	1
7	20363	9085.037265588137	0
7	20416	9102.780477200374	1
7	20418	9103.696826282231	0
7	20426	9107.797269457497	1
7	20437	9112.593856352696	0
7	20449	9115.989259911084	1
7	20475	9131.254177630871	0
7	20534	9153.253878328567	1
7	20544	9158.557596029704	0
7	20548	9160.928946175928	1
7	20574	9177.989413697992	0
7	20576	9178.441311516125	1
7	20593	9182.350543697774	2
7	20611	9192.88424023781	1
7	20658	9216.010959087916	2
7	20663	9218.074027323794	1
7	20692	9227.726832430833	0
7	20866	9299.714488782606	1
7	20917	9328.411402370727	0
7	20996	9367.287200861249	1
7	21000	9369.112287486656	0
7	21014	9374.965949031535	1
7	21054	9395.404295724473	2
7	21056	9396.089033746374	3
7	21069	9401.190644329637	2
7	21082	9404.954246969181	3
7	21089	9409.53411709686	2
7	21093	9411.017260593413	3
7	21146	9441.252132288855	4
7	21151	9442.508599707656	3
7	21180	9451.634117264927	4
7	21205	9465.06549384561	3
7	21248	9482.993410934061	2
7	21252	9485.43399365192	1
7	21254	9485.887540723606	0
7	21260	9487.674224786013	1
7	21262	9489.531916032814	0
7	21321	9515.406376947367	1
7	21331	9519.373854303135	2
7	21361	9533.208648492611	3
7	21376	9538.778945458464	4
7	21385	9542.631332037937	3
7	21405	9548.293706268276	2
7	21412	9550.786464174036	3
7	21440	9562.138011304304	2
7	21456	9569.108570098678	3
7	21476	9580.860326697018	2
7	21510	9591.374132032131	3
7	21532	9599.165751277387	4
7	21533	9599.502478005223	5
7	21538	9601.504103796744	6
7	21582	9618.9037347831	5
7	21613	9628.288523429174	4
7	21619	9629.661381525538	5
7	21630	9636.563353077927	4
7	21642	9639.630222145729	5
7	21652	9643.15824930332	4
7	21653	9643.374622046785	3
7	21682	9658.999822725829	4
7	21689	9663.111005790508	3
7	21698	9666.29460146566	4
7	21711	9671.17953621887	3
7	21716	9672.501724514971	2
7	21719	9673.076609012305	3
7	21740	9681.735371710957	2
7	21790	9707.377078237993	1
7	21803	9710.982833197149	0
7	21846	9727.859831872502	1
7	21848	9729.153334383751	0
7	21862	9732.118758015945	1
7	21865	9732.316202674805	0
7	21985	9784.165520219758	1
7	21989	9786.663749681133	0
7	22007	9789.9188532252	1
7	22018	9791.855799834856	0
7	22140	9834.255115186812	1
7	22151	9837.515644356682	2
7	22153	9839.355527786435	1
7	22155	9840.06046537267	2
7	22172	9844.808961008168	1
7	22188	9849.259018730713	0
7	22242	9867.157927999013	1
7	22243	9867.674597547566	0
7	22244	9867.743817641051	1
7	22272	9877.778463490142	0
7	22334	9900.306629501983	1
7	22348	9907.986737463522	2
7	22353	9909.533001109038	1
7	22355	9910.302379409009	0
7	22383	9919.304422005859	1
7	22448	9941.90654269608	0
7	22543	9975.40135290492	1
7	22547	9979.649292062998	0
7	22576	9998.040464602031	1
8	0	0	1
8	0	0	2
8	0	0	1
8	36	9.730634499436	2
8	51	18.791069613858	3
8	77	28.073416411149	4
8	81	30.151667519915	3
8	84	31.697926224386	2
8	85	31.819122055661	1
8	89	32.910407226543	0
8	220	103.36091053643	1
8	236	112.85295997024	0
8	262	126.635157401814	1
8	277	133.19463967123	0
8	332	160.999944585066	1
8	358	175.47171173716	0
8	497	239.665785750051	1
8	507	246.086111361065	0
8	654	296.217944838527	1
8	666	299.091807908672	0
8	746	329.438920968686	1
8	750	330.356068765162	2
8	770	343.372069210062	1
8	778	345.806813905036	2
8	780	346.581490820574	1
8	786	348.411596781697	0
8	802	352.860056036112	1
8	803	353.53765963862	2
8	804	357.198279667402	1
8	845	369.248911116292	2
8	848	370.209801901142	1
8	867	377.321013948293	0
8	871	377.846786811079	1
8	897	386.376341931365	0
8	953	413.964766088756	1
8	969	419.955841807318	2
8	975	422.759357363472	1
8	986	429.490730039041	2
8	1006	435.081730467166	3
8	1023	444.531833378952	2
8	1028	446.46412983913	3
8	1029	446.900042281335	2
8	1035	448.429173365056	1
8	1053	454.472935198656	0
8	1071	463.637766764102	1
8	1081	466.957214871569	2
8	1098	473.037432911869	3
8	1123	489.483205739747	2
8	1138	497.287418270277	3
8	1170	510.382458526395	4
8	1234	545.96529871477	3
8	1252	555.853779236048	2
8	1254	557.389092757143	1
8	1275	564.577263784988	0
8	1276	565.1154771936	1
8	1288	568.262967872558	0
8	1500	689.020875322543	1
8	1501	689.504584116791	0
8	1506	691.855141246293	1
8	1546	706.824781298755	2
8	1553	709.453689431505	1
8	1555	710.414696942978	2
8	1563	711.568989045135	3
8	1606	732.592597459462	2
8	1650	749.798619909515	1
8	1675	757.854476756848	2
8	1687	762.359405977785	1
8	1691	767.626210089001	0
8	1696	771.120977444853	1
8	1698	774.904448861611	0
8	1724	792.102781161487	1
8	1764	808.007633785585	0
8	2072	942.365341492351	1
8	2088	953.538321312525	0
8	2132	980.453896201983	1
8	2137	983.394583768508	2
8	2163	995.406904002887	3
8	2176	999.429735320829	4
8	2184	1002.840378435482	5
8	2187	1003.440429634762	6
8	2202	1010.04136154565	5
8	2228	1020.09755536712	6
8	2230	1022.156069107788	5
8	2237	1027.085396737751	4
8	2248	1032.162039573822	3
8	2254	1035.423348188907	2
8	2270	1040.101589526103	1
8	2278	1042.461152498935	0
8	2449	1098.438396092174	1
8	2467	1102.598622122404	0
8	2648	1185.134418205759	1
8	2684	1201.181947082871	0
8	2699	1203.76535716902	1
8	2700	1203.807838229486	2
8	2730	1216.401287897002	1
8	2739	1221.964380371007	0
8	2764	1234.691037791119	1
8	2777	1247.629143254787	0
8	2780	1249.301689407963	1
8	2782	1251.991171590564	2
8	2784	1253.313362419197	3
8	2800	1265.355929663389	2
8	2842	1283.047877233663	1
8	2863	1291.655450152299	2
8	2871	1296.20342097397	1
8	2878	1297.237205218611	2
8	2895	1307.731629003095	1
8	2897	1308.394710993328	2
8	2902	1310.743602153787	3
8	2908	1313.924590105748	4
8	2939	1328.531883691567	3
8	2945	1330.814589017124	4
8	2965	1339.752690370258	5
8	2987	1348.183600988109	4
8	2989	1348.564345641653	5
8	3002	1353.853826059892	6
8	3021	1367.523940508999	5
8	3022	1367.726273294022	6
8	3042	1383.168266288668	5
8	3047	1385.074403819885	6
8	3052	1386.287392197559	5
8	3078	1400.475486459903	6
8	3080	1403.875043119857	5
8	3089	1408.639113126393	4
8	3117	1421.654435940763	3
8	3126	1425.028852084452	2
8	3137	1430.20520918152	1
8	3139	1430.630165224901	2
8	3140	1430.63672795927	1
8	3161	1440.376673415963	0
8	3417	1567.313070640752	1
8	3428	1572.137951114922	2
8	3434	1575.15930957515	1
8	3440	1578.767521579911	0
8	3534	1620.601982122409	1
8	3549	1626.86323097025	0
8	3683	1677.287278388025	1
8	3687	1678.745372477454	0
8	3691	1681.014572958471	1
8	3720	1692.735711820576	0
8	3780	1709.688773202515	1
8	3804	1714.983160652295	2
8	3824	1725.7231204098	3
8	3834	1732.430883808231	2
8	3849	1737.418015820845	3
8	3850	1737.62110548036	2
8	3859	1743.336860437333	3
8	3883	1754.926034404218	4
8	3885	1755.173633602484	5
8	3888	1757.611505925196	6
8	3901	1762.889063432426	5
8	3902	1763.33244785919	4
8	3922	1770.736119066816	3
8	3941	1777.300314654981	2
8	3942	1777.349192346168	1
8	3943	1777.498607373613	0
8	3957	1780.592381966858	1
8	3980	1789.982848087029	0
8	4002	1793.775359351077	1
8	4017	1797.039101227924	0
8	4095	1831.507053885745	1
8	4103	1836.910322983515	2
8	4104	1838.198435904897	1
8	4114	1841.28862734729	0
8	4174	1856.593389668181	1
8	4187	1863.818525801898	2
8	4201	1869.250712265363	1
8	4209	1871.972222515976	0
8	4247	1888.247609869391	1
8	4261	1898.13463175647	0
8	4528	2025.265005546855	1
8	4536	2034.646439927108	0
8	4565	2042.187307734352	1
8	4581	2047.078066670626	0
8	4606	2065.463260663694	1
8	4608	2065.930831276791	2
8	4609	2066.205671773135	1
8	4616	2070.04740299078	0
8	4829	2170.896142315793	1
8	4834	2174.573117922016	0
8	4848	2181.369228800837	1
8	4853	2183.755457705587	0
8	4904	2203.754990487623	1
8	4911	2206.744513752912	0
8	5098	2301.551250211494	1
8	5108	2306.488666482427	0
8	5414	2436.655741605988	1
8	5415	2436.983332682464	2
8	5429	2443.779233892209	1
8	5430	2444.390499971959	2
8	5435	2445.853011152018	3
8	5446	2449.824347433076	2
8	5461	2456.369257234771	3
8	5465	2457.557074174973	4
8	5467	2457.966144557391	3
8	5474	2461.944531547071	4
8	5475	2462.313771915674	3
8	5491	2468.673293311796	2
8	5540	2484.364146456101	1
8	5552	2493.617008720654	2
8	5575	2499.217285218903	3
8	5600	2514.636297245691	4
8	5601	2515.772625735454	3
8	5634	2533.41665369545	4
8	5637	2535.636533484538	3
8	5638	2536.313384993758	2
8	5652	2547.109710156595	1
8	5659	2549.853668683718	0
8	5854	2639.521576237716	1
8	5884	2649.548108387226	2
8	5905	2656.346089975641	3
8	5909	2659.261111922062	2
8	5938	2676.112968348009	1
8	5950	2678.231214544746	0
8	6068	2733.15596460286	1
8	6080	2739.728902664055	0
8	6160	2792.015772826694	1
8	6184	2804.229346304408	2
8	6187	2805.103396080245	1
8	6191	2806.509953489311	0
8	6212	2813.419716761298	1
8	6217	2815.503144849528	2
8	6240	2826.496966713586	1
8	6244	2829.243727702689	0
8	6264	2837.706398790628	1
8	6267	2838.815832197704	0
8	6494	2946.631815538288	1
8	6503	2950.631998021917	0
8	6508	2951.649078206553	1
8	6522	2955.938743800115	0
8	6544	2964.565400334462	1
8	6582	2978.668438786262	0
8	6590	2982.525761220636	1
8	6616	2989.707621247115	2
8	6617	2989.954746388066	1
8	6627	2995.654782903534	2
8	6634	3002.002845011747	1
8	6654	3008.78032197507	2
8	6664	3012.583033549616	1
8	6701	3026.852903214412	0
8	6720	3032.8958800737	1
8	6725	3036.838488641441	0
8	6752	3048.848636801761	1
8	6753	3049.377808333219	0
8	6836	3097.415573213905	1
8	6865	3117.851275649841	0
8	6971	3166.543342411944	1
8	6972	3166.605320780311	2
8	6982	3169.737838650938	3
8	6986	3171.808102266766	2
8	7018	3184.236938866326	1
8	7034	3192.27901171663	0
8	7484	3427.709013710085	1
8	7490	3431.6106115545	0
8	7537	3448.015791523278	1
8	7548	3452.838183301175	2
8	7553	3455.987841195045	1
8	7554	3456.321964465635	0
8	7588	3466.339794533974	1
8	7606	3470.944215262082	2
8	7620	3473.696976970896	3
8	7633	3475.892242578009	2
8	7641	3478.907865088685	1
8	7655	3481.796567437105	2
8	7684	3495.407068486093	3
8	7694	3502.831009946148	4
8	7726	3514.563941189118	3
8	7738	3517.685192175254	2
8	7739	3517.845966447824	3
8	7747	3520.997838939703	2
8	7753	3522.908689929098	1
8	7766	3527.16177785593	0
8	7869	3564.143622817513	1
8	7891	3573.762619515188	0
8	7975	3612.683548068087	1
8	7978	3614.685401956476	0
8	7997	3627.880808735605	1
8	8000	3629.329688520503	0
8	8005	3630.48293403925	1
8	8015	3633.341895708822	0
8	8018	3634.043734583488	1
8	8019	3634.297941781401	2
8	8042	3646.385480036922	1
8	8088	3667.598106921925	2
8	8096	3675.705963962824	1
8	8130	3697.120160859118	2
8	8140	3703.833178023866	1
8	8143	3704.731020101966	0
8	8322	3780.433541071754	1
8	8324	3780.780772590024	0
8	8325	3781.580949820543	1
8	8329	3784.909512373122	0
8	8339	3787.294121115166	1
8	8340	3787.393007261792	2
8	8365	3795.593875299007	3
8	8371	3797.786942615399	4
8	8374	3798.327942494871	5
8	8395	3806.367571622456	6
8	8451	3837.443848556796	5
8	8486	3847.745814987016	6
8	8488	3848.359390055195	7
8	8526	3863.30385919962	6
8	8532	3865.33560372096	5
8	8538	3867.223813207846	6
8	8554	3874.754096731583	5
8	8582	3888.290321564146	4
8	8599	3892.932761773226	5
8	8600	3892.987416788744	4
8	8611	3897.061495006461	3
8	8619	3898.947166370278	4
8	8631	3902.336176772225	3
8	8646	3904.844134473341	4
8	8661	3911.397982806917	5
8	8671	3916.628165723486	6
8	8698	3936.605756663537	5
8	8722	3950.703990716668	4
8	8725	3951.185683692862	5
8	8728	3952.024649650449	4
8	8738	3961.959516153411	3
8	8741	3963.366646012302	4
8	8746	3964.065703394253	3
8	8780	3981.103488669834	2
8	8796	3986.362372657859	3
8	8802	3989.526002748347	2
8	8819	3996.095618829176	1
8	8826	3999.227231639775	0
8	8915	4046.286573038092	1
8	8960	4067.442813169627	2
8	8964	4068.143840555	1
8	8981	4072.930844186877	2
8	8987	4076.725027615363	1
8	9003	4080.644928744349	0
8	9120	4130.766055003589	1
8	9139	4137.4145163521	0
8	9373	4232.588577106425	1
8	9376	4234.227943167546	2
8	9392	4252.002610966312	1
8	9396	4253.144356838761	0
8	9522	4307.275198023413	1
8	9573	4331.62218097384	0
8	9614	4348.057968827736	1
8	9619	4350.622953056282	0
8	9620	4350.637010085127	1
8	9669	4381.658666100305	2
8	9686	4394.705970695371	1
8	9694	4396.725765534648	0
8	9752	4416.697102586273	1
8	9756	4418.281552671446	0
8	9925	4501.534125673745	1
8	9964	4517.361086507267	0
8	9972	4518.534292776346	1
8	9977	4519.754633980569	2
8	9980	4520.507340677584	1
8	9981	4520.860952110139	0
8	10126	4589.713357063012	1
8	10144	4595.730483558739	0
8	10351	4686.791750727463	1
8	10379	4696.925438989681	0
8	10634	4809.897911077535	1
8	10644	4814.39808198287	0
8	10659	4820.867919602688	1
8	10699	4839.867745780725	0
8	10843	4924.903379203167	1
8	10882	4942.789300343198	0
8	10887	4944.598544819358	1
8	10898	4948.238557640335	0
8	11069	5017.466173461692	1
8	11074	5019.840831080242	2
8	11082	5024.540419588453	1
8	11096	5031.859434716881	0
8	11320	5136.606888726787	1
8	11321	5138.491216456827	0
8	11521	5280.04111420794	1
8	11526	5283.071668190563	2
8	11536	5291.789964502039	3
8	11539	5294.495595787794	2
8	11571	5316.095283453002	1
8	11587	5328.104828742364	0
8	11736	5381.09081913334	1
8	11741	5382.895068828059	2
8	11742	5384.290623623609	1
8	11745	5385.841090254612	2
8	11757	5389.247975081502	1
8	11774	5395.725502610695	2
8	11792	5408.386122054507	3
8	11822	5420.600203562752	2
8	11825	5420.825022241742	3
8	11830	5422.178546817649	4
8	11833	5424.202290005307	3
8	11837	5427.366642886847	2
8	11838	5427.56104523715	3
8	11847	5431.739530589296	2
8	11853	5433.924951344585	1
8	11858	5436.704207048266	0
8	12058	5523.009860996391	1
8	12072	5533.200479596992	2
8	12096	5540.240204732851	3
8	12097	5540.662567253957	2
8	12098	5540.990246601193	1
8	12114	5546.362690623067	2
8	12117	5547.178223280592	3
8	12141	5551.948366451715	4
8	12213	5585.328065659938	3
8	12233	5595.536427163417	2
8	12236	5597.537986826894	1
8	12245	5602.122940729609	0
8	12261	5612.442787792188	1
8	12277	5619.240932387529	0
8	12443	5701.495849603912	1
8	12452	5704.231952436195	2
8	12460	5707.040373320461	3
8	12462	5708.188465180536	2
8	12467	5710.730259151567	1
8	12477	5715.410879669619	2
8	12494	5724.193423760894	3
8	12496	5725.067085492639	2
8	12508	5731.184952286093	1
8	12532	5740.338999821846	0
8	12547	5746.728852720574	1
8	12559	5751.755868967824	2
8	12568	5758.45286194249	1
8	12582	5765.227416474656	0
8	12593	5770.226933551191	1
8	12622	5782.01240085845	0
8	12767	5850.358521363965	1
8	12768	5854.102751140153	0
8	12841	5876.981175088452	1
8	12859	5888.805412594398	0
8	12924	5919.23260514409	1
8	12943	5929.686356252547	2
8	12950	5934.474742620546	1
8	12961	5939.283216325654	0
8	12975	5946.94712617292	1
8	12978	5948.05658992345	0
8	13168	6024.925470774055	1
8	13199	6046.186186705934	2
8	13208	6048.046426325264	3
8	13235	6057.13302826002	4
8	13260	6071.907952369105	5
8	13304	6089.690185222067	6
8	13311	6093.778020440982	5
8	13319	6097.963426426688	6
8	13324	6102.383104463576	7
8	13334	6105.418232408045	8
8	13344	6108.635690427306	9
8	13361	6117.280669064878	10
8	13377	6123.578944113805	9
8	13378	6123.624492660009	8
8	13408	6134.783034515025	7
8	13450	6148.084848994045	6
8	13468	6150.704464858257	5
8	13486	6158.875955494587	4
8	13508	6169.5757729328	3
8	13520	6174.490407383981	2
8	13545	6185.94012408978	3
8	13569	6196.267295340134	2
8	13585	6201.978899691995	3
8	13593	6204.003074191269	2
8	13605	6207.967009385781	3
8	13620	6217.069024218834	2
8	13632	6226.397576454213	3
8	13653	6232.67035714805	2
8	13694	6247.858525301921	3
8	13701	6250.136242425148	2
8	13703	6251.053015115668	1
8	13728	6266.395805702835	0
8	13793	6288.903057549443	1
8	13797	6289.800824806465	2
8	13811	6297.5148897845	3
8	13813	6302.199506215162	2
8	13819	6303.60926695983	3
8	13822	6304.554981748698	2
8	13836	6310.259328139643	1
8	13846	6313.883955613886	0
8	13890	6324.589455537615	1
8	13891	6326.299191734183	0
8	14045	6391.95335682508	1
8	14053	6396.343652396823	0
8	14059	6398.528158007291	1
8	14074	6406.513064252244	2
8	14117	6419.372088649897	3
8	14139	6425.500894939644	4
8	14166	6439.013060332493	3
8	14168	6439.201161620265	4
8	14173	6445.474322557602	3
8	14187	6452.294877814927	2
8	14230	6467.142550112865	3
8	14279	6493.022620001272	2
8	14313	6511.096840986507	1
8	14328	6515.804434448817	0
8	14337	6520.841788284124	1
8	14352	6530.512043543769	0
8	14484	6594.414616366004	1
8	14493	6601.786782506971	2
8	14502	6606.661901019941	1
8	14511	6608.694345133902	0
8	14756	6724.51724382339	1
8	14764	6727.984963538532	0
8	14944	6807.664541880699	1
8	14947	6808.289236075026	2
8	14956	6811.412770578946	1
8	15004	6831.939591812958	0
8	15022	6847.159043403932	1
8	15030	6850.055854643853	0
8	15150	6903.348152401585	1
8	15169	6908.494372461536	2
8	15180	6911.798445718524	3
8	15187	6915.026371098739	4
8	15193	6921.375990948818	3
8	15200	6923.866151726559	2
8	15206	6925.590825592698	1
8	15220	6928.967875951249	0
8	15261	6948.691897847572	1
8	15271	6953.023046180979	0
8	15376	6993.67232959654	1
8	15384	6996.012543375138	0
8	15404	7004.373773843279	1
8	15424	7014.247147532625	0
8	15488	7039.471225237188	1
8	15493	7041.007419234835	2
8	15516	7053.40495605546	1
8	15532	7058.161125531338	2
8	15535	7059.017337776789	3
8	15551	7067.505088860549	2
8	15556	7068.575132606445	1
8	15566	7074.360997981158	0
8	15592	7087.342354042732	1
8	15593	7087.581201824513	0
8	15609	7094.909793206544	1
8	15619	7098.291143564023	0
8	15771	7157.990357032337	1
8	15789	7162.927849138372	0
8	15836	7181.502032996608	1
8	15840	7185.723530967969	0
8	16100	7303.662924647313	1
8	16101	7304.095391186054	0
8	16106	7306.258616505427	1
8	16116	7314.028248924293	0
8	16203	7347.582761382297	1
8	16213	7350.60713478931	0
8	16317	7399.390008440707	1
8	16347	7408.868849352305	2
8	16355	7413.582033065943	3
8	16373	7418.811474516549	2
8	16382	7420.885465681298	3
8	16395	7427.856514512218	2
8	16404	7434.451556141342	3
8	16408	7436.849364134611	2
8	16418	7440.948879758154	3
8	16446	7458.589735777406	4
8	16448	7459.671048517821	3
8	16492	7474.939077970762	4
8	16493	7474.965752079283	3
8	16527	7492.127085158825	2
8	16546	7497.841628226451	3
8	16587	7514.392783028906	4
8	16593	7515.787898915688	5
8	16602	7517.291935455081	6
8	16621	7528.273434889748	5
8	16627	7530.16867008814	4
8	16629	7530.67512660525	3
8	16635	7532.337930254777	4
8	16644	7535.343974864003	5
8	16690	7559.03515121541	4
8	16707	7565.082961676949	3
8	16710	7566.108288990044	2
8	16718	7574.075456038694	1
8	16721	7574.702843848644	0
8	16760	7592.784230869477	1
8	16770	7599.380590813314	0
8	16972	7693.788023883554	1
8	16977	7695.496249373971	0
8	17039	7721.780985158505	1
8	17069	7732.239928072269	0
8	17150	7762.195780411467	1
8	17156	7764.336066545954	0
8	17298	7828.728258355654	1
8	17344	7842.743088694223	2
8	17348	7845.236260946167	3
8	17349	7847.186976153834	2
8	17354	7850.873273353629	1
8	17357	7852.151696099012	0
8	17361	7853.668604472755	1
8	17364	7856.913828069696	0
8	17403	7870.190760536024	1
8	17443	7889.786949641361	2
8	17444	7889.825954818224	1
8	17519	7921.5564963585	0
8	17585	7945.029204836641	1
8	17588	7945.806777042206	2
8	17589	7946.642363189152	3
8	17601	7952.340725463742	4
8	17621	7959.33970210077	3
8	17625	7960.011306456556	2
8	17639	7964.189578846035	1
8	17665	7972.860289616596	0
8	17669	7974.053341600144	1
8	17679	7979.401869091807	0
8	17680	7979.530792893567	1
8	17705	7984.51159461193	2
8	17764	8004.885169287188	3
8	17776	8007.703006012342	2
8	17785	8014.885696675215	3
8	17814	8024.494588740911	2
8	17821	8026.486377980065	3
8	17826	8029.384808771872	2
8	17836	8033.449640348285	1
8	17841	8035.842630240643	2
8	17844	8038.701918797658	3
8	17851	8042.99419462741	4
8	17852	8043.525943874713	5
8	17879	8050.773901583291	4
8	17896	8060.70416206274	3
8	17903	8062.796890711223	4
8	17905	8064.503872477663	5
8	17910	8067.898674050989	4
8	17924	8072.3254621346	3
8	17939	8078.121835599135	2
8	17943	8079.26349941113	1
8	18017	8104.837240908282	0
8	18099	8152.853452621818	1
8	18123	8159.892221776503	0
8	18144	8167.026435976529	1
8	18186	8184.743900062551	0
8	18505	8318.465275580098	1
8	18533	8326.122468816048	2
8	18539	8328.116518646127	1
8	18547	8329.294960005928	0
8	18606	8360.7985565753	1
8	18611	8361.721104538792	2
8	18616	8362.926672121647	3
8	18629	8369.720417877091	2
8	18649	8377.124730618956	1
8	18652	8378.777725444635	2
8	18656	8380.688915159725	1
8	18658	8381.45707290177	0
8	18712	8404.761729230394	1
8	18727	8410.394245785728	0
8	18728	8410.426542431819	1
8	18776	8424.960927155584	0
8	18864	8453.330149569713	1
8	18869	8455.636726785887	2
8	18881	8458.533379006461	1
8	18886	8460.660095635373	0
8	18890	8463.559765296096	1
8	18911	8474.183164065072	0
8	19117	8550.545729117763	1
8	19122	8551.492569720636	0
8	19188	8578.448901358774	1
8	19191	8581.764587704222	0
8	19201	8586.890970269182	1
8	19217	8593.009145651817	2
8	19222	8595.204590103879	3
8	19243	8610.109161141554	2
8	19245	8610.621936244594	3
8	19249	8611.440669850598	4
8	19257	8616.496607653587	3
8	19258	8616.686907426348	2
8	19264	8619.873320414615	1
8	19276	8625.736613535944	2
8	19282	8627.168536398841	3
8	19292	8630.933962763533	2
8	19309	8636.574171831519	1
8	19316	8639.078597196407	0
8	19318	8639.80998484252	1
8	19355	8648.791080635605	0
8	19407	8677.043408183378	1
8	19408	8677.418571086817	0
8	19421	8686.020175788346	1
8	19431	8694.51941837017	0
8	19646	8779.279388959303	1
8	19648	8780.617176617234	0
8	19660	8784.829147020722	1
8	19676	8792.940972812416	0
8	19697	8799.495633264614	1
8	19699	8799.867779454311	0
8	19862	8872.35224408172	1
8	19869	8877.355873991263	2
8	19870	8877.585445012213	1
8	19895	8892.339704079998	0
8	19904	8894.650785328191	1
8	19908	8895.377062222409	0
8	20025	8949.546350455698	1
8	20051	8961.255314156856	0
8	20096	8977.773456382287	1
8	20139	8995.578642618293	0
8	20179	9014.689825524254	1
8	20180	9014.936877616171	2
8	20186	9017.058038039071	1
8	20188	9019.711047793892	0
8	20202	9028.059285210767	1
8	20221	9038.476947023808	2
8	20240	9045.756936669562	1
8	20254	9051.287804819254	0
8	20368	9086.037265588137	1
8	20369	9086.052122007651	0
8	20378	9087.777962694863	1
8	20394	9092.831673054423	0
8	20420	9104.696826282231	1
8	20430	9111.252734174087	0
8	20579	9178.989413697992	1
8	20614	9193.88424023781	2
8	20623	9200.508937904416	1
8	20637	9206.008799332932	0
8	20665	9219.074027323794	1
8	20678	9223.5778938757	0
8	20695	9228.726832430833	1
8	20707	9233.216258277666	2
8	20762	9259.402240034107	1
8	20769	9263.00873037486	0
8	21092	9410.53411709686	1
8	21103	9417.009036065977	0
8	21255	9486.43399365192	1
8	21258	9486.887540723606	2
8	21266	9490.531916032814	3
8	21277	9494.475106089406	2
8	21295	9502.720502684153	3
8	21298	9504.219758582861	2
8	21350	9529.146747197	1
8	21368	9535.157425225437	0
8	21633	9637.563353077927	1
8	21634	9637.969063626674	0
8	21658	9644.15824930332	1
8	21659	9644.374622046785	2
8	21692	9664.111005790508	3
8	21709	9670.563237402895	2
8	21715	9672.17953621887	3
8	21720	9673.501724514971	4
8	21729	9676.106383600232	3
8	21738	9681.438220883615	2
8	21744	9682.735371710957	3
8	21754	9686.9177433784	2
8	21764	9694.676083056179	1
8	21792	9708.377078237993	2
8	21809	9711.982833197149	3
8	21815	9713.381123612432	4
8	21819	9714.443741063674	3
8	21851	9730.153334383751	4
8	21855	9730.866066531977	3
8	21868	9733.316202674805	4
8	21869	9733.433494806932	5
8	21898	9745.297245960712	4
8	21911	9750.088212570858	5
8	21928	9757.184700125795	4
8	21934	9761.211494878169	3
8	21960	9772.892642003934	2
8	21994	9787.663749681133	3
8	22013	9790.914317097862	2
8	22023	9792.855799834856	3
8	22025	9793.389821801879	4
8	22044	9798.81338513581	5
8	22063	9805.753449152602	4
8	22079	9814.577267090502	3
8	22114	9824.810992872238	4
8	22142	9834.474868058781	5
8	22148	9836.248500314374	4
8	22156	9840.355527786435	5
8	22180	9845.808961008168	6
8	22192	9850.259018730713	7
8	22198	9852.326956473788	6
8	22233	9864.031029223788	5
8	22245	9868.674597547566	6
8	22274	9877.907471506476	5
8	22275	9878.311854586257	4
8	22276	9878.332201872305	3
8	22278	9878.778463490142	4
8	22288	9883.373903818681	5
8	22309	9893.552417733052	4
8	22336	9903.725461758187	3
8	22349	9908.056193116499	2
8	22356	9910.533001109038	3
8	22357	9911.302379409009	4
8	22359	9912.631451645029	3
8	22396	9925.200889992894	2
8	22416	9931.834661494832	1
8	22428	9934.077509949117	0
9	0	0	1
9	0	0	2
9	0	0	1
9	12	3.239009347676	0
9	86	32.697926224386	1
9	88	32.819122055661	2
9	95	33.910407226543	3
9	109	37.624966221475	2
9	116	40.453646074632	3
9	118	41.460537590902	2
9	128	51.446628279556	1
9	138	54.06312488117	2
9	153	65.324647847871	3
9	160	69.664403085822	4
9	174	82.46040535462	3
9	184	86.876574846791	2
9	195	90.373615054253	3
9	207	96.821168260103	2
9	215	102.198661823932	1
9	222	105.665492080062	0
9	240	113.85295997024	1
9	252	124.627088449951	0
9	280	134.428416386712	1
9	281	134.738578411468	0
9	510	247.086111361065	1
9	515	250.413475803734	0
9	534	256.544632767006	1
9	557	265.321356919987	2
9	573	269.024469011763	3
9	586	272.644384445689	2
9	590	274.041969357014	1
9	600	278.054468270266	0
9	675	301.29935906226	1
9	726	324.91157482472	0
9	728	325.246150783446	1
9	748	330.102636533845	2
9	759	337.780945779641	1
9	764	341.51213001566	0
9	775	344.372069210062	1
9	783	347.581490820574	2
9	790	349.411596781697	3
9	808	358.198279667402	4
9	824	362.529963552738	3
9	829	364.693448137766	2
9	837	367.622217444782	1
9	850	370.424244544654	0
9	852	371.209801901142	1
9	864	376.602139046045	0
9	873	378.321013948293	1
9	887	382.681589471088	0
9	902	388.980535476029	1
9	928	402.969087538524	0
9	1031	447.900042281335	1
9	1032	448.095625703557	0
9	1040	449.429173365056	1
9	1054	455.472935198656	2
9	1078	466.165416515766	1
9	1087	470.74115214242	0
9	1253	556.853779236048	1
9	1255	558.389092757143	2
9	1259	560.215663401863	1
9	1265	562.063427614294	0
9	1279	565.577263784988	1
9	1293	569.262967872558	2
9	1301	588.193992381242	1
9	1310	595.435097386923	0
9	1311	595.579582674115	1
9	1320	600.022533466815	0
9	1411	649.868907999623	1
9	1419	657.349830318253	0
9	1694	768.626210089001	1
9	1700	775.904448861611	2
9	1738	798.546993272151	1
9	1744	799.647461888899	0
9	1789	818.034396987019	1
9	1790	818.178987268835	0
9	1810	824.292142583614	1
9	1856	841.827566647762	0
9	2090	954.538321312525	1
9	2100	965.39012091758	0
9	2102	966.06339239063	1
9	2113	968.440375725462	0
9	2240	1028.085396737751	1
9	2251	1033.162039573822	2
9	2257	1036.423348188907	3
9	2263	1037.949574619273	2
9	2274	1041.101589526103	3
9	2280	1043.461152498935	4
9	2303	1050.212961480075	5
9	2320	1060.558524474054	6
9	2332	1064.47906231944	5
9	2352	1071.249162624367	6
9	2368	1076.552451709184	5
9	2369	1077.079219587839	4
9	2376	1079.191872920948	3
9	2398	1084.781950818043	2
9	2420	1092.50738098217	3
9	2422	1092.942229503249	2
9	2429	1094.651254586149	1
9	2440	1096.328013238779	0
9	2473	1105.396183471068	1
9	2528	1129.978196645234	0
9	2540	1132.607346675456	1
9	2566	1142.244785156371	2
9	2567	1142.507984393685	3
9	2584	1148.911119275839	2
9	2616	1169.398497292685	3
9	2617	1169.590434313095	2
9	2651	1186.47945021371	1
9	2682	1200.292184687923	0
9	2689	1202.181947082871	1
9	2702	1204.001902747887	0
9	2742	1222.964380371007	1
9	2744	1223.838632317979	0
9	3023	1368.523940508999	1
9	3024	1368.648886204433	0
9	3046	1384.168266288668	1
9	3056	1387.287392197559	2
9	3057	1387.876288969728	1
9	3063	1394.427568767817	0
9	3083	1404.875043119857	1
9	3092	1409.639113126393	2
9	3119	1422.654435940763	3
9	3128	1426.028852084452	4
9	3142	1431.20520918152	5
9	3144	1431.63672795927	6
9	3149	1436.519042362578	5
9	3166	1441.376673415963	6
9	3181	1450.101842517422	5
9	3189	1454.085579628252	4
9	3206	1460.673726986975	5
9	3211	1463.873926320399	4
9	3213	1464.066133754165	3
9	3216	1465.260514764068	2
9	3217	1465.60286926947	1
9	3232	1471.206256918566	0
9	3441	1579.767521579911	1
9	3450	1584.90175652531	2
9	3461	1592.296640148071	1
9	3467	1595.979818113086	0
9	3479	1598.89286588063	1
9	3493	1604.431507915973	2
9	3543	1625.29604226022	1
9	3555	1627.86323097025	2
9	3561	1629.053345416746	3
9	3572	1634.685113863655	2
9	3574	1635.402144158424	1
9	3577	1636.667345151528	0
9	3592	1639.258859758568	1
9	3623	1654.955472416433	2
9	3639	1661.085331990459	1
9	3653	1666.480895098646	0
9	3726	1694.28407389499	1
9	3765	1707.533598951189	0
9	3853	1738.62110548036	1
9	3863	1743.827197490151	0
9	3905	1764.33244785919	1
9	3908	1766.636134205016	0
9	3925	1771.736119066816	1
9	3930	1773.266543285217	0
9	3945	1778.300314654981	1
9	3946	1778.349192346168	2
9	3947	1778.498607373613	3
9	3948	1779.15315894455	2
9	3951	1779.727231673389	1
9	3975	1788.190010471811	0
9	3987	1790.982848087029	1
9	3997	1792.70817088168	2
9	4022	1798.039101227924	3
9	4060	1811.371484005183	4
9	4061	1811.889026879893	3
9	4106	1839.198435904897	4
9	4112	1840.924997180191	3
9	4120	1842.28862734729	4
9	4154	1851.595046789518	5
9	4181	1859.360526232854	4
9	4186	1863.466434879733	3
9	4197	1868.314069829605	2
9	4205	1870.250712265363	3
9	4210	1872.065779467481	2
9	4212	1872.972222515976	3
9	4228	1878.489198280572	4
9	4265	1899.13463175647	5
9	4269	1900.808046402555	4
9	4279	1905.052652485065	5
9	4286	1909.195935485302	4
9	4295	1913.067446473508	3
9	4302	1918.167311045444	2
9	4304	1918.814166384298	1
9	4377	1947.887467312831	0
9	4541	2035.646439927108	1
9	4544	2036.151799971303	0
9	4618	2071.04740299078	1
9	4640	2077.873571005363	2
9	4643	2078.990291565302	1
9	4669	2088.385159128293	2
9	4674	2092.631355657255	1
9	4677	2092.862656356667	0
9	4857	2186.927469302137	1
9	4863	2188.889796629705	0
9	4914	2207.744513752912	1
9	4916	2208.59753357626	2
9	4948	2228.730905353462	1
9	4957	2234.864359871796	0
9	5471	2458.966144557391	1
9	5476	2463.313771915674	2
9	5477	2463.438219755382	1
9	5493	2469.673293311796	2
9	5495	2470.227148578364	1
9	5497	2471.113391591411	0
9	5642	2537.313384993758	1
9	5655	2548.109710156595	2
9	5661	2550.853668683718	3
9	5667	2552.661824690208	2
9	5671	2553.309918219071	1
9	5683	2558.084807385941	2
9	5688	2566.754418380623	1
9	5722	2582.128017518389	2
9	5744	2593.884676749747	1
9	5749	2596.112102735926	0
9	6092	2747.002125370855	1
9	6110	2761.746756676984	0
9	6116	2764.942505665235	1
9	6129	2771.784411344547	0
9	6194	2807.509953489311	1
9	6200	2809.336071931532	0
9	6247	2830.243727702689	1
9	6269	2839.815832197704	2
9	6275	2841.293803793126	3
9	6397	2893.737748432291	2
9	6399	2893.808655837693	1
9	6417	2911.074244569797	0
9	6418	2911.799419592476	1
9	6449	2930.001269872512	0
9	6525	2956.938743800115	1
9	6545	2964.583988548616	0
9	6638	3003.002845011747	1
9	6670	3013.583033549616	2
9	6706	3027.852903214412	3
9	6724	3036.838172275255	2
9	6729	3037.838488641441	3
9	6730	3038.535889243358	4
9	6746	3046.744728114538	3
9	6754	3050.377808333219	4
9	6759	3058.851318258317	5
9	6784	3070.722325282637	4
9	6801	3079.426278253383	5
9	6808	3082.685320038051	4
9	6831	3094.280279003014	5
9	6837	3098.395670568348	4
9	6870	3118.851275649841	5
9	6874	3120.155461385551	4
9	6882	3122.848799936034	3
9	6886	3124.190618795135	4
9	6894	3129.631618586403	3
9	6922	3146.493252021326	2
9	6924	3147.030113644879	1
9	6981	3169.420929097144	0
9	6989	3172.808102266766	1
9	6990	3173.053281348621	0
9	7038	3193.27901171663	1
9	7050	3198.959756072773	2
9	7061	3208.528101253635	1
9	7064	3210.479574636938	0
9	7136	3251.250025293075	1
9	7138	3252.295433382205	0
9	7186	3269.818543571138	1
9	7196	3277.856896596828	0
9	7559	3457.321964465635	1
9	7562	3458.054257014412	2
9	7583	3465.152178132251	1
9	7595	3468.371252228234	0
9	7646	3479.907865088685	1
9	7686	3498.283515033779	0
9	7732	3515.563941189118	1
9	7740	3518.685192175254	2
9	7750	3521.997838939703	3
9	7756	3523.908689929098	4
9	7768	3528.16177785593	5
9	7776	3531.101817944965	6
9	7783	3533.042856411224	5
9	7784	3533.056655340866	4
9	7797	3535.55216755947	3
9	7809	3538.596824078299	2
9	7812	3539.36343559025	1
9	7840	3550.67043399193	2
9	7896	3574.762619515188	3
9	7900	3577.028831104913	2
9	7919	3586.074631807918	1
9	7947	3597.146385762435	0
9	8020	3634.341895708822	1
9	8045	3647.385480036922	2
9	8053	3649.740482833246	1
9	8061	3653.222722865327	0
9	8147	3705.731020101966	1
9	8150	3706.897069927511	0
9	8158	3708.198350733324	1
9	8163	3709.17545457825	0
9	8254	3744.427016279775	1
9	8284	3761.378058437685	2
9	8285	3762.72304045522	1
9	8298	3770.333521405662	0
9	8326	3781.780772590024	1
9	8330	3785.909512373122	2
9	8375	3798.556279662228	1
9	8429	3831.770971480088	0
9	8535	3866.33560372096	1
9	8541	3868.284769178719	0
9	8585	3889.290321564146	1
9	8596	3891.869130182898	0
9	8604	3893.987416788744	1
9	8612	3897.557919198978	0
9	8615	3898.061495006461	1
9	8620	3899.020359447309	0
9	8636	3903.336176772225	1
9	8660	3910.517518508573	0
9	8730	3953.024649650449	1
9	8740	3962.959516153411	2
9	8751	3965.065703394253	3
9	8752	3965.323119226913	2
9	8783	3982.103488669834	3
9	8787	3984.1809594744	2
9	8804	3990.526002748347	3
9	8820	3997.095618829176	4
9	8829	4000.227231639775	5
9	8849	4008.631709328906	6
9	8860	4014.800075847154	7
9	8863	4017.167980611641	6
9	8864	4017.386025891586	5
9	8882	4025.270884631608	6
9	8884	4026.303320848685	5
9	8905	4043.415967168899	4
9	8918	4047.087314250229	3
9	8968	4068.992053114559	2
9	8969	4069.143840555	3
9	8973	4070.381900136023	2
9	8991	4077.501378041981	1
9	8993	4077.725027615363	2
9	9007	4081.644928744349	3
9	9008	4081.735264467877	2
9	9015	4083.148311362234	3
9	9020	4085.085954973637	2
9	9044	4097.453580564743	1
9	9086	4114.585706698773	2
9	9111	4128.208725844239	1
9	9141	4138.4145163521	2
9	9146	4141.034264454163	1
9	9148	4141.291514417531	2
9	9219	4174.770953615755	1
9	9246	4183.584931288408	0
9	9254	4187.323848999505	1
9	9260	4191.633477920857	0
9	9282	4198.691988032911	1
9	9283	4198.898190304402	0
9	9401	4254.259425275683	1
9	9443	4268.816236783177	0
9	9769	4422.585163761361	1
9	9770	4423.193351505651	0
9	9983	4521.507340677584	1
9	9986	4521.860952110139	2
9	9987	4522.127373579521	1
9	9989	4522.707423535032	2
9	9997	4526.112049260661	3
9	10012	4534.792606439126	2
9	10021	4537.256018097189	1
9	10066	4558.726787611856	0
9	10503	4751.499030242262	1
9	10513	4755.403607242908	2
9	10519	4757.158311777781	1
9	10541	4763.210530997141	2
9	10566	4771.355902285688	3
9	10639	4812.816136615683	2
9	10647	4815.39808198287	3
9	10653	4818.523400423428	2
9	10661	4822.04981061883	1
9	10679	4829.656376253585	0
9	10704	4841.370759534151	1
9	10716	4845.08750282105	0
9	10783	4888.954428073113	1
9	10803	4898.635632980761	0
9	11109	5034.498969889702	1
9	11144	5052.277155122056	0
9	11198	5070.800468860303	1
9	11205	5077.960752596626	0
9	11229	5085.580867307501	1
9	11238	5094.253036546012	0
9	11342	5150.582422087608	1
9	11368	5163.787681408633	0
9	11607	5334.614563737309	1
9	11612	5336.245538685586	2
9	11626	5343.353464320581	1
9	11634	5344.768684509248	2
9	11642	5347.3728820402	1
9	11647	5349.464906472425	0
9	11834	5425.202290005307	1
9	11841	5428.366642886847	2
9	11850	5432.739530589296	3
9	11855	5434.924951344585	4
9	11857	5436.370773621113	3
9	11860	5437.704207048266	4
9	11868	5439.628147065262	5
9	11872	5440.481229816146	4
9	11949	5476.225681608716	3
9	11957	5479.446084963735	2
9	11981	5491.132402934149	1
9	11992	5496.549633256309	0
9	12101	5541.990246601193	1
9	12108	5545.323060246932	0
9	12247	5603.122940729609	1
9	12258	5611.147307219151	0
9	12309	5631.540770662826	1
9	12319	5637.037647088159	2
9	12320	5637.717911914453	1
9	12329	5642.20049965757	0
9	12469	5711.730259151567	1
9	12471	5712.720751937214	0
9	12512	5732.184952286093	1
9	12514	5732.569128723516	0
9	12749	5840.268626584287	1
9	12752	5840.753199531492	0
9	12778	5856.819538189557	1
9	12797	5862.666183288929	0
9	12897	5908.196023763803	1
9	12952	5935.474742620546	2
9	12963	5940.283216325654	3
9	12973	5946.474788790405	2
9	12984	5949.05658992345	3
9	12987	5949.777469005393	4
9	12999	5955.476919405689	3
9	13003	5956.9084738248	2
9	13009	5959.146316085857	1
9	13028	5966.400504251803	2
9	13039	5970.604208065383	1
9	13078	5997.317889834898	0
9	13382	6124.624492660009	1
9	13414	6135.783034515025	2
9	13457	6149.084848994045	3
9	13470	6151.704464858257	4
9	13488	6159.875955494587	5
9	13489	6160.045397427882	4
9	13499	6165.399715618966	3
9	13509	6170.5757729328	4
9	13511	6171.623102818187	3
9	13515	6172.996090790165	2
9	13525	6175.490407383981	3
9	13570	6196.447317982261	2
9	13571	6197.267295340134	3
9	13600	6205.003074191269	4
9	13617	6214.411914675535	3
9	13622	6218.069024218834	4
9	13633	6227.035491820423	3
9	13637	6228.0755888613	2
9	13647	6231.111932778984	1
9	13659	6233.67035714805	2
9	13671	6237.005196469118	1
9	13704	6251.136242425148	2
9	13705	6252.053015115668	3
9	13710	6256.312007128466	2
9	13733	6267.395805702835	3
9	13736	6268.502329048187	4
9	13737	6268.659569463853	3
9	13749	6275.798907691323	2
9	13758	6278.295207076349	1
9	13771	6282.35643181584	0
9	13824	6305.554981748698	1
9	13826	6305.742662001029	0
9	13839	6311.259328139643	1
9	13849	6314.883955613886	2
9	13860	6317.817142708206	1
9	13893	6327.299191734183	2
9	13897	6329.907256692691	1
9	13907	6334.930415851476	2
9	13965	6357.759552089853	1
9	13982	6361.772741528374	2
9	14008	6373.703052889234	1
9	14048	6394.150422740481	0
9	14055	6397.343652396823	1
9	14061	6398.944980004387	0
9	14176	6446.474322557602	1
9	14189	6453.294877814927	2
9	14194	6455.006610834866	1
9	14196	6455.206915375925	0
9	14329	6516.804434448817	1
9	14340	6523.718476590667	0
9	14357	6531.512043543769	1
9	14359	6532.155880002478	0
9	14514	6609.694345133902	1
9	14516	6609.786169736851	2
9	14534	6621.685439848664	1
9	14553	6628.156617114496	2
9	14568	6637.291180329298	1
9	14576	6639.551486740226	0
9	14783	6732.929527278445	1
9	14784	6733.238920678062	0
9	15015	6838.89799164547	1
9	15036	6851.055854643853	2
9	15055	6859.413598190455	3
9	15057	6860.732257094775	2
9	15072	6866.901089111546	1
9	15077	6867.825311375968	0
9	15210	6926.590825592698	1
9	15214	6927.815020144083	0
9	15225	6929.967875951249	1
9	15242	6935.293678202882	2
9	15260	6948.059574207937	1
9	15273	6953.65087109339	0
9	15274	6954.023046180979	1
9	15286	6956.828471291736	2
9	15290	6957.678363776439	3
9	15314	6964.199058743285	2
9	15325	6968.773025271567	1
9	15331	6971.823200975957	0
9	15518	7054.40495605546	1
9	15524	7056.797663347059	0
9	15555	7068.505088860549	1
9	15560	7069.575132606445	2
9	15568	7075.360997981158	3
9	15584	7083.129997977425	4
9	15595	7088.581201824513	5
9	15596	7089.192836232102	4
9	15598	7090.372217970229	3
9	15612	7096.462047687096	2
9	15620	7098.364804043534	1
9	15623	7099.291143564023	2
9	15632	7101.836877580191	3
9	15654	7113.379222015181	2
9	15673	7121.028213523307	1
9	15684	7123.897442895976	2
9	15692	7130.095415345391	1
9	15709	7136.613904505955	0
9	15733	7143.744911516815	1
9	15747	7149.203806173875	0
9	15799	7167.004292029472	1
9	15818	7174.064097173429	0
9	15907	7213.315346170575	1
9	15925	7227.064042044677	0
9	16103	7305.095391186054	1
9	16107	7306.612785449778	0
9	16120	7315.028248924293	1
9	16127	7317.762758771977	0
9	16141	7321.877734719879	1
9	16145	7327.071855176633	0
9	16157	7332.850166862291	1
9	16170	7336.622588536149	0
9	16252	7365.320374289964	1
9	16272	7377.964463405084	0
9	16410	7437.849364134611	1
9	16420	7441.77000622141	0
9	16495	7475.965752079283	1
9	16497	7477.621435224189	0
9	16631	7531.16867008814	1
9	16633	7531.67512660525	2
9	16656	7539.00551508834	1
9	16692	7560.03515121541	2
9	16709	7566.082961676949	3
9	16711	7567.108288990044	4
9	16723	7575.075456038694	5
9	16726	7575.702843848644	6
9	16748	7583.98494152222	7
9	16774	7600.380590813314	8
9	16782	7603.155593907625	9
9	16800	7613.290857683069	8
9	16869	7643.09876823787	9
9	16871	7644.878614329557	8
9	16912	7676.745094107894	7
9	16929	7682.025355445904	6
9	16949	7687.817752069654	5
9	16957	7689.690755348803	4
9	16973	7693.981626371736	3
9	16979	7696.496249373971	4
9	16981	7698.332192956337	3
9	16997	7703.761243751607	2
9	17008	7707.294126503562	3
9	17041	7722.428409175526	2
9	17057	7729.054147944754	1
9	17066	7731.56594266791	0
9	17072	7733.239928072269	1
9	17076	7734.446456300911	2
9	17096	7743.119257568545	1
9	17158	7765.336066545954	2
9	17174	7773.141356076082	3
9	17193	7781.528718089253	2
9	17196	7782.505854091155	1
9	17216	7789.888616735986	0
9	17356	7851.873273353629	1
9	17360	7853.151696099012	2
9	17362	7855.536014169166	1
9	17365	7857.474072427495	0
9	17367	7857.913828069696	1
9	17370	7859.216624576921	0
9	17377	7862.053850328834	1
9	17387	7864.216156464503	0
9	17530	7924.75299131793	1
9	17545	7930.266742259388	0
9	17630	7961.011306456556	1
9	17643	7965.189578846035	2
9	17667	7973.860289616596	3
9	17683	7980.401869091807	4
9	17710	7985.726233655176	3
9	17721	7988.991605673524	2
9	17726	7990.390307712897	1
9	17728	7990.656809673134	0
9	17830	8030.384808771872	1
9	17838	8034.449640348285	2
9	17853	8043.563850855502	1
9	17865	8047.523731352805	0
9	17881	8051.773901583291	1
9	17899	8061.70416206274	2
9	17911	8068.898674050989	3
9	17912	8069.021724104054	2
9	17920	8071.560052724661	1
9	17928	8072.805202259271	0
9	17930	8073.3254621346	1
9	17942	8079.121835599135	2
9	17946	8080.26349941113	3
9	17951	8082.937743423415	2
9	17975	8090.385213255584	1
9	17986	8093.165181486151	0
9	18057	8127.750645278889	1
9	18061	8129.610187535889	0
9	18125	8160.892221776503	1
9	18162	8173.793189680348	0
9	18197	8187.845275864027	1
9	18203	8193.03802714886	0
9	18458	8301.147161747687	1
9	18484	8313.009360847132	0
9	18545	8329.116518646127	1
9	18551	8330.294960005928	2
9	18565	8340.659751965103	3
9	18568	8341.873637738177	2
9	18574	8344.27564508241	1
9	18632	8370.720417877091	2
9	18634	8371.240911763802	1
9	18637	8371.721320168191	0
9	18651	8378.124730618956	1
9	18659	8381.688915159725	2
9	18662	8382.45707290177	3
9	18663	8382.752242563092	4
9	18665	8383.554004431132	3
9	18691	8394.115213016672	2
9	18702	8398.415991748438	1
9	18722	8409.263807274581	0
9	18731	8411.394245785728	1
9	18779	8425.960927155584	2
9	18797	8430.775396621653	1
9	18814	8434.514842435722	2
9	18815	8434.912474219292	1
9	18835	8444.065201744929	0
9	18883	8459.533379006461	1
9	18888	8461.660095635373	2
9	18903	8470.622387850397	1
9	18906	8471.936217127345	0
9	18914	8475.183164065072	1
9	18925	8481.611850019372	2
9	18933	8483.520751104673	1
9	18954	8488.420510601092	0
9	19114	8549.895698592293	1
9	19126	8552.492569720636	2
9	19137	8556.616829820131	1
9	19139	8557.607222987839	0
9	19154	8562.451842785353	1
9	19162	8564.68908386406	0
9	19261	8617.686907426348	1
9	19267	8620.873320414615	2
9	19275	8625.420594247163	1
9	19287	8629.226602309829	0
9	19361	8651.180606137377	1
9	19371	8660.950606021667	0
9	19443	8699.88354878553	1
9	19447	8701.419924273132	2
9	19452	8703.304655071787	1
9	19458	8704.79287458152	0
9	19468	8708.579822812238	1
9	19511	8722.352007226555	0
9	19516	8723.218751683626	1
9	19585	8752.61433529577	2
9	19604	8764.556465745445	1
9	19622	8769.239299798455	0
9	19709	8802.993601984019	1
9	19723	8807.905838815412	2
9	19730	8811.526141544322	1
9	19738	8814.594273321884	0
9	19773	8830.461786806767	1
9	19777	8831.893071523945	0
9	19911	8896.377062222409	1
9	19923	8904.303090731604	2
9	19927	8908.154930603379	1
9	19936	8911.734406285592	0
9	19988	8939.805084165954	1
9	19992	8941.606182207889	0
9	20065	8964.89550414658	1
9	20073	8968.604077279003	0
9	20189	9020.711047793892	1
9	20203	9028.813588299393	0
9	20268	9056.223365616156	1
9	20283	9060.654484410939	0
9	20446	9114.537413628695	1
9	20452	9116.29579575607	0
9	20458	9118.418629405422	1
9	20460	9120.246803735747	0
9	20503	9143.001030817795	1
9	20512	9146.946310258575	0
9	20771	9264.00873037486	1
9	20795	9272.990827840468	0
9	20808	9275.680120170387	1
9	20818	9279.583416436354	0
9	20836	9284.359616838659	1
9	20854	9292.915082612285	0
9	20874	9304.941821508456	1
9	20926	9331.36577104539	2
9	20932	9338.159226374484	1
9	20933	9338.647256990285	0
9	20979	9357.023834188524	1
9	21012	9374.392076155732	2
9	21074	9402.702809407582	1
9	21106	9418.009036065977	2
9	21128	9433.432479593059	3
9	21172	9449.245336390171	4
9	21174	9449.725947431736	3
9	21225	9470.27699182789	4
9	21243	9480.427286387412	3
9	21278	9495.475106089406	4
9	21300	9505.219758582861	5
9	21332	9519.608269050428	4
9	21353	9530.146747197	5
9	21356	9531.906389233262	4
9	21357	9532.079124360714	3
9	21370	9536.157425225437	4
9	21372	9536.812940144702	5
9	21384	9542.404366884747	4
9	21410	9550.231889690372	5
9	21418	9553.492520564034	6
9	21420	9554.396658753786	5
9	21447	9565.059989683445	6
9	21484	9584.930762191524	7
9	21520	9596.811939261089	6
9	21556	9611.923344829226	5
9	21569	9615.750984709421	4
9	21591	9620.733767819448	3
9	21601	9623.86068704765	4
9	21605	9625.873356428916	3
9	21609	9627.058957050119	2
9	21623	9632.762682241931	1
9	21638	9638.969063626674	2
9	21646	9642.028955159685	1
9	21648	9642.469708342917	0
9	21733	9677.106383600232	1
9	21737	9681.127527178309	0
9	21743	9682.438220883615	1
9	21747	9683.452035400391	0
9	21756	9687.9177433784	1
9	21769	9695.676083056179	2
9	21798	9710.107277226533	1
9	21800	9710.620882034868	0
9	21822	9715.443741063674	1
9	21856	9731.061177313438	0
9	21860	9731.866066531977	1
9	21900	9746.297245960712	2
9	21910	9749.973377526891	1
9	21932	9758.184700125795	2
9	21937	9762.211494878169	3
9	21941	9765.785836239521	2
9	21943	9766.352721960207	1
9	21962	9773.892642003934	2
9	21965	9774.714571736048	1
9	21967	9775.234034351221	0
9	22082	9815.577267090502	1
9	22083	9815.820031077449	0
9	22279	9878.907471506476	1
9	22280	9879.311854586257	2
9	22281	9879.332201872305	3
9	22282	9881.759053384131	2
9	22291	9884.684085237385	1
9	22307	9893.016348569265	0
9	22314	9894.552417733052	1
9	22339	9904.725461758187	2
9	22352	9909.056193116499	3
9	22362	9913.631451645029	4
9	22398	9926.064179856442	3
9	22399	9926.200889992894	4
9	22421	9932.834661494832	5
9	22434	9935.077509949117	6
9	22437	9935.792933171268	7
9	22445	9940.426182254207	6
9	22446	9941.291116713598	5
9	22451	9942.721204630694	4
9	22457	9943.921636071239	3
9	22469	9945.961443667661	4
9	22504	9958.349611866173	3
9	22510	9960.659388034913	2
9	22519	9963.585975525503	1
9	22529	9967.900985409052	0
9	22553	9981.729956510749	1
9	22571	9994.944395280945	2
9	22577	9999.126187040949	1
10	0	0	1
10	0	0	2
10	0	0	1
10	1	0.000931244862	0
10	64	23.009577689575	1
10	65	23.194114285217	0
10	71	24.399885203185	1
10	87	32.816378123464	0
10	286	137.594409327865	1
10	298	143.245715148739	2
10	313	152.637111261483	3
10	374	179.280250291088	2
10	409	198.020150167034	3
10	436	211.916979861127	2
10	441	217.529168013145	1
10	448	222.466930790526	0
10	595	275.269955687687	1
10	610	280.054468270266	2
10	612	280.889432585327	3
10	623	288.011415278627	2
10	681	304.852878590603	1
10	682	305.060872424468	2
10	706	316.043608157452	1
10	707	316.66647771429	0
10	771	343.51213001566	1
10	772	343.897892850984	0
10	795	350.754424598414	1
10	797	351.596772391426	0
10	856	372.424244544654	1
10	857	372.718068085358	0
10	863	375.148017280333	1
10	870	377.828627436948	0
10	997	433.567935295952	1
10	1011	437.343955220106	0
10	1043	450.180607737152	1
10	1058	457.661681128929	2
10	1086	468.165416515766	3
10	1104	475.544464329822	4
10	1131	492.693199891105	3
10	1139	497.469701247115	2
10	1140	497.883294679399	1
10	1146	500.274243694433	0
10	1182	513.805948417829	1
10	1183	513.956614111899	2
10	1190	515.025287872985	3
10	1198	520.228803342157	2
10	1210	528.07000485215	3
10	1222	535.72055381324	2
10	1226	538.893996800279	1
10	1228	542.931345485802	0
10	1302	588.373504595672	1
10	1307	591.519225319684	0
10	1324	602.022533466815	1
10	1328	604.422272771299	0
10	1424	659.349830318253	1
10	1426	660.223790250881	0
10	1442	667.494231559433	1
10	1453	671.469298772811	2
10	1457	672.751793424116	1
10	1471	676.516101452505	0
10	1540	701.638936462854	1
10	1541	702.030558241029	2
10	1544	703.540638476623	3
10	1554	710.3254983704	2
10	1568	712.903021919563	3
10	1574	715.591335047583	4
10	1576	717.300018113827	3
10	1586	724.800466373067	2
10	1600	729.599510610186	1
10	1618	737.061921198705	2
10	1626	742.500385020594	3
10	1628	743.420694842862	4
10	1629	743.725302349786	3
10	1631	744.42821191553	2
10	1676	758.194137546824	1
10	1682	759.885596671941	0
10	1746	800.546993272151	1
10	1750	801.647461888899	2
10	1771	810.299853547533	3
10	1796	819.76420766903	4
10	1823	831.124553769301	5
10	1844	835.689178448969	6
10	1850	838.184688574104	7
10	1851	838.414537968676	8
10	1854	840.514721079141	9
10	1859	843.698433042372	10
10	1861	846.060902796898	9
10	1874	858.06516341909	8
10	1884	865.16850716547	9
10	1926	893.496717756875	8
10	1981	911.191515727617	9
10	1990	914.223380096213	8
10	2022	925.388810781686	9
10	2026	927.429617741126	10
10	2040	930.353748183737	9
10	2049	933.219227623387	8
10	2075	943.156782830864	7
10	2078	945.03385103345	6
10	2093	961.505828459453	5
10	2105	966.558057524348	4
10	2112	967.862802773615	3
10	2138	984.546516586042	2
10	2160	993.993804047744	1
10	2170	997.627752588809	2
10	2182	1002.25883524196	1
10	2212	1014.832707788071	0
10	2226	1019.352915801025	1
10	2244	1030.328838982967	0
10	2269	1039.949574619273	1
10	2273	1040.677060863577	0
10	2276	1041.576795712601	1
10	2334	1065.069858587714	0
10	2387	1082.334592694617	1
10	2394	1084.136585102862	2
10	2395	1084.147823689908	3
10	2397	1084.680097440706	4
10	2406	1086.781950818043	5
10	2411	1087.646166418109	6
10	2414	1088.50404166034	7
10	2426	1094.068477413832	6
10	2427	1094.21415856326	5
10	2446	1097.594890493976	4
10	2448	1098.328013238779	5
10	2451	1098.740059779853	6
10	2454	1099.371207809282	5
10	2465	1101.71289914106	6
10	2488	1113.107626075058	5
10	2502	1118.36488673444	6
10	2539	1131.978196645234	7
10	2549	1137.69085750407	6
10	2558	1139.695581905356	7
10	2583	1148.841132191269	8
10	2589	1150.187447963156	7
10	2626	1175.613779483762	8
10	2677	1198.593368514201	7
10	2685	1201.201710602732	6
10	2687	1201.89858821353	5
10	2692	1202.292184687923	6
10	2701	1203.857613286922	5
10	2762	1230.575392700607	6
10	2772	1241.245063548713	7
10	2793	1259.786114266202	8
10	2810	1267.136530597754	7
10	2812	1267.579528174333	8
10	2818	1269.30067601842	7
10	2827	1274.155126631259	8
10	2831	1276.794655498122	7
10	2840	1282.769025161264	6
10	2860	1290.060232143964	7
10	2864	1291.72278121974	6
10	2869	1295.72063694861	5
10	2890	1304.74431278157	6
10	2913	1316.306414888749	5
10	2916	1317.720327988203	4
10	2921	1322.299265954526	3
10	2935	1327.209056013197	4
10	2950	1332.004028754737	5
10	2961	1335.403642912263	6
10	2962	1335.419207797049	7
10	2966	1340.458237018909	6
10	2976	1343.48683682069	5
10	2985	1347.628538093066	4
10	2996	1349.817548111483	3
10	3026	1370.648886204433	4
10	3038	1380.544761763639	3
10	3041	1382.65378484421	2
10	3048	1385.180435293461	1
10	3055	1387.087938951494	0
10	3308	1509.618173295744	1
10	3310	1510.508452906547	0
10	3407	1563.909998676602	1
10	3412	1565.257775606038	0
10	3477	1598.367952635989	1
10	3552	1627.29604226022	2
10	3568	1633.530602996327	1
10	3606	1649.770993691354	2
10	3607	1650.058632776013	1
10	3655	1667.038658903725	0
10	3665	1668.649974709485	1
10	3675	1673.122649492853	2
10	3703	1688.61846106146	1
10	3708	1690.067139529442	2
10	3728	1697.03425940401	1
10	3729	1697.663309674222	0
10	3960	1781.15315894455	1
10	3983	1790.190010471811	2
10	4000	1792.953137831854	3
10	4001	1793.133249170657	2
10	4013	1796.168830911828	1
10	4023	1798.787766899939	0
10	4092	1829.509273681227	1
10	4100	1834.716384085687	0
10	4123	1842.659417228115	1
10	4124	1842.924997180191	2
10	4127	1843.201081879469	3
10	4132	1844.600600631035	4
10	4138	1846.524440410771	3
10	4142	1849.106361167401	2
10	4146	1849.763676639248	1
10	4192	1865.466434879733	2
10	4206	1870.314069829605	3
10	4214	1873.188767423606	2
10	4237	1884.889958931984	1
10	4250	1891.03783191304	0
10	4291	1911.195935485302	1
10	4306	1919.020831657501	0
10	4312	1920.167311045444	1
10	4314	1921.814931299423	0
10	4381	1949.887467312831	1
10	4382	1952.174716769662	0
10	4389	1954.973571887225	1
10	4391	1957.01176672731	0
10	4578	2046.241309532831	1
10	4600	2063.273507003897	0
10	4685	2094.862656356667	1
10	4687	2097.075964154984	0
10	4712	2104.529405520889	1
10	4716	2105.646946707168	2
10	4720	2107.301517921486	3
10	4727	2109.22723915711	2
10	4734	2112.045021989637	3
10	4735	2112.402386508689	2
10	4754	2126.741634063322	3
10	4779	2138.485180509579	4
10	4780	2138.52868821066	5
10	4788	2142.215432590303	6
10	4801	2151.401727634534	5
10	4814	2160.693812084255	4
10	4824	2165.010239949378	5
10	4860	2188.155614663269	4
10	4895	2200.729118120542	3
10	4898	2201.286694406601	4
10	4901	2201.924468337242	3
10	4907	2205.73126032086	2
10	4943	2223.011857651342	1
10	4953	2230.730905353462	2
10	5004	2258.773209170691	3
10	5006	2259.746861369318	2
10	5019	2266.784183328601	1
10	5027	2270.178304482309	0
10	5095	2299.157217782486	1
10	5102	2303.247991320754	0
10	5105	2304.99433601038	1
10	5117	2308.578924913963	2
10	5133	2311.521827522126	3
10	5169	2326.743997467917	4
10	5170	2326.886104125499	3
10	5178	2329.137010032415	4
10	5181	2329.797870927253	5
10	5195	2339.259984707195	6
10	5209	2348.123737489369	5
10	5283	2384.577827368863	6
10	5298	2392.276398851419	7
10	5302	2393.390917501592	8
10	5304	2394.255185911052	9
10	5308	2396.678146782972	8
10	5316	2401.285449926385	9
10	5317	2401.560830128632	8
10	5325	2405.115299701742	9
10	5360	2419.929253678853	10
10	5369	2422.638305223072	11
10	5382	2427.388877041538	10
10	5400	2433.858488036331	9
10	5424	2440.913688807315	10
10	5437	2446.844597357241	9
10	5445	2449.765400092542	8
10	5482	2465.438219755382	9
10	5502	2472.227148578364	10
10	5518	2477.315917319584	9
10	5531	2480.713705353652	8
10	5532	2481.498034037146	9
10	5562	2495.321560829492	10
10	5565	2495.772393955185	11
10	5567	2496.022650913834	12
10	5576	2499.896753736211	11
10	5591	2512.189122779848	10
10	5609	2518.30456581914	9
10	5610	2518.713277765101	10
10	5616	2525.838509979498	9
10	5626	2528.807140545314	10
10	5630	2529.817108286709	11
10	5639	2536.571362770951	12
10	5650	2546.596535234334	11
10	5651	2546.880221775559	12
10	5669	2552.963690032677	11
10	5700	2569.542999290748	12
10	5701	2569.57431195925	11
10	5734	2588.713134011686	10
10	5748	2595.884676749747	11
10	5755	2597.244214421524	10
10	5757	2598.112102735926	11
10	5774	2608.2760058706	10
10	5818	2622.574675468335	11
10	5821	2623.117222273928	12
10	5824	2624.619894464854	11
10	5828	2627.43794918108	10
10	5830	2630.013412817229	9
10	5855	2640.376319378896	10
10	5903	2656.078309292344	9
10	5904	2656.27386861441	10
10	5917	2663.193211386343	9
10	5926	2670.320752260622	10
10	5933	2674.305339729708	11
10	5945	2677.601029131076	12
10	5974	2687.520089307233	11
10	5981	2689.171505978711	12
10	5986	2692.07786239795	11
10	6002	2700.269498822595	10
10	6033	2710.279422998636	11
10	6034	2710.974487051212	12
10	6075	2735.93117105058	11
10	6081	2740.378116148797	10
10	6091	2746.279174569114	11
10	6104	2760.229682706232	10
10	6113	2763.746756676984	11
10	6132	2775.434205323533	10
10	6155	2790.821816689802	9
10	6166	2796.381927333746	8
10	6177	2803.197707641634	7
10	6218	2817.785997308407	6
10	6233	2824.055995680205	5
10	6263	2837.526253562047	6
10	6285	2851.444284183804	7
10	6306	2860.643355914229	6
10	6308	2861.155659659702	5
10	6348	2873.901506064248	4
10	6351	2875.694239653996	3
10	6361	2879.995279591376	2
10	6385	2887.377015667674	1
10	6391	2890.412946042555	0
10	6392	2890.494723291416	1
10	6405	2895.737748432291	2
10	6436	2918.639017704218	3
10	6471	2937.330723236847	4
10	6478	2940.316567424555	3
10	6487	2945.022610645212	4
10	6510	2952.221034008636	5
10	6523	2956.222472358266	4
10	6535	2961.025865388115	3
10	6553	2966.399007232389	4
10	6554	2966.583988548616	5
10	6555	2966.904151320143	6
10	6561	2969.73653103017	5
10	6566	2971.099216727126	4
10	6577	2975.699116553087	5
10	6628	2996.130050720254	4
10	6647	3005.068152970086	5
10	6652	3008.562140423144	4
10	6663	3012.532760112027	3
10	6675	3014.853449614343	4
10	6676	3015.109074754225	3
10	6686	3017.92336482765	4
10	6690	3018.879130536146	5
10	6707	3027.902663567284	4
10	6709	3028.843336355824	5
10	6711	3029.306131204555	4
10	6723	3036.769343093667	3
10	6772	3065.607793633515	4
10	6826	3090.103242119647	5
10	6896	3131.631618586403	6
10	6897	3132.155900611235	5
10	6916	3139.512316604643	4
10	6929	3148.19975242413	3
10	6930	3148.493252021326	4
10	6933	3149.030113644879	5
10	6937	3149.789721462404	6
10	6941	3151.482419128088	7
10	6964	3164.334989360105	6
10	6970	3166.390885062798	5
10	6977	3168.031926761674	4
10	6991	3173.377073462387	5
10	7001	3178.425103398215	6
10	7021	3186.842987921458	5
10	7042	3196.796105305508	4
10	7059	3206.261492769225	3
10	7074	3214.628877900953	2
10	7078	3216.921175189528	1
10	7100	3226.565857510153	0
10	7374	3360.772404113965	1
10	7394	3374.013687620445	2
10	7400	3381.72379850208	1
10	7407	3384.782398961248	2
10	7409	3387.016640305292	1
10	7423	3392.618080320413	2
10	7432	3397.617234878769	1
10	7478	3424.287480407869	2
10	7495	3433.004961581475	1
10	7517	3438.306768805555	0
10	7531	3445.708741670358	1
10	7538	3448.58081435635	0
10	7696	3503.539908698633	1
10	7702	3507.446378559323	0
10	7829	3544.467887595148	1
10	7836	3547.724026966584	2
10	7841	3551.086533964984	1
10	7854	3556.886157164087	2
10	7855	3557.198914346232	1
10	7877	3567.455809504703	0
10	7881	3568.993597974441	1
10	7890	3573.655346097962	0
10	7915	3584.788296168475	1
10	7927	3589.787607625587	2
10	7935	3594.14219580123	1
10	7942	3595.825328601123	0
10	8194	3717.236015812701	1
10	8226	3731.326954298632	2
10	8256	3745.912028776146	1
10	8260	3748.947160439116	0
10	8302	3772.333521405662	1
10	8336	3786.651131216245	0
10	8440	3834.229041717313	1
10	8454	3838.124233952116	0
10	8477	3843.247803184993	1
10	8479	3843.643382077602	2
10	8491	3849.460961342554	1
10	8495	3851.769538962825	0
10	8576	3885.520731458612	1
10	8592	3890.46298630141	0
10	8663	3912.517518508573	1
10	8666	3914.184968335496	0
10	8680	3924.53243602218	1
10	8689	3931.468657545748	0
10	8709	3943.202691689437	1
10	8743	3963.880610494948	0
10	8753	3965.609267547118	1
10	8756	3967.323119226913	2
10	8757	3967.797757723023	1
10	8761	3970.233862209345	2
10	8762	3971.27157503519	1
10	8788	3984.803021445232	0
10	8793	3986.1809594744	1
10	8799	3987.759355594059	0
10	8835	4002.522487620359	1
10	8862	4016.071315388808	2
10	8870	4019.386025891586	3
10	8871	4020.02699870492	4
10	8912	4045.415967168899	5
10	8925	4050.068847606688	6
10	8961	4067.683788306614	5
10	8975	4070.992053114559	6
10	8989	4077.017425824108	5
10	8992	4077.59546792172	4
10	9000	4079.501378041981	5
10	9019	4084.298040370043	4
10	9027	4087.085954973637	5
10	9045	4097.9207063063	4
10	9098	4120.016388790935	3
10	9130	4133.781446731096	2
10	9152	4143.034264454163	3
10	9163	4148.275019430494	4
10	9169	4151.680353445356	3
10	9176	4156.792923892756	2
10	9184	4159.269384579203	1
10	9186	4159.806949997513	2
10	9189	4160.328178106905	1
10	9207	4171.607200883312	2
10	9212	4172.193096545703	1
10	9231	4177.054405358362	0
10	9234	4178.141077736011	1
10	9250	4185.584931288408	2
10	9259	4191.57649405736	1
10	9266	4193.633477920857	2
10	9276	4197.523657076869	1
10	9289	4200.376526441503	0
10	9291	4200.898190304402	1
10	9292	4200.972965135745	2
10	9295	4202.340367943571	1
10	9303	4205.083069061602	2
10	9315	4210.23856595607	1
10	9334	4216.18348621748	0
10	9339	4217.958621528562	1
10	9344	4220.168919900205	0
10	9414	4257.138901157413	1
10	9416	4257.428904258275	0
10	9418	4258.048884034169	1
10	9423	4259.185371155682	0
10	9434	4264.95529278556	1
10	9442	4268.007260244641	0
10	9462	4275.954370043896	1
10	9464	4277.011306274133	0
10	9513	4302.03290285833	1
10	9524	4309.398655871514	0
10	9543	4314.60658969087	1
10	9578	4334.94778496631	0
10	9592	4341.933522702729	1
10	9596	4342.862004168261	2
10	9599	4343.271950724328	1
10	9615	4348.391187935088	2
10	9626	4354.069485958595	3
10	9641	4364.772501076845	2
10	9645	4366.687234247934	1
10	9664	4379.046247953373	0
10	9683	4392.362549468314	1
10	9688	4395.647936417722	0
10	10123	4588.69630111556	1
10	10125	4589.249870461144	0
10	10365	4690.122671131133	1
10	10366	4691.090872887927	0
10	10589	4787.04109099854	1
10	10594	4790.07454583461	0
10	10648	4815.570469935046	1
10	10652	4818.387304936836	0
10	10658	4820.523400423428	1
10	10672	4825.73027001568	2
10	10689	4831.656376253585	3
10	10692	4832.361275193351	4
10	10728	4847.394865923934	5
10	10748	4868.180053056598	4
10	10763	4877.013597252156	3
10	10770	4882.184535426528	2
10	10780	4887.472169081655	3
10	10791	4893.739323999989	2
10	10805	4899.05049961487	1
10	10811	4900.635632980761	2
10	10815	4902.397105970452	1
10	10835	4920.380611158128	0
10	10878	4936.588980628209	1
10	10880	4937.366364529246	2
10	10889	4946.136833418361	1
10	10893	4946.765513088558	0
10	11087	5027.952839463192	1
10	11098	5032.534148184057	0
10	11118	5038.198226506346	1
10	11135	5049.826220270132	0
10	11258	5101.780562552015	1
10	11262	5103.22944780465	0
10	11296	5120.083206036995	1
10	11304	5132.415716305309	2
10	11314	5134.494217693219	3
10	11327	5144.590019099977	2
10	11335	5148.130645600912	1
10	11377	5168.397366016062	0
10	11443	5206.587599953792	1
10	11448	5208.548164526107	0
10	11468	5227.031032641474	1
10	11473	5237.342935365006	0
10	11638	5345.898525864155	1
10	11658	5351.464906472425	2
10	11666	5353.989942053045	1
10	11683	5364.15734107183	0
10	11695	5366.629542897602	1
10	11724	5377.675357463025	0
10	11888	5446.138609698451	1
10	11890	5447.08934971834	0
10	11894	5448.110393327221	1
10	11901	5453.727771295238	0
10	11920	5461.539923729496	1
10	11931	5468.282774216055	0
10	12158	5556.764052774431	1
10	12174	5563.611834345344	2
10	12183	5569.886060257575	1
10	12222	5590.42052543124	2
10	12243	5600.253997428242	3
10	12248	5603.345987891996	2
10	12268	5614.649588890624	3
10	12269	5615.227885717822	2
10	12280	5620.557261374898	1
10	12285	5626.036829128457	0
10	12337	5644.20049965757	1
10	12341	5648.368705494095	0
10	12623	5782.422205226426	1
10	12644	5787.834681950067	0
10	12653	5790.340000867647	1
10	12658	5792.946674950734	0
10	12679	5798.484173793214	1
10	12735	5830.672460041316	2
10	12779	5857.215578109463	1
10	12809	5864.666183288929	2
10	12812	5865.223074102587	3
10	12818	5869.10212867283	2
10	12850	5882.620877403455	1
10	12858	5888.693046792003	0
10	12960	5938.744392486468	1
10	12995	5953.53903925206	0
10	13045	5972.324245449335	1
10	13047	5972.604208065383	2
10	13050	5974.112533982893	1
10	13077	5996.113321276752	2
10	13087	6002.2478985057	1
10	13101	6005.731705616593	2
10	13135	6014.747923096795	3
10	13149	6019.444526256542	4
10	13151	6019.970097965464	5
10	13155	6020.826363684532	6
10	13170	6025.471627804961	5
10	13175	6030.059483917422	4
10	13185	6041.92763462075	3
10	13204	6047.091687012853	2
10	13206	6047.888362762962	3
10	13214	6049.801794683172	4
10	13225	6053.651871931576	5
10	13229	6055.239961800156	6
10	13244	6062.411536092165	5
10	13254	6066.474784588832	6
10	13273	6079.839780386511	5
10	13274	6079.88543066992	4
10	13278	6080.585766193995	5
10	13284	6082.052139364404	4
10	13286	6082.348295344153	3
10	13316	6095.49441074879	4
10	13321	6101.15202779674	3
10	13328	6103.677060737307	2
10	13351	6111.706923534843	1
10	13356	6115.197814674793	0
10	13536	6180.553141210394	1
10	13537	6180.693382047234	2
10	13552	6188.200251999396	1
10	13553	6188.622136699675	0
10	13872	6319.817142708206	1
10	13898	6330.504185494711	2
10	13911	6335.775538390476	1
10	13928	6339.904158599945	2
10	13964	6354.956919293511	3
10	13971	6359.759552089853	4
10	13985	6362.196295866679	5
10	13986	6362.429593187803	4
10	13999	6371.145655806674	3
10	14005	6372.269343250407	4
10	14007	6373.266418819443	5
10	14017	6375.703052889234	6
10	14019	6377.616538695644	5
10	14037	6388.686773929325	4
10	14041	6390.165857700923	5
10	14063	6400.944980004387	6
10	14080	6408.64213526504	5
10	14090	6410.908925867086	4
10	14102	6416.024215673556	3
10	14107	6417.503619693717	2
10	14158	6435.604086171066	1
10	14175	6446.421796016357	0
10	14193	6454.966601225544	1
10	14195	6455.091424027324	0
10	14197	6455.407903344217	1
10	14203	6457.006610834866	2
10	14204	6457.206915375925	3
10	14224	6465.823102965474	2
10	14238	6470.926808681295	1
10	14255	6481.310849265763	0
10	14653	6684.989638978665	1
10	14688	6700.303441825375	2
10	14689	6700.650606807758	1
10	14696	6702.132986076507	2
10	14699	6702.564091877325	1
10	14719	6709.153317008062	2
10	14725	6710.950999064404	3
10	14741	6719.29302416926	2
10	14753	6723.439864166231	3
10	14812	6743.924213229789	4
10	14836	6758.176582850435	3
10	14837	6758.854399449601	2
10	14854	6762.110959511946	3
10	14864	6768.622331135888	2
10	14890	6781.506457237069	1
10	14906	6788.965319032109	0
10	15074	6867.147067886232	1
10	15084	6868.901089111546	2
10	15122	6892.917999210084	1
10	15159	6905.981234975906	2
10	15162	6906.739182583692	1
10	15170	6908.601135552237	0
10	15309	6961.873992313747	1
10	15330	6970.773025271567	2
10	15336	6974.051314834966	3
10	15338	6976.23754389417	2
10	15347	6978.834026157516	3
10	15348	6978.974505565888	2
10	15349	6979.236008235088	3
10	15361	6986.30183217489	2
10	15364	6987.278276185463	3
10	15396	7001.797946570649	2
10	15400	7003.159423866008	1
10	15421	7012.837325337428	2
10	15439	7018.568706820072	1
10	15441	7019.356467309113	2
10	15448	7022.645104676918	1
10	15456	7028.612717329141	0
10	15476	7035.116567811303	1
10	15507	7048.809275862691	0
10	15510	7050.131056436748	1
10	15528	7057.591842642131	0
10	15900	7209.647712703245	1
10	15915	7220.98844767252	0
10	16293	7389.8524580922	1
10	16304	7394.159292854338	2
10	16311	7397.119314722112	1
10	16318	7399.744794274323	2
10	16338	7406.483215542777	3
10	16348	7409.399665791026	4
10	16351	7410.689044938415	3
10	16396	7428.243811460407	4
10	16402	7433.936684545321	3
10	16425	7443.77000622141	4
10	16427	7444.505589116986	3
10	16429	7448.167688980867	2
10	16433	7454.426443225957	1
10	16464	7464.172783749976	0
10	16815	7617.348566554276	1
10	16819	7619.970110509017	0
10	16883	7651.410782019209	1
10	16889	7660.935916412328	0
10	16905	7670.846648780917	1
10	16924	7680.232893362836	0
10	16990	7702.082440036705	1
10	16993	7703.158873261989	0
10	17054	7728.446611899152	1
10	17062	7730.622601252732	0
10	17074	7733.56594266791	1
10	17092	7741.713002181082	0
10	17105	7745.119257568545	1
10	17107	7746.687541901947	2
10	17132	7758.943122448063	1
10	17134	7759.271123524636	0
10	17371	7859.474072427495	1
10	17374	7860.734281027478	2
10	17376	7861.216624576921	3
10	17378	7862.358928940643	2
10	17380	7862.505585621962	1
10	17391	7866.216156464503	2
10	17393	7866.68666389567	1
10	17409	7872.450327053098	2
10	17423	7877.310538965537	1
10	17432	7885.036629208084	0
10	17489	7910.703845029668	1
10	17494	7912.236879540091	0
10	17503	7915.180245166053	1
10	17504	7915.318611586311	0
10	17699	7983.427720908114	1
10	17718	7987.726233655176	2
10	17720	7988.919082210482	1
10	17737	7993.562104908014	2
10	17750	7998.430947829739	3
10	17754	7999.619801858892	4
10	17756	8001.526934364726	5
10	17761	8004.276983796303	4
10	17781	8012.975709855485	3
10	17795	8019.447982709084	4
10	17806	8021.687127991355	5
10	17854	8044.540809219897	4
10	17856	8045.490129749534	3
10	17858	8045.563850855502	4
10	17859	8046.257766177074	3
10	17888	8054.745287038524	4
10	17892	8058.547593297082	3
10	17898	8060.877906244752	2
10	17906	8065.141527562967	1
10	17908	8066.875302094914	0
10	17993	8095.165181486151	1
10	17994	8095.174527403727	2
10	18007	8100.399026807573	3
10	18009	8102.099085313609	2
10	18013	8103.319236389477	1
10	18026	8108.209860459317	0
10	18027	8108.339071210045	1
10	18039	8118.258979413791	2
10	18042	8120.898807043795	1
10	18046	8123.238909105363	2
10	18048	8124.674776577683	1
10	18066	8133.53350310319	0
10	18097	8152.231439785701	1
10	18130	8163.467958921115	0
10	18145	8167.734322507403	1
10	18148	8168.465670166566	0
10	18176	8181.918321257946	1
10	18184	8184.449679519404	0
10	18236	8208.4131221529	1
10	18237	8210.247675655606	0
10	18341	8254.281944730917	1
10	18343	8254.865758371492	2
10	18352	8257.894388694868	1
10	18370	8267.7353543153	0
10	18376	8270.074810549774	1
10	18454	8299.906091354456	0
10	18515	8320.600903340191	1
10	18520	8323.050247155035	0
10	18534	8326.679143439287	1
10	18543	8328.484704737501	0
10	18644	8373.721320168191	1
10	18669	8385.095551454144	0
10	18671	8385.554004431132	1
10	18684	8390.134209001888	2
10	18689	8393.240980707951	3
10	18695	8395.778465806549	4
10	18704	8399.122510390359	3
10	18709	8403.064824754949	2
10	18730	8411.263807274581	3
10	18737	8413.042031728925	2
10	18740	8413.983460263483	1
10	18750	8418.58742154321	0
10	18943	8484.954780425741	1
10	18961	8490.420510601092	2
10	18973	8496.103899946119	3
10	18987	8501.676400205177	4
10	19007	8510.398526432045	3
10	19010	8512.78884342605	2
10	19025	8517.554953162896	3
10	19038	8522.628560363229	2
10	19057	8529.559847801255	1
10	19069	8537.752244566999	0
10	19071	8538.24833046716	1
10	19075	8538.898385676756	0
10	19078	8539.89000819956	1
10	19084	8541.91006257062	0
10	19086	8542.862505074306	1
10	19088	8544.567227914935	0
10	19105	8548.147980188386	1
10	19110	8549.359553563136	2
10	19132	8554.511628210503	3
10	19136	8556.506343090752	4
10	19142	8558.2993014354	5
10	19144	8558.616829820131	6
10	19156	8563.145479380337	5
10	19158	8563.538099405121	4
10	19166	8566.68908386406	5
10	19180	8573.640510033102	6
10	19182	8574.542040420085	7
10	19208	8590.824541094745	6
10	19231	8600.816466887357	5
10	19235	8603.519426539565	4
10	19259	8617.012161428857	5
10	19263	8619.799960019028	4
10	19291	8630.630959946267	3
10	19307	8635.504016781059	4
10	19324	8641.328049261984	3
10	19334	8643.364684704673	4
10	19339	8644.181877381699	5
10	19348	8646.485465060557	6
10	19351	8647.296993926944	5
10	19375	8662.950606021667	6
10	19402	8673.394567479591	5
10	19420	8685.570521107782	4
10	19481	8712.114888795553	3
10	19502	8721.300131706641	2
10	19507	8722.200664050294	1
10	19517	8723.248739269723	2
10	19525	8726.874830445348	1
10	19530	8728.763679126831	0
10	19664	8786.61206912139	1
10	19672	8790.534307904842	2
10	19682	8795.143582023763	3
10	19685	8796.439935134133	2
10	19689	8797.845007054584	1
10	19690	8797.991532513367	2
10	19698	8799.558111197231	3
10	19726	8809.038755608829	4
10	19729	8811.511118825822	3
10	19745	8819.090160561858	2
10	19784	8833.893071523945	3
10	19790	8835.219655649312	2
10	19800	8837.506229969467	3
10	19802	8837.856401073653	4
10	19825	8853.903055418384	3
10	19842	8862.275825887852	4
10	19856	8870.021272424	5
10	19868	8876.979189412915	4
10	19882	8881.848168002347	5
10	19884	8885.611021323264	4
10	19913	8897.633598897223	3
10	19933	8910.154930603379	4
10	19938	8911.96454265959	5
10	19964	8924.914329538359	6
10	19972	8929.303946419909	5
10	20014	8947.705808241328	6
10	20075	8968.667311031828	7
10	20084	8970.995161851365	6
10	20087	8971.312854892851	7
10	20097	8977.84763248285	6
10	20098	8978.531458375387	5
10	20106	8981.433097755671	6
10	20120	8987.193373267495	7
10	20129	8990.599731403167	8
10	20132	8991.957637335562	7
10	20138	8994.858099414711	8
10	20140	8996.509449046233	7
10	20142	8996.693223647766	6
10	20150	8999.616535321663	7
10	20159	9005.413462487523	8
10	20171	9010.612537967769	9
10	20177	9014.51430016422	10
10	20181	9015.597471874673	11
10	20200	9027.15349038287	12
10	20214	9034.755136166373	13
10	20233	9042.72175405089	12
10	20250	9049.786212555751	11
10	20263	9054.395938855193	10
10	20273	9057.586952705401	9
10	20281	9059.502682936398	8
10	20293	9065.698125240962	7
10	20341	9080.774433087704	8
10	20343	9081.052299655282	7
10	20389	9091.442606361559	6
10	20397	9093.885766686986	7
10	20422	9105.74407938446	6
10	20526	9150.651582816896	5
10	20539	9155.048550937323	4
10	20550	9164.628339022464	3
10	20557	9168.218419621534	4
10	20564	9171.808862561554	5
10	20586	9180.135272980755	4
10	20609	9191.464037280392	5
10	20641	9206.58486534163	4
10	20644	9207.323016880785	5
10	20655	9215.110777059376	4
10	20657	9215.509506898978	3
10	20686	9226.231092670773	2
10	20688	9226.795186762406	1
10	20705	9232.950781530017	2
10	20711	9236.076788453271	3
10	20721	9247.469783752473	2
10	20730	9250.0385545855	1
10	20766	9260.98911155057	2
10	20777	9267.028501074983	3
10	20798	9273.533791567258	2
10	20816	9278.770775119997	1
10	20840	9286.169601810437	0
10	20856	9294.915082612285	1
10	20860	9298.28355567157	2
10	20862	9298.605507414122	1
10	20870	9301.55514834933	2
10	20871	9302.976063688976	1
10	20883	9311.499870277902	0
10	20902	9316.820929255854	1
10	20919	9329.353284197628	0
10	21087	9407.537210170832	1
10	21094	9412.218908319173	0
10	21286	9499.173100282465	1
10	21292	9501.567084238505	2
10	21301	9507.695219901297	1
10	21333	9520.275115037846	2
10	21335	9521.608269050428	3
10	21336	9521.709719180242	2
10	21352	9530.070430399066	3
10	21355	9531.32883062274	4
10	21371	9536.242597625422	3
10	21386	9542.991288942033	2
10	21394	9546.589397784649	1
10	21406	9548.714184833452	2
10	21426	9557.997822780208	1
10	21448	9565.777867467508	0
10	21465	9574.886827026713	1
10	21479	9582.232096568525	0
10	21493	9587.12222957474	1
10	21545	9608.21634942997	2
10	21586	9619.608686573973	3
10	21592	9620.763046397936	2
10	21639	9639.020536508653	3
10	21660	9644.469708342917	4
10	21671	9650.867529327032	5
10	21677	9655.937928086501	4
10	21688	9663.110417999171	5
10	21697	9666.263543943493	4
10	21718	9672.634210250851	3
10	21731	9676.513335791597	2
10	21751	9685.452035400391	3
10	21760	9693.199211431956	2
10	21776	9698.689072527174	1
10	21786	9704.361318311939	0
10	21810	9712.107277226533	1
10	21825	9716.29693434401	0
10	21835	9719.844514958857	1
10	21836	9722.573448335004	0
10	21920	9753.642320303688	1
10	21924	9756.433753553289	2
10	21925	9756.470258641179	1
10	21935	9761.531875242295	0
10	21959	9772.464270310703	1
10	21990	9786.966653941627	0
10	22005	9789.368957154992	1
10	22011	9790.526527872403	2
10	22037	9796.352443269933	1
10	22051	9802.650912558623	0
10	22054	9803.160773359556	1
10	22095	9821.299882536035	0
10	22097	9821.591840409127	1
10	22099	9822.268538809476	2
10	22124	9829.874490588158	1
10	22147	9835.676377750905	2
10	22162	9842.871485954165	1
10	22168	9844.109334570869	0
10	22174	9844.963748241875	1
10	22177	9845.351426155515	0
10	22407	9928.858890870484	1
10	22411	9930.756815877336	0
10	22474	9947.031717431743	1
10	22479	9948.378122166598	0
10	22509	9960.349611866173	1
10	22526	9965.585975525503	2
10	22527	9965.861706885581	3
10	22531	9969.900985409052	4
10	22541	9974.083165636245	5
11	0	0	1
11	0	0	2
11	0	0	1
11	3	1.000931244862	2
11	7	2.247806060975	1
11	15	4.005345411208	2
11	17	4.445508134911	1
11	19	5.27915741347	0
11	93	33.816378123464	1
11	107	36.658945136432	2
11	124	45.212909984978	1
11	129	51.547869013052	0
11	442	218.529168013145	1
11	443	219.687418129621	0
11	451	223.466930790526	1
11	456	226.805057869773	2
11	468	232.276085744388	1
11	496	239.65674691977	0
11	709	317.66647771429	1
11	714	320.346852484714	2
11	718	321.847399775792	1
11	722	323.191642506025	0
11	826	363.416292498562	1
11	831	365.792465480242	0
11	844	368.921586911276	1
11	849	370.341576490104	0
11	860	373.718068085358	1
11	874	378.345499107015	0
11	878	378.828627436948	1
11	890	383.450466266484	2
11	910	393.584692307766	1
11	913	395.061978889518	0
11	1021	443.532427586205	1
11	1045	450.622913805315	0
11	1142	498.469701247115	1
11	1144	498.883294679399	2
11	1147	501.274243694433	3
11	1152	503.867776735993	2
11	1162	506.876126147906	3
11	1181	513.594849261856	2
11	1202	521.228803342157	3
11	1207	527.399243214121	2
11	1223	536.72055381324	3
11	1227	539.893996800279	4
11	1229	543.931345485802	5
11	1231	544.198702133177	4
11	1235	546.214155094555	3
11	1238	547.385728020252	2
11	1256	558.760365789248	1
11	1258	559.898017981562	0
11	1377	635.006070226742	1
11	1383	639.139083546945	0
11	1428	661.223790250881	1
11	1437	665.86709705021	0
11	1475	677.516101452505	1
11	1482	680.496527083885	0
11	1484	681.271972483918	1
11	1491	685.833550701172	0
11	1510	694.221394579836	1
11	1560	711.078902085306	0
11	1562	711.3254983704	1
11	1577	718.258541616027	0
11	1578	718.300018113827	1
11	1587	725.800466373067	2
11	1594	727.76660797784	1
11	1598	729.3160977003	0
11	1632	744.725302349786	1
11	1633	745.42821191553	2
11	1679	759.194137546824	3
11	1680	759.537731240154	2
11	1685	760.885596671941	3
11	1715	783.734927749355	4
11	1725	792.174825942016	3
11	1756	803.87142069964	2
11	1758	804.313628571458	1
11	1763	807.931705143625	0
11	2053	934.219227623387	1
11	2063	938.170128218011	0
11	2076	944.156782830864	1
11	2080	946.03385103345	2
11	2081	948.295257311934	1
11	2091	958.180725192137	0
11	2109	967.558057524348	1
11	2116	968.862802773615	2
11	2123	971.676600224248	1
11	2128	977.894856284754	0
11	2185	1003.25883524196	1
11	2196	1007.676625625663	0
11	2277	1041.677060863577	1
11	2281	1043.77659390372	0
11	2435	1095.21415856326	1
11	2450	1098.594890493976	2
11	2460	1100.371207809282	3
11	2482	1110.320667100006	2
11	2489	1114.107626075058	3
11	2504	1118.622029446227	2
11	2554	1138.69085750407	3
11	2593	1151.187447963156	4
11	2600	1155.62344579042	3
11	2604	1157.971736445177	2
11	2609	1162.64260308234	1
11	2665	1194.485854025331	0
11	2680	1199.593368514201	1
11	2690	1202.201710602732	2
11	2695	1202.89858821353	3
11	2707	1204.857613286922	4
11	2732	1219.661141323135	3
11	2740	1222.159968149688	2
11	2747	1225.215054216744	1
11	2756	1227.596262535066	0
11	2917	1318.720327988203	1
11	2924	1323.299265954526	2
11	2948	1331.216401068743	1
11	2956	1333.518093162162	0
11	2968	1341.458237018909	1
11	2969	1341.511272058314	0
11	2977	1344.48683682069	1
11	2991	1348.628538093066	2
11	2998	1350.817548111483	3
11	3007	1355.383505623311	2
11	3008	1355.647481891956	1
11	3018	1363.049920337746	0
11	3044	1383.65378484421	1
11	3051	1386.180435293461	2
11	3058	1388.087938951494	3
11	3095	1410.075343337003	2
11	3099	1413.273162560573	1
11	3100	1413.717970780895	2
11	3152	1437.764890823615	3
11	3173	1444.660552544812	4
11	3190	1454.39641204778	5
11	3207	1461.598438843642	6
11	3229	1467.823656553908	5
11	3249	1474.766646523331	6
11	3255	1479.806626689008	5
11	3262	1484.314685126109	4
11	3264	1486.090353685175	3
11	3275	1491.082470745545	2
11	3298	1504.873390685437	3
11	3312	1511.508452906547	4
11	3318	1523.776553981968	3
11	3336	1528.079874997629	2
11	3346	1534.899547776267	1
11	3353	1536.620031651133	2
11	3360	1540.020074988132	1
11	3363	1540.997871739886	0
11	3416	1566.820548692285	1
11	3442	1579.933394154339	0
11	3661	1668.038658903725	1
11	3706	1689.61846106146	2
11	3711	1690.85369255609	1
11	3714	1691.135959312378	0
11	3730	1698.03425940401	1
11	3731	1698.663309674222	2
11	3735	1700.408856211148	1
11	3737	1700.488155355434	0
11	3739	1700.981346454747	1
11	3769	1708.306074907725	0
11	3812	1717.511059454158	1
11	3830	1730.424920817106	0
11	4018	1797.168830911828	1
11	4028	1799.787766899939	2
11	4032	1800.256690120086	3
11	4048	1807.424371983738	2
11	4074	1816.714662627783	3
11	4081	1822.338510878431	2
11	4097	1832.984017101955	1
11	4101	1835.716384085687	2
11	4107	1839.380348701981	1
11	4126	1843.035881088349	0
11	4147	1850.106361167401	1
11	4152	1850.763676639248	2
11	4160	1853.461400629907	1
11	4165	1854.629736369695	0
11	4256	1895.642959842665	1
11	4260	1898.11251355424	0
11	4311	1920.020831657501	1
11	4316	1922.814931299423	2
11	4333	1931.128544701329	1
11	4346	1937.90542663839	0
11	4348	1938.683579985155	1
11	4354	1940.060090380218	2
11	4357	1940.955816551923	1
11	4365	1944.625431368514	0
11	4385	1953.174716769662	1
11	4393	1958.01176672731	2
11	4400	1959.766668003718	1
11	4401	1959.84180370133	0
11	4864	2189.155614663269	1
11	4899	2201.729118120542	2
11	4903	2202.924468337242	3
11	4910	2206.73126032086	4
11	4919	2210.229575895588	3
11	4921	2212.598948776081	2
11	4927	2214.689632558317	1
11	4942	2223.005375763258	0
11	4947	2224.011857651342	1
11	4955	2232.194109827757	0
11	5021	2267.784183328601	1
11	5029	2271.178304482309	2
11	5031	2271.82251937592	1
11	5035	2273.162903472039	2
11	5047	2277.838016528668	3
11	5075	2291.482752586917	2
11	5104	2304.247991320754	3
11	5116	2308.541143470515	2
11	5137	2313.213955656655	1
11	5140	2314.16481453853	0
11	5318	2402.560830128632	1
11	5336	2409.987270330324	0
11	5450	2450.765400092542	1
11	5480	2464.665369696244	0
11	5776	2609.2760058706	1
11	5778	2609.484911704273	0
11	5829	2628.43794918108	1
11	5832	2631.013412817229	2
11	5838	2633.845709175361	1
11	5841	2634.677742364415	0
11	5918	2664.193211386343	1
11	5961	2683.390485886428	0
11	5978	2688.520089307233	1
11	5987	2693.07786239795	2
11	5995	2698.007070793658	1
11	6007	2701.269498822595	2
11	6018	2704.754469301571	1
11	6023	2706.3309606164	0
11	6167	2797.381927333746	1
11	6172	2800.342234026704	0
11	6182	2804.197707641634	1
11	6197	2808.796483216446	0
11	6311	2862.155659659702	1
11	6313	2863.173660848099	0
11	6352	2876.694239653996	1
11	6357	2879.055735677558	0
11	6365	2880.995279591376	1
11	6376	2884.574993152507	0
11	6393	2891.412946042555	1
11	6398	2893.779688400222	0
11	6568	2972.099216727126	1
11	6579	2977.13823304307	0
11	6679	3016.109074754225	1
11	6684	3017.539545177383	0
11	6713	3030.306131204555	1
11	6716	3031.297532699141	0
11	6727	3037.769343093667	1
11	6733	3038.887294805868	0
11	6918	3140.512316604643	1
11	6934	3149.19975242413	2
11	6950	3156.836832098343	1
11	6965	3165.334989360105	2
11	6975	3167.390885062798	3
11	6980	3169.031926761674	4
11	7000	3177.532672605325	3
11	7026	3187.842987921458	4
11	7045	3197.787322574425	3
11	7046	3197.796105305508	4
11	7055	3202.95864542897	3
11	7060	3207.261492769225	4
11	7063	3209.909136534807	3
11	7076	3215.628877900953	4
11	7082	3217.921175189528	5
11	7101	3227.565857510153	6
11	7119	3246.398765687426	5
11	7126	3248.736380361113	6
11	7150	3256.278587116077	5
11	7151	3256.483059300386	4
11	7153	3257.346258038741	3
11	7157	3258.782994499597	2
11	7161	3259.955007882389	1
11	7164	3261.034566226965	0
11	7520	3439.306768805555	1
11	7521	3439.328857656232	0
11	7540	3449.58081435635	1
11	7541	3449.875180329744	2
11	7566	3459.578971762716	1
11	7585	3465.362970172965	2
11	7618	3473.454359594828	1
11	7659	3483.001197455128	0
11	7682	3493.182428000871	1
11	7698	3504.72591616181	0
11	7856	3558.198914346232	1
11	7880	3568.455809504703	2
11	7884	3570.321416111046	1
11	7895	3574.655346097962	2
11	7934	3593.734005338304	1
11	7937	3594.598755828103	0
11	7939	3595.14219580123	1
11	7945	3596.825328601123	2
11	7948	3597.615782096744	3
11	7966	3607.544361961854	2
11	7967	3607.590544852224	1
11	7977	3614.499640539304	0
11	8112	3683.536975094339	1
11	8145	3704.83456091723	0
11	8292	3767.079585444419	1
11	8299	3770.399963734218	0
11	8386	3802.248164795453	1
11	8388	3803.74486130847	0
11	8473	3842.270254896591	1
11	8484	3847.465612749853	0
11	8493	3850.460961342554	1
11	8497	3852.230378666062	0
11	8498	3852.769538962825	1
11	8502	3853.530859939234	0
11	8607	3894.602992146888	1
11	8618	3898.935001853125	0
11	8759	3968.797757723023	1
11	8763	3972.27157503519	2
11	8771	3977.125301118155	1
11	8772	3977.212156550827	0
11	8801	3988.759355594059	1
11	8803	3990.190658604829	0
11	8995	4078.017425824108	1
11	8998	4078.59546792172	2
11	9022	4085.298040370043	3
11	9047	4098.9207063063	4
11	9058	4106.113123000822	3
11	9060	4106.608235588983	2
11	9062	4107.059504769213	1
11	9088	4116.140798007309	0
11	9179	4157.792923892756	1
11	9188	4160.269384579203	2
11	9191	4161.328178106905	3
11	9216	4173.193096545703	4
11	9223	4175.616542539152	3
11	9233	4178.054405358362	4
11	9243	4182.380707206216	3
11	9263	4192.57649405736	4
11	9281	4198.523657076869	5
11	9293	4201.376526441503	6
11	9294	4201.566377296093	5
11	9298	4203.340367943571	6
11	9301	4204.779184206737	5
11	9317	4211.23856595607	6
11	9330	4215.317497951	5
11	9338	4217.18348621748	6
11	9350	4221.168919900205	7
11	9356	4223.532643435233	8
11	9380	4240.426551920538	7
11	9404	4254.858314945772	6
11	9420	4258.271474358534	5
11	9421	4258.428904258275	6
11	9427	4260.185371155682	7
11	9435	4265.059924093042	6
11	9441	4267.97872386657	5
11	9446	4269.007260244641	6
11	9448	4270.602053557065	5
11	9469	4278.011306274133	6
11	9471	4278.529292746148	7
11	9526	4310.250715673237	6
11	9527	4310.398655871514	7
11	9564	4325.990399717862	6
11	9580	4335.94778496631	7
11	9584	4337.355419474996	6
11	9602	4344.271950724328	7
11	9610	4346.988741235062	6
11	9616	4348.80088872731	5
11	9643	4365.772501076845	6
11	9646	4367.687234247934	7
11	9647	4369.232915476476	6
11	9665	4380.046247953373	7
11	9670	4384.549667648363	6
11	9677	4389.40435666789	5
11	9680	4390.715268357461	4
11	9687	4394.774770997918	3
11	9693	4396.647936417722	4
11	9713	4401.178142972911	3
11	9718	4401.75096826692	4
11	9733	4406.764301243223	5
11	9734	4408.08164236712	4
11	9736	4409.618425184078	3
11	9754	4417.832533445018	4
11	9764	4420.641864688291	3
11	9771	4423.206363597618	2
11	9784	4430.890166592865	3
11	9798	4435.195453803929	2
11	9809	4443.133400300916	1
11	9814	4445.902737456471	0
11	9947	4513.888776856906	1
11	9948	4514.397129005731	0
11	10172	4607.794521814407	1
11	10208	4625.908363929195	2
11	10209	4628.860527016742	1
11	10222	4633.72526761126	2
11	10230	4636.507043145388	1
11	10243	4646.74479215334	0
11	10376	4694.340104929829	1
11	10395	4702.613088557806	0
11	10396	4702.888186819932	1
11	10406	4706.675399414683	0
11	10419	4711.675236587863	1
11	10445	4722.340400932187	0
11	10447	4723.090680393762	1
11	10459	4727.42468605356	0
11	10466	4729.459876844464	1
11	10481	4737.726957006621	2
11	10533	4760.145914895361	1
11	10574	4782.595056950117	0
11	10597	4791.07454583461	1
11	10598	4791.287740303367	2
11	10607	4794.533712181294	1
11	10611	4795.604675738408	0
11	10772	4883.184535426528	1
11	10774	4884.79935413807	0
11	10795	4894.739323999989	1
11	10800	4898.270115476558	0
11	10810	4900.05049961487	1
11	10817	4903.397105970452	2
11	10821	4906.510430164121	1
11	10837	4921.380611158128	2
11	10840	4923.009631085341	3
11	10894	4947.136833418361	4
11	10897	4947.765513088558	5
11	10913	4952.653111627947	6
11	10920	4955.092533882077	7
11	10923	4957.114330753856	6
11	10928	4958.667364965104	5
11	10946	4972.274058313828	4
11	10947	4972.960025540493	3
11	10973	4981.793130610252	4
11	10979	4982.412212865309	3
11	10997	4989.094259501879	2
11	11033	5004.428902152945	3
11	11051	5009.565250293714	2
11	11058	5013.345441460228	1
11	11059	5013.876047758891	0
11	11105	5033.534148184057	1
11	11138	5050.826220270132	2
11	11140	5051.41177804776	1
11	11158	5055.075559803879	2
11	11175	5061.823979345975	1
11	11177	5062.44727832911	2
11	11200	5075.088330580888	1
11	11204	5076.419025289668	2
11	11211	5079.79169029508	1
11	11213	5080.111753150688	0
11	11224	5082.373375384886	1
11	11236	5092.325322972035	0
11	11266	5105.528149655957	1
11	11270	5106.480849109239	0
11	11482	5242.690151704096	1
11	11499	5257.907740740351	0
11	11904	5454.727771295238	1
11	11932	5469.282774216055	2
11	11933	5469.637841078564	1
11	11939	5471.55623747449	0
11	11948	5475.357615980598	1
11	11954	5479.150117366163	0
11	11987	5494.488648718152	1
11	12000	5498.2574288167	0
11	12089	5538.277197679408	1
11	12134	5549.97456804163	2
11	12154	5555.386114467431	1
11	12156	5556.007934973451	0
11	12272	5616.227885717822	1
11	12282	5621.557261374898	2
11	12290	5627.036829128457	3
11	12298	5628.87700136198	2
11	12332	5643.064018938783	1
11	12343	5649.368705494095	2
11	12362	5653.437824595758	3
11	12367	5656.062359953916	2
11	12447	5702.522367676649	3
11	12484	5719.45767088193	4
11	12510	5731.621378871211	3
11	12524	5736.08160425136	4
11	12541	5745.451793173914	3
11	12551	5747.584963019622	2
11	12560	5753.497743780089	1
11	12576	5760.606592110718	0
11	12648	5788.834681950067	1
11	12656	5792.569472859042	0
11	12661	5793.946674950734	1
11	12686	5805.335487659052	0
11	12861	5889.693046792003	1
11	12863	5890.47950983905	2
11	12872	5894.97727098578	1
11	12903	5910.935688781378	0
11	13172	6026.471627804961	1
11	13173	6028.613482817223	0
11	13176	6031.059483917422	1
11	13181	6040.551504330711	0
11	13280	6080.88543066992	1
11	13282	6081.162229721205	0
11	13287	6083.052139364404	1
11	13289	6083.348295344153	2
11	13295	6087.600693041997	1
11	13306	6090.416934988168	0
11	13323	6102.15202779674	1
11	13331	6104.677060737307	2
11	13333	6105.157565269704	1
11	13345	6109.232711347906	0
11	13353	6112.706923534843	1
11	13357	6116.197814674793	2
11	13363	6118.272229234439	3
11	13365	6120.374567142036	2
11	13366	6121.225631486593	1
11	13394	6129.746830345777	2
11	13403	6132.163652667508	1
11	13429	6142.042109587574	0
11	13556	6189.200251999396	1
11	13557	6189.622136699675	2
11	13558	6189.811443687569	3
11	13560	6191.328658557199	2
11	13581	6200.109140031883	3
11	13615	6212.951063986879	4
11	13623	6218.425703862089	5
11	13646	6230.912741724404	4
11	13661	6234.117436870863	5
11	13669	6235.849450544963	6
11	13679	6242.425726040973	5
11	13685	6244.324036904554	6
11	13693	6247.811920227549	5
11	13720	6260.508301364074	4
11	13724	6265.045500824196	5
11	13725	6265.894515695563	4
11	13755	6277.90786755642	3
11	13768	6281.530029517868	4
11	13800	6293.062111137353	3
11	13806	6295.961955435139	2
11	13818	6303.306821080436	1
11	13831	6308.530029552822	2
11	13837	6310.4921174001	1
11	13847	6314.738458929571	2
11	13848	6314.824354833895	1
11	13862	6318.154892692771	0
11	14104	6417.024215673556	1
11	14110	6417.972276939998	0
11	14114	6418.503619693717	1
11	14160	6436.604086171066	2
11	14177	6447.421796016357	3
11	14200	6456.091424027324	4
11	14210	6461.111534708597	3
11	14229	6466.823102965474	4
11	14231	6467.829604482315	3
11	14233	6468.862847980569	2
11	14240	6471.926808681295	3
11	14257	6482.310849265763	4
11	14262	6484.397194377335	3
11	14274	6488.313707294431	4
11	14275	6490.208009483141	3
11	14286	6498.201596539151	2
11	14306	6508.541586347612	1
11	14321	6513.702583024599	0
11	14358	6531.949675894402	1
11	14364	6534.635987308074	2
11	14374	6538.479083800841	1
11	14400	6545.768659757732	2
11	14407	6554.459912289029	1
11	14425	6561.11414011317	2
11	14440	6567.695327983607	3
11	14465	6586.70899032138	2
11	14476	6592.502673271136	1
11	14486	6596.425576057506	0
11	14488	6597.304304090582	1
11	14505	6607.539501796761	0
11	14563	6631.470882971661	1
11	14586	6642.510441114524	0
11	14700	6703.564091877325	1
11	14728	6713.074615322605	0
11	14745	6720.29302416926	1
11	14798	6738.640439273012	0
11	14915	6791.808842710553	1
11	14917	6793.133677313941	2
11	14935	6805.189292086893	1
11	14951	6808.816123859353	0
11	15173	6909.601135552237	1
11	15181	6912.73033912264	0
11	15184	6913.897097818391	1
11	15204	6924.882412800613	0
11	15300	6959.425145025429	1
11	15327	6969.36034065476	0
11	15342	6977.23754389417	1
11	15352	6979.974505565888	2
11	15365	6987.30183217489	3
11	15373	6993.079082101784	2
11	15387	6997.056800221675	1
11	15395	7001.710972528046	0
11	15398	7002.797946570649	1
11	15403	7004.159423866008	2
11	15442	7019.568706820072	3
11	15446	7021.920023509263	2
11	15450	7023.645104676918	3
11	15460	7029.612717329141	4
11	15469	7032.973181413936	5
11	15496	7043.86366404214	4
11	15497	7044.290586659052	3
11	15509	7049.809275862691	4
11	15523	7056.608020698389	3
11	15533	7058.591842642131	4
11	15558	7069.221808077572	5
11	15607	7094.592202060423	4
11	15622	7098.699897888664	5
11	15637	7102.99265367727	6
11	15638	7103.11061804618	5
11	15648	7110.991647714443	4
11	15651	7112.030476474586	3
11	15677	7121.613903108073	4
11	15690	7129.129849885685	3
11	15695	7130.515938279221	4
11	15721	7141.804268560725	3
11	15723	7142.257272024779	2
11	15762	7154.391775703176	3
11	15768	7157.087853184233	2
11	15784	7161.231236894843	1
11	15793	7165.693468175515	0
11	15893	7206.928573602955	1
11	15910	7214.803585849197	0
11	15918	7221.98844767252	1
11	15924	7226.793413323513	0
11	16094	7299.598621599535	1
11	16113	7311.281193331793	0
11	16204	7347.945154601611	1
11	16208	7349.093282880263	0
11	16276	7379.896847024922	1
11	16284	7386.423713504315	0
11	16352	7411.689044938415	1
11	16359	7414.802771534182	0
11	16430	7449.167688980867	1
11	16431	7452.817790142996	0
11	16436	7455.426443225957	1
11	16447	7459.1171568349	0
11	16466	7465.172783749976	1
11	16486	7472.609854589319	0
11	16496	7476.657345052825	1
11	16508	7481.734850977958	0
11	16524	7489.209722752515	1
11	16528	7492.346744287031	0
11	16583	7513.464957084587	1
11	16603	7517.772046443022	0
11	16724	7575.124271190451	1
11	16730	7577.768606169718	0
11	16933	7682.432273602815	1
11	16940	7684.737887225309	0
11	17093	7742.713002181082	1
11	17127	7757.487026939188	0
11	17139	7759.943122448063	1
11	17141	7760.271123524636	2
11	17154	7763.243562506764	3
11	17166	7771.57472014539	2
11	17180	7775.71143691519	1
11	17184	7778.144198447664	0
11	17213	7788.115338653591	1
11	17226	7792.981804544692	0
11	17384	7863.505585621962	1
11	17385	7864.110907343262	0
11	17396	7867.68666389567	1
11	17397	7867.767315333418	0
11	17434	7886.036629208084	1
11	17436	7887.146557318778	2
11	17438	7888.381847738051	1
11	17496	7913.236879540091	2
11	17498	7913.692983235875	1
11	17506	7916.318611586311	2
11	17511	7920.288152108818	1
11	17520	7921.708555049509	2
11	17538	7928.688829889103	3
11	17540	7929.036520873964	2
11	17567	7939.344788478785	3
11	17572	7942.367453191727	2
11	17590	7947.443118263947	1
11	17650	7967.466607586165	0
11	17861	8046.490129749534	1
11	17863	8047.257766177074	2
11	17883	8052.498213827316	1
11	17894	8059.547593297082	2
11	17902	8061.877906244752	3
11	17907	8066.141527562967	4
11	17909	8067.875302094914	5
11	17915	8070.537796057574	6
11	17917	8070.773624129747	5
11	17926	8072.453120261368	4
11	17941	8079.056951848161	3
11	17948	8081.486897861084	2
11	17956	8084.179120521453	1
11	17963	8084.958057603427	0
11	17965	8085.482151737868	1
11	18012	8103.099085313609	2
11	18015	8104.319236389477	3
11	18018	8104.990472563046	2
11	18028	8109.209860459317	3
11	18033	8112.523484021647	2
11	18040	8119.646965363659	1
11	18044	8121.898807043795	2
11	18051	8125.674776577683	3
11	18069	8134.53350310319	4
11	18100	8153.043593112206	3
11	18133	8164.467958921115	4
11	18142	8166.804184999253	3
11	18151	8169.465670166566	4
11	18155	8171.093831656566	5
11	18179	8182.806986833939	4
11	18189	8185.449679519404	5
11	18191	8185.957657232473	4
11	18198	8187.865733404419	3
11	18199	8188.79281482974	4
11	18221	8202.258899478152	3
11	18225	8203.420313431426	2
11	18228	8205.418657688377	1
11	18229	8206.026102868364	0
11	18239	8211.247675655606	1
11	18241	8213.054130636716	0
11	18253	8218.710825794075	1
11	18266	8224.079619093048	0
11	18493	8316.128368873773	1
11	18524	8324.050247155035	2
11	18527	8324.785095236298	3
11	18532	8325.898286767258	2
11	18536	8327.294972677649	1
11	18549	8329.484704737501	2
11	18552	8331.02495204128	3
11	18553	8331.208695341023	2
11	18564	8340.62499490693	1
11	18607	8360.887071185241	2
11	18610	8361.716513714402	1
11	18625	8367.795729869828	0
11	18630	8369.731592780576	1
11	18666	8383.960534773942	0
11	18672	8386.095551454144	1
11	18685	8390.198002486301	0
11	18711	8404.064824754949	1
11	18741	8414.042031728925	2
11	18743	8414.983460263483	3
11	18754	8419.58742154321	4
11	18755	8420.017256014883	5
11	18757	8420.518176653689	4
11	18763	8422.020410274335	3
11	18789	8429.214959542752	2
11	18804	8432.704498503064	1
11	18820	8437.607341591005	2
11	18841	8445.739616893374	1
11	18843	8446.123209400762	0
11	19040	8523.628560363229	1
11	19059	8530.559847801255	2
11	19073	8538.752244566999	3
11	19079	8539.898385676756	4
11	19087	8542.91006257062	5
11	19090	8545.242282302738	4
11	19091	8545.567227914935	5
11	19098	8546.750668669453	4
11	19113	8549.787754761864	3
11	19155	8563.008068535459	2
11	19160	8564.145479380337	3
11	19161	8564.538099405121	4
11	19211	8591.824541094745	5
11	19212	8591.872053636375	4
11	19219	8593.197708283344	3
11	19233	8601.816466887357	4
11	19236	8604.519426539565	5
11	19266	8620.799960019028	6
11	19296	8631.630959946267	7
11	19312	8638.221486526618	6
11	19329	8642.328049261984	7
11	19332	8642.641969213572	6
11	19337	8643.844946089452	5
11	19354	8648.296993926944	6
11	19357	8649.948907345028	5
11	19383	8665.970049234478	4
11	19400	8672.289478872042	3
11	19403	8674.394567479591	4
11	19410	8679.886835099376	3
11	19422	8686.570521107782	4
11	19428	8691.886701497649	3
11	19469	8708.918024803232	2
11	19484	8713.114888795553	3
11	19504	8721.567209016238	2
11	19510	8722.300131706641	3
11	19515	8723.200664050294	4
11	19522	8725.19839769584	3
11	19527	8727.874830445348	4
11	19534	8729.763679126831	5
11	19536	8730.557502458394	6
11	19538	8731.257345681162	5
11	19559	8741.202964197936	4
11	19573	8747.656071358431	5
11	19576	8748.341534116675	4
11	19592	8759.810566097049	3
11	19599	8762.526570630983	2
11	19611	8765.964771167111	1
11	19628	8774.506150307019	0
11	19636	8776.723747578033	1
11	19663	8786.201286337924	0
11	19694	8798.845007054584	1
11	19701	8800.316727481292	0
11	19732	8812.511118825822	1
11	19746	8820.090160561858	2
11	19752	8823.807983801695	1
11	19761	8826.870358530703	0
11	19885	8886.611021323264	1
11	19914	8898.633598897223	2
11	19974	8930.303946419909	3
11	19975	8930.737560734564	2
11	19987	8939.181920626165	1
11	20030	8951.72491639895	0
11	20101	8979.531458375387	1
11	20130	8991.27850282893	0
11	20136	8992.957637335562	1
11	20144	8997.509449046233	2
11	20146	8997.693223647766	3
11	20151	8999.947577880504	2
11	20190	9022.111510682401	1
11	20197	9026.307871022661	0
11	20266	9055.395938855193	1
11	20272	9057.447217041623	0
11	20278	9058.586952705401	1
11	20282	9060.502682936398	2
11	20291	9065.21245688838	1
11	20297	9066.698125240962	2
11	20305	9071.584811937048	1
11	20350	9082.052299655282	2
11	20351	9082.253352298621	1
11	20365	9085.328834174266	0
11	20552	9165.628339022464	1
11	20580	9179.043867521555	0
11	20589	9181.135272980755	1
11	20603	9187.711796644348	0
11	20661	9216.509506898978	1
11	20669	9221.076491293004	0
11	20693	9227.795186762406	1
11	20703	9232.134797586496	0
11	20820	9279.770775119997	1
11	20829	9282.566708208678	0
11	20873	9303.976063688976	1
11	20879	9310.155439409175	0
11	20887	9312.499870277902	1
11	20898	9315.804234497363	0
11	20938	9339.902623831152	1
11	20951	9343.775854272834	2
11	20962	9348.63138645107	3
11	20985	9359.357087352903	4
11	20986	9359.394026855867	3
11	21028	9383.109311838265	2
11	21047	9389.726407507415	3
11	21071	9401.611637949293	4
11	21095	9413.218908319173	5
11	21096	9414.070264694711	4
11	21098	9415.200910604997	3
11	21111	9422.039843647674	4
11	21116	9423.64178007388	3
11	21153	9442.835249516498	2
11	21165	9447.37740153616	1
11	21186	9454.475462566825	0
11	21454	9567.580723893697	1
11	21466	9575.646924317116	0
11	21480	9583.232096568525	1
11	21481	9583.890411709937	0
11	21838	9723.573448335004	1
11	21854	9730.53273985595	2
11	21858	9731.208102812485	1
11	21888	9743.331280959332	0
11	21938	9762.531875242295	1
11	21984	9783.502155983958	0
11	22100	9822.299882536035	1
11	22126	9830.874490588158	2
11	22128	9831.79948670882	1
11	22166	9843.871485954165	2
11	22173	9844.851104177021	1
11	22175	9845.109334570869	2
11	22182	9846.351426155515	3
11	22183	9846.367361562918	4
11	22184	9847.114147860798	3
11	22186	9848.795950004699	2
11	22196	9851.657142983033	1
11	22223	9858.313724805429	0
11	22225	9858.685407525111	1
11	22238	9865.589862591296	2
11	22252	9871.848828980261	1
11	22293	9884.959950177913	0
11	22373	9917.268761329915	1
11	22409	9929.61732718471	0
11	22415	9931.756815877336	1
11	22420	9932.633393041607	2
11	22441	9937.175491700621	1
11	22467	9945.908900439221	0
12	0	0	1
12	0	0	2
12	0	0	1
12	13	3.247806060975	2
12	20	5.445508134911	3
12	21	6.27915741347	4
12	26	7.987852046205	5
12	68	23.617781197849	6
12	126	46.212909984978	7
12	132	52.547869013052	8
12	133	52.671378659023	7
12	140	55.832453624221	6
12	151	63.867225528088	7
12	154	65.427386093784	6
12	169	76.752313582502	5
12	172	79.90743626708	4
12	175	83.100395353576	3
12	216	102.312039992926	2
12	229	108.23895925695	3
12	234	111.035627489878	4
12	246	117.820005162261	3
12	248	118.652195712949	2
12	253	124.640009517042	1
12	266	128.204099889111	0
12	444	220.687418129621	1
12	452	225.540061507958	0
12	470	233.276085744388	1
12	500	240.65674691977	2
12	513	248.130097375482	3
12	521	251.127026298287	2
12	569	268.274636974234	1
12	577	269.591395348516	0
12	721	322.847399775792	1
12	724	324.191642506025	2
12	731	326.1790339646	3
12	752	331.23249508276	2
12	757	336.574339684076	1
12	793	349.946747890417	2
12	834	366.792465480242	3
12	853	371.341576490104	4
12	869	377.726715648324	3
12	879	379.345499107015	4
12	912	394.584692307766	5
12	916	396.061978889518	6
12	917	396.910052949478	5
12	940	410.299728578592	6
12	943	411.591186451777	5
12	998	433.783321439808	4
12	1003	434.337155413438	3
12	1027	446.246950979164	2
12	1047	451.622913805315	3
12	1051	453.378782479031	4
12	1060	457.746262829162	3
12	1062	458.356271721341	2
12	1110	479.687668891131	1
12	1116	484.84588983165	0
12	1211	528.399243214121	1
12	1216	532.937468029955	0
12	1237	547.214155094555	1
12	1239	547.972894711665	0
12	1257	559.760365789248	1
12	1260	560.898017981562	2
12	1263	561.538615371976	1
12	1282	567.019470327655	0
12	1389	640.152518467429	1
12	1394	643.919903390575	0
12	1443	667.657833170042	1
12	1452	671.422932676566	0
12	1495	686.833550701172	1
12	1548	707.73630933465	0
12	1596	728.76660797784	1
12	1601	730.3160977003	2
12	1602	730.360195912151	3
12	1609	733.653990869784	2
12	1637	746.842671460581	1
12	1649	749.562867605445	0
12	1684	760.537731240154	1
12	1689	767.182929498684	0
12	1760	805.313628571458	1
12	1768	808.931705143625	2
12	1777	815.66692222422	1
12	1786	817.244536967781	2
12	1864	849.796242025649	3
12	1879	862.018709215641	4
12	1885	866.993124956077	3
12	1896	873.886289892112	2
12	1916	884.794351607167	1
12	1932	895.852871054689	0
12	1933	896.493381592176	1
12	1935	896.953427892488	0
12	2096	962.898562149388	1
12	2099	965.129320040192	0
12	2129	978.894856284754	1
12	2136	983.356182586081	2
12	2139	985.367039578598	1
12	2155	991.975368872836	0
12	2158	992.668044113522	1
12	2169	997.356016692858	0
12	2207	1012.36621737204	1
12	2225	1019.229099900219	2
12	2227	1019.832078870969	1
12	2260	1036.837283781771	0
12	2285	1044.77659390372	1
12	2292	1046.818884586868	2
12	2294	1047.341768985664	1
12	2344	1069.117104064828	0
12	2611	1163.64260308234	1
12	2640	1182.885607386107	0
12	2743	1223.159968149688	1
12	2750	1226.215054216744	2
12	2759	1228.596262535066	3
12	2760	1229.006997312018	4
12	2785	1253.322559345305	3
12	2790	1257.894736189928	2
12	2799	1264.44388242019	1
12	2806	1266.426763802739	0
12	2820	1269.736809764874	1
12	2824	1271.682090860813	2
12	2828	1274.704964860887	1
12	2843	1283.103970316308	2
12	2850	1285.04005705016	3
12	2859	1289.375369184423	2
12	2870	1295.834897183234	1
12	2874	1296.717046040824	2
12	2881	1299.26598072244	3
12	2882	1299.668863564121	2
12	2884	1301.029827388705	1
12	2919	1321.419299274224	0
12	2952	1332.216401068743	1
12	2960	1334.518093162162	2
12	2973	1342.511272058314	3
12	2978	1345.452745138661	2
12	2982	1347.417642236667	1
12	3004	1354.927241962244	0
12	3012	1356.383505623311	1
12	3013	1356.647481891956	2
12	3016	1359.472873654825	1
12	3019	1364.049920337746	2
12	3031	1374.01553296447	3
12	3050	1385.69291861484	2
12	3061	1393.582913518999	1
12	3077	1399.678965597826	0
12	3258	1480.806626689008	1
12	3263	1485.314685126109	2
12	3265	1487.090353685175	3
12	3278	1492.082470745545	4
12	3279	1495.990317626341	3
12	3286	1498.763314936167	2
12	3321	1524.776553981968	3
12	3339	1529.079874997629	4
12	3345	1534.739173089508	3
12	3350	1535.899547776267	4
12	3364	1541.020074988132	5
12	3369	1541.997871739886	6
12	3391	1555.828970982853	7
12	3393	1558.130815621132	6
12	3400	1562.004230602557	5
12	3408	1564.04769643218	4
12	3443	1580.933394154339	5
12	3458	1589.15618088197	6
12	3558	1628.302882201178	5
12	3570	1634.25197394331	4
12	3583	1638.131693325265	3
12	3586	1638.442877755437	2
12	3589	1638.928100522759	3
12	3597	1642.714047721908	2
12	3604	1649.47194303666	1
12	3637	1660.753470781499	0
12	3719	1692.135959312378	1
12	3741	1701.408856211148	2
12	3743	1701.488155355434	3
12	3762	1706.73967042178	2
12	3764	1707.123883321485	1
12	3773	1709.306074907725	2
12	3781	1709.956171380847	1
12	3784	1710.490736230058	2
12	3794	1712.114326139986	1
12	3801	1714.638562816318	0
12	3838	1734.152200071756	1
12	3871	1748.565835086118	0
12	3967	1783.731948270733	1
12	3989	1791.292574623495	0
12	4110	1840.380348701981	1
12	4130	1844.035881088349	2
12	4136	1845.704502726199	3
12	4151	1850.693703114495	2
12	4156	1851.815772887872	1
12	4163	1854.461400629907	2
12	4170	1855.629736369695	3
12	4173	1856.17531551405	4
12	4176	1857.93603579574	3
12	4178	1858.655501594461	2
12	4191	1864.920564948641	1
12	4227	1878.218630554511	0
12	4235	1882.413224596644	1
12	4245	1887.945452076779	2
12	4264	1899.11251355424	3
12	4268	1900.717145757141	4
12	4329	1929.399253443076	3
12	4335	1931.579250793273	2
12	4337	1932.128544701329	3
12	4349	1938.90542663839	4
12	4356	1940.287364939365	3
12	4359	1941.595354094292	2
12	4360	1941.955816551923	3
12	4369	1945.625431368514	4
12	4378	1948.406853358795	3
12	4399	1959.744568761623	2
12	4405	1960.766668003718	3
12	4406	1960.84180370133	4
12	4407	1961.330459330507	5
12	4408	1962.142899666758	4
12	4410	1962.773386436245	3
12	4448	1983.410663462786	2
12	4455	1987.276155389529	3
12	4470	1994.800396115482	2
12	4492	2004.370843419824	1
12	4503	2012.895330424879	0
12	4516	2020.42813056397	1
12	4517	2020.873674583799	0
12	4749	2123.055662407941	1
12	4764	2134.579508857355	0
12	4923	2213.598948776081	1
12	4930	2215.689632558317	2
12	4932	2216.278402379266	1
12	4939	2222.182859792194	0
12	4946	2224.005375763258	1
12	4956	2233.194109827757	2
12	4961	2237.346976612956	3
12	4978	2246.10008859118	2
12	4990	2252.370818848106	1
12	4998	2255.798204306104	0
12	5141	2314.213955656655	1
12	5143	2315.16481453853	2
12	5149	2317.557821084099	3
12	5153	2319.24465423864	2
12	5160	2321.693375259098	1
12	5188	2333.251312913324	2
12	5194	2338.778732583765	1
12	5198	2342.187607514233	0
12	5388	2429.596540128388	1
12	5403	2434.338341175138	0
12	5412	2436.382054500719	1
12	5425	2442.482156223777	0
12	5489	2467.641835892753	1
12	5510	2475.391759940981	0
12	5538	2483.406913584127	1
12	5550	2493.299394989886	0
12	5644	2537.915309704823	1
12	5653	2547.494832931326	0
12	5687	2564.478922077905	1
12	5692	2567.786217706274	0
12	5780	2610.484911704273	1
12	5781	2611.505640557205	0
12	5785	2612.636668499142	1
12	5831	2630.554803952565	0
12	5843	2634.845709175361	1
12	5845	2635.677742364415	2
12	5857	2641.273001933912	1
12	5865	2643.469544561665	0
12	6021	2705.754469301571	1
12	6025	2707.3309606164	2
12	6029	2708.736374640672	3
12	6055	2729.887412489884	2
12	6074	2735.807169142827	1
12	6079	2738.77677685213	2
12	6086	2743.133283312619	1
12	6095	2751.331585740185	0
12	6102	2758.010642519272	1
12	6105	2760.670591970162	0
12	6123	2767.449551289233	1
12	6137	2779.351627391319	2
12	6143	2785.519351201506	1
12	6150	2789.912710011123	0
12	6209	2812.805272032119	1
12	6234	2824.862338215677	2
12	6236	2825.100225416	1
12	6274	2840.912229315955	2
12	6317	2864.079194428343	1
12	6318	2864.173660848099	2
12	6319	2864.350920387832	1
12	6324	2864.85296366932	0
12	6345	2872.983242533251	1
12	6354	2877.788364716822	0
12	6362	2880.055735677558	1
12	6368	2882.938989435824	0
12	6380	2885.574993152507	1
12	6386	2888.070083368511	2
12	6402	2894.779688400222	3
12	6407	2896.0253198624	4
12	6410	2901.352863437309	3
12	6412	2902.515693740865	2
12	6432	2917.828617259779	1
12	6442	2920.729207859877	0
12	6736	3039.887294805868	1
12	6743	3042.00076069004	2
12	6845	3104.989549500115	1
12	6892	3128.337469363308	0
12	7057	3203.95864542897	1
12	7066	3210.909136534807	2
12	7085	3219.464665429845	1
12	7122	3247.398765687426	2
12	7130	3249.509500027554	1
12	7152	3257.278587116077	2
12	7154	3257.483059300386	3
12	7155	3257.891124349858	2
12	7156	3258.346258038741	3
12	7160	3259.782994499597	4
12	7163	3260.955007882389	5
12	7168	3262.034566226965	6
12	7169	3262.102833788125	7
12	7192	3275.75693846265	6
12	7205	3285.473892041342	5
12	7233	3299.194531412489	4
12	7234	3299.777600824509	3
12	7239	3301.204655363695	2
12	7243	3302.915991914276	1
12	7265	3321.003048983443	0
12	7664	3484.001197455128	1
12	7699	3505.72591616181	2
12	7701	3507.354705114666	3
12	7706	3508.790494635526	2
12	7714	3509.967925006648	1
12	7715	3510.029106135645	2
12	7717	3510.822284722643	1
12	7719	3511.545488166937	0
12	7735	3516.560786814218	1
12	7773	3530.308051943759	0
12	7941	3595.598755828103	1
12	7953	3599.133332576216	0
12	7970	3608.590544852224	1
12	7980	3615.499640539304	2
12	7988	3619.178546273044	3
12	8006	3630.818461177701	2
12	8051	3649.184961573517	3
12	8057	3651.82464138887	2
12	8075	3663.044327042242	1
12	8109	3681.858053375488	0
12	8157	3708.173712594316	1
12	8183	3714.328012665538	2
12	8201	3721.40592941842	1
12	8216	3726.910937168242	0
12	8489	3848.465612749853	1
12	8500	3853.230378666062	2
12	8505	3854.530859939234	3
12	8509	3856.124466066098	4
12	8513	3857.808451596345	3
12	8534	3866.242234185528	4
12	8553	3874.435394162058	3
12	8564	3879.938409394141	2
12	8622	3899.935001853125	3
12	8628	3901.309212010584	2
12	8639	3903.802973970334	3
12	8649	3906.422832772355	2
12	8667	3914.442038974898	1
12	8687	3927.822943184213	2
12	8711	3943.642601558894	3
12	8713	3944.97766102573	2
12	8714	3945.798942037073	1
12	8733	3957.068210052179	0
12	8774	3978.212156550827	1
12	8776	3979.41490873779	0
12	8781	3981.122396672087	1
12	8782	3981.774896841134	0
12	8806	3991.190658604829	1
12	8811	3992.80618718445	0
12	9069	4108.059504769213	1
12	9073	4108.256102059614	0
12	9096	4118.313322221279	1
12	9112	4128.628127647284	0
12	9158	4146.15644369093	1
12	9166	4149.956658025733	0
12	9245	4183.380707206216	1
12	9265	4193.174482679663	0
12	9305	4205.779184206737	1
12	9308	4206.431644012608	0
12	9335	4216.317497951	1
12	9342	4219.208415844937	0
12	9381	4241.426551920538	1
12	9389	4250.572203060144	0
12	9424	4259.271474358534	1
12	9426	4260.180733733876	0
12	9437	4266.059924093042	1
12	9440	4267.904693062292	0
12	9445	4268.97872386657	1
12	9454	4271.602053557065	2
12	9477	4281.462022220399	1
12	9502	4298.312715992341	0
12	9530	4311.250715673237	1
12	9556	4319.458089073347	0
12	9585	4338.355419474996	1
12	9613	4347.988741235062	2
12	9618	4349.80088872731	3
12	9627	4356.716512856265	2
12	9648	4369.824975265595	1
12	9650	4370.232915476476	2
12	9671	4385.549667648363	3
12	9679	4390.40435666789	4
12	9682	4391.715268357461	5
12	9690	4395.774770997918	6
12	9715	4401.479614932108	5
12	9719	4402.178142972911	6
12	9735	4409.08164236712	7
12	9738	4410.618425184078	8
12	9746	4413.727826784234	7
12	9767	4421.641864688291	8
12	9774	4424.206363597618	9
12	9787	4432.001568014103	8
12	9793	4433.731049728325	7
12	9800	4436.195453803929	8
12	9811	4444.133400300916	9
12	9816	4446.902737456471	10
12	9818	4451.798027367907	9
12	9825	4456.886745023261	10
12	9830	4462.422896264077	9
12	9837	4466.286630834142	8
12	9841	4467.469007206139	9
12	9851	4472.30543752391	8
12	9871	4478.577998573156	9
12	9882	4485.174710242166	8
12	9909	4494.286447963769	9
12	9915	4497.489694853448	8
12	9940	4509.286381515356	7
12	9952	4515.397129005731	8
12	9955	4516.015943438472	9
12	10026	4539.162481958725	8
12	10037	4543.072526147176	7
12	10039	4543.855011302441	6
12	10047	4546.514691448807	7
12	10058	4554.709383116332	6
12	10071	4559.825839697793	7
12	10076	4562.188328111141	6
12	10088	4567.963231161085	5
12	10092	4571.503444943534	4
12	10104	4575.958105328985	3
12	10112	4580.977779206055	2
12	10114	4581.770553710381	1
12	10117	4586.028777522403	0
12	10137	4593.671172783118	1
12	10141	4594.566408865003	0
12	10232	4637.507043145388	1
12	10244	4647.74479215334	2
12	10265	4660.153921880077	3
12	10266	4660.28893535218	2
12	10299	4670.045318799426	1
12	10312	4675.812720773449	2
12	10318	4677.147394707461	1
12	10359	4688.32062191457	0
12	10409	4707.675399414683	1
12	10413	4708.383803953315	0
12	10448	4723.340400932187	1
12	10463	4728.42468605356	2
12	10497	4747.916959704113	1
12	10509	4754.012046017813	0
12	10537	4761.145914895361	1
12	10542	4763.361483983741	0
12	10614	4796.604675738408	1
12	10622	4801.632536878596	2
12	10635	4811.649205816193	1
12	10681	4829.898381414712	2
12	10698	4839.551995267318	1
12	10707	4842.364846167578	0
12	10758	4875.489396330366	1
12	10766	4878.815423063915	0
12	10777	4885.79935413807	1
12	10782	4888.453349659424	0
12	10822	4907.510430164121	1
12	10823	4910.410887878244	0
12	10931	4959.667364965104	1
12	10948	4973.274058313828	2
12	10950	4973.960025540493	3
12	10955	4977.639448488248	2
12	10960	4978.830011516078	1
12	10961	4978.959845104475	0
12	10984	4983.412212865309	1
12	10988	4985.036481334527	0
12	11002	4990.094259501879	1
12	11017	4997.270939991828	0
12	11063	5014.345441460228	1
12	11064	5014.876047758891	2
12	11068	5017.350382569943	1
12	11090	5030.179080726658	0
12	11178	5062.823979345975	1
12	11180	5063.374846091154	0
12	11216	5081.111753150688	1
12	11217	5081.161887600961	0
12	11251	5100.399330301402	1
12	11255	5100.955740734376	0
12	11274	5107.480849109239	1
12	11289	5117.653761442993	0
12	11294	5118.938698201894	1
12	11303	5131.469419580525	0
12	11345	5151.473773728233	1
12	11351	5153.553514238143	0
12	11381	5172.317072848411	1
12	11394	5178.509747497793	0
12	11503	5259.916672981183	1
12	11509	5270.729693447298	2
12	11527	5286.088864626206	1
12	11554	5302.703217738011	2
12	11586	5328.042683002657	1
12	11639	5346.29123486409	0
12	12006	5499.2574288167	1
12	12013	5502.351531170894	0
12	12020	5503.871951395786	1
12	12033	5509.720184972977	0
12	12159	5557.007934973451	1
12	12160	5557.419384229811	0
12	12167	5560.372488781942	1
12	12175	5564.475545468333	0
12	12552	5748.584963019622	1
12	12553	5748.82306431118	0
12	12561	5754.497743780089	1
12	12578	5761.606592110718	2
12	12583	5765.842972325331	1
12	12589	5768.157747506228	0
12	12824	5872.184721931879	1
12	12842	5877.065584768206	0
12	12932	5925.931273495832	1
12	12934	5926.437906707207	0
12	13183	6041.551504330711	1
12	13184	6041.80665039709	2
12	13186	6042.752395568072	1
12	13192	6044.241485187325	2
12	13212	6049.365224562028	1
12	13219	6051.827386366678	2
12	13262	6072.755084191089	3
12	13275	6079.927901100563	2
12	13285	6082.162229721205	3
12	13298	6088.600693041997	4
12	13299	6088.674509369235	3
12	13307	6091.416934988168	4
12	13335	6106.157565269704	5
12	13342	6108.433827518686	4
12	13348	6110.232711347906	5
12	13350	6110.86396996876	4
12	13367	6121.374567142036	5
12	13371	6122.225631486593	6
12	13387	6127.496032137679	5
12	13396	6130.052891414538	4
12	13406	6133.163652667508	5
12	13407	6133.904780145647	4
12	13420	6138.478419333567	3
12	13432	6143.042109587574	4
12	13436	6143.792229370763	5
12	13456	6149.032220707707	4
12	13474	6153.686113245833	3
12	13510	6171.549272696522	2
12	13538	6180.819520202371	1
12	13546	6186.039946257455	0
12	13730	6266.894515695563	1
12	13760	6278.90786755642	2
12	13778	6284.387403726489	1
12	13801	6294.062111137353	2
12	13809	6296.961955435139	3
12	13821	6304.306821080436	4
12	13841	6311.4921174001	5
12	13850	6315.824354833895	6
12	13851	6316.004803025733	5
12	13852	6316.012687844206	4
12	13869	6319.154892692771	5
12	13873	6320.07337327535	6
12	13879	6321.548199398238	5
12	13926	6338.933043179316	6
12	13929	6340.337091609295	5
12	13951	6350.23055906872	4
12	13972	6359.881262604287	3
12	13988	6363.254759228259	2
12	13994	6366.451469106012	3
12	14016	6375.703000627483	4
12	14038	6388.829336310412	5
12	14056	6397.512883221841	6
12	14058	6397.76989362128	5
12	14066	6402.931980055977	4
12	14078	6408.534316132615	3
12	14092	6411.275923351568	4
12	14116	6418.972276939998	5
12	14120	6419.953380646713	4
12	14130	6422.559859293333	3
12	14145	6429.166724829346	2
12	14214	6462.111534708597	3
12	14222	6465.018589162402	2
12	14232	6468.829604482315	3
12	14235	6469.862847980569	4
12	14243	6476.03658088822	3
12	14264	6485.067239530364	2
12	14265	6485.397194377335	3
12	14277	6491.208009483141	4
12	14288	6498.769811308997	3
12	14289	6499.201596539151	4
12	14309	6509.541586347612	5
12	14314	6511.356811303172	4
12	14325	6514.702583024599	5
12	14330	6518.041035210189	4
12	14377	6539.479083800841	5
12	14384	6542.086436159141	4
12	14395	6543.941101149754	3
12	14401	6548.672477187552	2
12	14411	6555.459912289029	3
12	14438	6567.05613890357	2
12	14452	6579.245925286297	1
12	14458	6583.657634521358	0
12	14467	6587.70899032138	1
12	14470	6590.650061268364	0
12	14481	6593.502673271136	1
12	14489	6597.425576057506	2
12	14492	6601.448648284995	1
12	14509	6608.539501796761	2
12	14526	6616.539414106688	3
12	14547	6625.841063151271	2
12	14584	6642.079008972365	1
12	14590	6643.510441114524	2
12	14596	6648.119080131309	3
12	14611	6653.527800917168	2
12	14613	6653.973742891297	3
12	14642	6677.819243963541	4
12	14644	6678.467337841954	3
12	14702	6705.032418169597	2
12	14711	6707.83495776354	1
12	14731	6714.074615322605	2
12	14736	6717.125682379171	1
12	14752	6722.778846926346	0
12	14800	6739.640439273012	1
12	14803	6740.864479280858	2
12	14807	6742.449428347745	1
12	14843	6759.903326776647	0
12	14847	6760.653208738968	1
12	14859	6765.689839004391	2
12	14861	6767.294553160646	1
12	14867	6769.111070133729	0
12	14874	6772.21712308652	1
12	14879	6776.269942920657	0
12	14898	6785.341188983386	1
12	14937	6806.189292086893	2
12	14938	6806.394399643807	1
12	14940	6806.751955602633	0
12	15377	6994.079082101784	1
12	15378	6994.114100395202	0
12	15397	7002.710972528046	1
12	15415	7008.907805563864	0
12	15449	7022.920023509263	1
12	15453	7027.93787196805	0
12	15640	7104.11061804618	1
12	15641	7104.596331287195	0
12	15652	7113.030476474586	1
12	15664	7117.409845510508	0
12	15729	7143.257272024779	1
12	15743	7147.627827853384	0
12	15797	7166.693468175515	1
12	15798	7166.8054328466	0
12	15812	7170.104412266114	1
12	15813	7170.294495460255	0
12	15912	7215.803585849197	1
12	15920	7222.100013105732	0
12	15928	7227.793413323513	1
12	15937	7229.344124084313	2
12	15941	7229.944227390752	3
12	15945	7233.901518820349	2
12	15985	7250.769810820635	1
12	15991	7252.448533347185	0
12	16210	7350.093282880263	1
12	16232	7358.408474912735	2
12	16251	7365.19587820684	3
12	16256	7368.085942491125	2
12	16259	7372.90938238345	1
12	16261	7373.473490289951	0
12	16287	7387.423713504315	1
12	16294	7390.716611100218	2
12	16349	7409.594930198749	1
12	16363	7415.802771534182	2
12	16366	7416.848813591608	1
12	16375	7418.842189285058	0
12	16377	7419.810638881244	1
12	16381	7420.304356795882	0
12	16432	7453.817790142996	1
12	16442	7457.306924641333	0
12	16449	7460.1171568349	1
12	16479	7470.317013726848	0
12	16489	7473.609854589319	1
12	16514	7482.734850977958	2
12	16534	7493.346744287031	3
12	16535	7493.458572896975	4
12	16547	7498.178102805319	3
12	16561	7504.400289585451	2
12	16581	7512.828171640441	1
12	16606	7518.772046443022	2
12	16609	7522.659244761613	1
12	16623	7528.982674707763	2
12	16626	7529.82739232434	1
12	16665	7542.366341235862	2
12	16674	7545.465978843368	3
12	16685	7556.105029566039	2
12	16728	7576.90044715477	1
12	16729	7577.257833829032	0
12	16734	7578.768606169718	1
12	16743	7581.421823501807	2
12	16753	7586.727516169228	1
12	16757	7590.757487521884	0
12	16945	7686.478059689611	1
12	17000	7704.168259271981	2
12	17009	7707.555684267552	1
12	17012	7708.546412753456	0
12	17028	7711.515409145179	1
12	17031	7712.095952797861	0
12	17181	7776.71143691519	1
12	17188	7779.144198447664	2
12	17198	7783.198323013694	1
12	17207	7785.052513476041	0
12	17401	7869.360905175087	1
12	17442	7889.381847738051	2
12	17452	7896.718280479857	1
12	17501	7914.692983235875	2
12	17507	7916.481980259965	1
12	17516	7921.288152108818	2
12	17532	7926.124272690278	1
12	17542	7930.036520873964	2
12	17544	7930.219374047541	1
12	17551	7933.664925767063	0
12	17660	7971.188163361381	1
12	17714	7986.668205775684	0
12	17922	8071.773624129747	1
12	17932	8073.453120261368	2
12	17938	8078.04434297838	1
12	17944	8080.056951848161	2
12	17950	8082.486897861084	3
12	17954	8083.880825452135	2
12	17958	8084.710896648985	1
12	17964	8085.179120521453	2
12	17968	8085.958057603427	3
12	17970	8088.488651148981	2
12	18021	8105.990472563046	3
12	18034	8113.523484021647	4
12	18041	8120.646965363659	5
12	18049	8125.184829951701	4
12	18053	8126.501819997284	3
12	18071	8135.274678204064	2
12	18086	8144.244950337093	1
12	18102	8153.512539246438	0
12	18103	8154.043593112206	1
12	18146	8167.804184999253	2
12	18157	8172.292902466522	1
12	18164	8174.45775734792	0
12	18181	8183.806986833939	1
12	18183	8184.430304897419	0
12	18194	8186.957657232473	1
12	18200	8188.865733404419	2
12	18204	8193.178540570308	1
12	18207	8194.629178956078	0
12	18224	8203.258899478152	1
12	18227	8204.420313431426	2
12	18231	8206.418657688377	3
12	18232	8206.647759597158	2
12	18233	8207.026102868364	3
12	18243	8214.054130636716	4
12	18247	8215.193737251228	5
12	18271	8225.079619093048	6
12	18273	8225.788378628458	7
12	18279	8228.835136673636	6
12	18289	8237.033117757196	5
12	18310	8247.48966657646	4
12	18315	8248.808589040158	3
12	18329	8251.708822651998	2
12	18346	8256.284737059721	1
12	18369	8264.122579098521	2
12	18386	8275.671940850195	1
12	18400	8281.151561242536	2
12	18402	8282.608053069139	1
12	18406	8284.474244877582	0
12	18555	8332.208695341023	1
12	18557	8335.707737238464	0
12	18567	8341.62499490693	1
12	18589	8353.566314358671	0
12	18628	8368.795729869828	1
12	18668	8384.960534773942	2
12	18675	8386.576123670952	1
12	18681	8388.141515518113	0
12	18686	8391.198002486301	1
12	18698	8396.186540923375	2
12	18759	8421.468031818644	1
12	18760	8421.518176653689	2
12	18768	8423.020410274335	3
12	18783	8428.246030396476	2
12	18795	8430.214959542752	3
12	18810	8433.704498503064	4
12	18824	8440.304258638167	3
12	18847	8446.739616893374	4
12	18848	8447.123209400762	5
12	18858	8450.918595310922	4
12	18887	8460.858432682173	5
12	18897	8465.819923541484	4
12	18901	8467.848845660729	5
12	18930	8482.860596701881	4
12	18946	8486.798722316367	3
12	18947	8486.877652290272	2
12	18977	8498.289369628564	1
12	18990	8502.055344763134	0
12	19012	8513.403882862057	1
12	19026	8517.866019761406	0
12	19103	8547.750668669453	1
12	19119	8550.787754761864	2
12	19159	8564.008068535459	3
12	19169	8569.358709583484	2
12	19172	8570.698940986878	1
12	19181	8573.725330807207	0
12	19220	8594.197708283344	1
12	19262	8619.364367495674	0
12	19336	8643.641969213572	1
12	19343	8644.844946089452	2
12	19359	8650.948907345028	3
12	19385	8666.970049234478	4
12	19401	8673.289478872042	5
12	19411	8680.886835099376	6
12	19423	8688.309745056421	5
12	19430	8692.886701497649	6
12	19448	8701.700266540654	5
12	19453	8703.33457371007	4
12	19464	8707.477741296755	3
12	19472	8709.918024803232	4
12	19473	8710.023658005855	3
12	19513	8722.567209016238	4
12	19524	8726.19839769584	5
12	19540	8732.257345681162	6
12	19541	8734.743980626029	5
12	19561	8742.202964197936	6
12	19570	8746.671358703468	5
12	19578	8749.341534116675	6
12	19580	8750.996092673513	5
12	19581	8751.121776593059	4
12	19594	8760.810566097049	5
12	19601	8763.526570630983	6
12	19606	8765.007517248878	5
12	19616	8766.964771167111	6
12	19629	8774.943895742376	5
12	19630	8775.506150307019	6
12	19667	8787.201286337924	7
12	19668	8787.834142639596	8
12	19702	8800.619253939618	7
12	19705	8801.316727481292	8
12	19739	8814.849275727979	7
12	19751	8823.336392475642	6
12	19757	8824.807983801695	7
12	19762	8826.930933642253	6
12	19764	8827.870358530703	7
12	19774	8830.583845937482	6
12	19782	8833.422039512545	5
12	19783	8833.520678240247	6
12	19801	8837.854629228577	7
12	19829	8856.184927303346	8
12	19839	8861.804269983641	7
12	19875	8878.826194204181	6
12	19876	8879.067257529765	5
12	19892	8891.578155407007	4
12	19916	8899.773684789395	3
12	19946	8917.694245448135	2
12	19954	8920.302995169319	1
12	19976	8931.737560734564	2
12	19989	8940.181920626165	3
12	19990	8940.845673084331	2
12	20005	8944.894913447398	1
12	20013	8947.672449553594	0
12	20037	8954.314299385157	1
12	20080	8970.139665480561	0
12	20153	9000.947577880504	1
12	20191	9023.111510682401	2
12	20195	9025.500660899162	1
12	20201	9027.307871022661	2
12	20207	9030.445823940981	3
12	20227	9040.853724605127	2
12	20245	9047.175270948382	3
12	20269	9056.764888200528	2
12	20277	9058.447217041623	3
12	20289	9063.569857264823	2
12	20294	9066.21245688838	3
12	20295	9066.307711297295	2
12	20303	9071.288340264701	1
12	20311	9072.584811937048	2
12	20317	9073.886914117615	1
12	20342	9081.03120166227	0
12	20356	9083.253352298621	1
12	20358	9083.695346661643	0
12	20371	9086.328834174266	1
12	20373	9086.724450488367	2
12	20387	9090.493940033652	1
12	20407	9097.976705469615	0
12	20410	9100.940795255596	1
12	20427	9109.82431632173	0
12	20439	9112.785054158879	1
12	20448	9115.162359760493	0
12	20643	9207.25952299091	1
12	20648	9209.552642483506	2
12	20653	9214.291714019623	1
12	20674	9222.076491293004	2
12	20694	9228.144063105537	3
12	20697	9230.019659078228	2
12	20706	9233.134797586496	3
12	20712	9236.741235024666	4
12	20713	9239.99800416915	3
12	20726	9248.925767234717	2
12	20734	9251.395505864309	3
12	20757	9258.207723994768	4
12	20783	9268.630648874818	3
12	20789	9269.945047434562	2
12	20830	9282.804229197222	1
12	20833	9283.566708208678	2
12	20835	9283.827771044438	3
12	20850	9291.179088059552	4
12	20867	9300.292289828969	3
12	20880	9311.155439409175	4
12	20882	9311.232937399535	3
12	20892	9313.147597742026	2
12	20901	9316.804234497363	3
12	20911	9325.856781468003	2
12	20925	9331.071466550349	3
12	20957	9345.637649146365	2
12	20964	9350.175745158727	1
12	20968	9351.600766888088	0
12	21100	9416.200910604997	1
12	21104	9417.217408454769	0
12	21120	9424.64178007388	1
12	21122	9426.163312143695	0
12	21157	9443.835249516498	1
12	21159	9445.130814679806	0
12	21169	9448.37740153616	1
12	21170	9448.54488979149	0
12	21188	9455.475462566825	1
12	21190	9456.060756337586	0
12	21483	9584.890411709937	1
12	21490	9586.535947195254	2
12	21491	9586.701482729448	1
12	21497	9588.387876252884	0
12	21739	9681.729914618704	1
12	21752	9685.861652557637	0
12	21784	9702.180124981104	1
12	21807	9711.629268809756	2
12	21863	9732.208102812485	3
12	21870	9733.694502014967	2
12	21872	9736.464348858607	1
12	21893	9744.331280959332	2
12	21895	9744.481123864996	3
12	21901	9747.420697078554	2
12	21923	9755.505448871999	1
12	21936	9761.960412318843	0
12	22015	9791.351102465113	1
12	22039	9796.642396433051	0
12	22057	9803.676650328255	1
12	22069	9810.567851819669	0
12	22185	9848.114147860798	1
12	22190	9849.795950004699	2
12	22201	9852.657142983033	3
12	22227	9859.313724805429	4
12	22254	9872.469651388973	3
12	22255	9872.848828980261	4
12	22294	9885.186962117442	3
12	22297	9885.959950177913	4
12	22341	9905.572702809979	3
12	22351	9908.887216096658	2
12	22365	9913.933227953201	1
12	22410	9930.61732718471	2
12	22413	9931.421899420643	1
12	22422	9932.875445403942	0
12	22444	9938.175491700621	1
12	22473	9946.908900439221	2
12	22476	9947.467061614722	3
12	22480	9948.44583298433	2
12	22494	9950.505816641489	3
12	22498	9952.601528259566	2
12	22501	9954.279596869533	3
12	22502	9955.17731930862	2
12	22505	9959.211649950698	1
12	22533	9970.764100448334	0
13	0	0	1
13	0	0	2
13	0	0	1
13	25	7.693519684723	0
13	141	56.832453624221	1
13	155	66.427386093784	2
13	171	77.752313582502	3
13	173	80.90743626708	4
13	177	84.100395353576	5
13	200	92.45639909752	4
13	203	94.511095622977	3
13	219	103.312039992926	4
13	235	112.692637151044	3
13	249	118.820005162261	4
13	251	119.652195712949	5
13	258	125.640009517042	6
13	270	129.204099889111	7
13	276	131.652928514861	8
13	307	150.62582184679	7
13	312	152.039955678633	6
13	317	154.103477448816	5
13	328	160.097785910454	4
13	338	163.750691623303	3
13	350	167.357110861873	2
13	360	176.148078448765	1
13	413	201.71605917614	0
13	584	272.199949594223	1
13	594	275.159106117966	0
13	758	337.574339684076	1
13	767	342.939100723946	0
13	920	397.910052949478	1
13	929	403.29865504524	0
13	947	412.591186451777	1
13	978	423.45670281463	0
13	1005	434.783321439808	1
13	1007	435.337155413438	2
13	1009	435.872177776751	1
13	1013	439.189537272864	0
13	1063	458.746262829162	1
13	1065	459.356271721341	2
13	1072	464.224300626192	1
13	1073	464.911978678995	0
13	1121	488.022869239644	1
13	1125	489.89496927024	0
13	1218	533.937468029955	1
13	1221	535.25805798495	2
13	1243	548.972894711665	3
13	1244	549.231608205229	4
13	1250	554.160607988624	3
13	1269	562.538615371976	4
13	1286	568.019470327655	5
13	1292	569.255781555875	6
13	1296	573.506641998911	7
13	1334	607.136653394325	8
13	1342	612.84803998528	9
13	1343	613.281733817137	8
13	1346	615.249308190405	7
13	1347	615.814332160331	6
13	1351	620.18369493556	5
13	1354	624.511118719805	4
13	1362	626.800525498652	3
13	1397	644.919903390575	4
13	1430	662.106664997014	5
13	1445	668.046133404194	4
13	1446	668.588638694726	3
13	1456	672.422932676566	4
13	1473	676.708535906526	5
13	1493	686.183358587505	4
13	1513	695.602361638994	3
13	1521	696.755706505904	2
13	1529	699.104649332463	1
13	1550	708.73630933465	2
13	1567	712.148318204871	3
13	1575	715.757618353064	4
13	1582	722.710985188417	3
13	1589	726.282819678457	2
13	1612	734.653990869784	3
13	1634	745.538387443409	2
13	1639	747.083456847846	1
13	1642	747.842671460581	2
13	1654	750.562867605445	3
13	1692	768.182929498684	4
13	1697	774.597064266367	3
13	1701	776.906028456053	2
13	1705	780.177753757	1
13	1711	781.672702674089	0
13	1934	896.852871054689	1
13	1936	897.953427892488	2
13	1945	903.499953718036	1
13	1951	904.964918526571	0
13	1955	905.439150304767	1
13	1980	911.115643026117	0
13	2084	951.073112454861	1
13	2085	951.418106102835	0
13	2120	970.837425384642	1
13	2141	986.367039578598	2
13	2159	992.975368872836	3
13	2174	998.356016692858	4
13	2192	1006.583977107455	5
13	2229	1020.832078870969	6
13	2231	1022.389052115415	5
13	2243	1029.887560337801	4
13	2247	1031.59825592	3
13	2261	1036.973921269104	2
13	2262	1037.837283781771	3
13	2265	1037.990583125438	2
13	2271	1040.377547321473	1
13	2288	1045.695512530974	0
13	2297	1048.341768985664	1
13	2299	1048.45648327755	0
13	2354	1071.54297545333	1
13	2367	1075.984413998748	2
13	2374	1079.037376681277	1
13	2407	1086.816238138921	0
13	2663	1189.054211633313	1
13	2729	1215.735195340857	2
13	2735	1220.679416297544	1
13	2736	1221.335204006666	0
13	2792	1258.894736189928	1
13	2801	1265.44388242019	2
13	2803	1265.718021069023	1
13	2811	1267.426763802739	2
13	2829	1275.704964860887	3
13	2834	1278.58319968605	2
13	2861	1290.375369184423	3
13	2876	1296.834897183234	4
13	2883	1300.668863564121	5
13	2886	1302.029827388705	6
13	2891	1306.603974984489	5
13	2922	1322.419299274224	6
13	2936	1327.504933467647	5
13	2972	1341.946524167066	4
13	2980	1346.452745138661	5
13	2988	1348.417642236667	6
13	3009	1355.927241962244	7
13	3017	1360.472873654825	8
13	3027	1371.338807131683	7
13	3054	1386.69291861484	8
13	3064	1394.582913518999	9
13	3079	1400.678965597826	10
13	3085	1405.120908577081	11
13	3086	1406.386380989861	10
13	3104	1415.124498194886	9
13	3105	1415.186365753458	10
13	3107	1416.455641719455	9
13	3120	1422.695734185539	8
13	3122	1423.184141068174	7
13	3127	1425.892915932268	8
13	3131	1428.498471969052	7
13	3159	1439.694189744679	6
13	3237	1472.739224575875	5
13	3239	1472.986896408077	4
13	3250	1474.94456863909	3
13	3266	1487.819683571436	2
13	3272	1490.232474696864	1
13	3282	1496.990317626341	2
13	3290	1499.763314936167	3
13	3315	1517.112112876065	2
13	3324	1525.319726045742	1
13	3337	1529.008403140455	0
13	3349	1535.739173089508	1
13	3355	1537.959030777267	0
13	3404	1563.004230602557	1
13	3411	1565.04769643218	2
13	3419	1569.220018244185	1
13	3429	1572.156721261457	0
13	3573	1635.25197394331	1
13	3590	1639.131693325265	2
13	3593	1639.442877755437	3
13	3596	1642.233119982319	2
13	3599	1643.714047721908	3
13	3603	1649.396368296136	2
13	3611	1650.47194303666	3
13	3641	1661.753470781499	4
13	3658	1667.459709474632	3
13	3682	1677.062598116469	2
13	3688	1679.65700460243	3
13	3740	1701.138457477779	2
13	3763	1706.865938832717	1
13	3766	1707.73967042178	2
13	3768	1708.123883321485	3
13	3787	1710.956171380847	4
13	3798	1713.114326139986	5
13	3806	1715.638562816318	6
13	3819	1723.796416786672	7
13	3821	1724.606307529792	6
13	3846	1736.701473544958	5
13	3847	1737.049232783914	4
13	3873	1749.565835086118	5
13	3876	1750.727263576456	6
13	3926	1771.836924985311	5
13	3969	1784.280445452552	4
13	3972	1786.174608267736	3
13	3995	1792.292574623495	4
13	4003	1793.800562737403	3
13	4009	1795.117143063753	2
13	4020	1797.450631049957	3
13	4054	1809.550099137183	2
13	4066	1813.285924425773	3
13	4068	1814.433408289042	2
13	4072	1815.947842278722	1
13	4090	1828.981353367106	2
13	4155	1851.693703114495	3
13	4158	1852.815772887872	4
13	4159	1853.406110720706	3
13	4179	1858.93603579574	4
13	4182	1859.655501594461	5
13	4193	1865.920564948641	6
13	4196	1867.921598477256	5
13	4198	1868.518460372734	4
13	4229	1879.218630554511	5
13	4259	1897.766768528921	4
13	4283	1906.800895045401	3
13	4331	1930.399253443076	4
13	4339	1932.579250793273	5
13	4358	1941.287364939365	6
13	4362	1942.595354094292	7
13	4380	1949.406853358795	8
13	4404	1960.744568761623	9
13	4412	1963.142899666758	10
13	4414	1963.773386436245	11
13	4428	1970.102184372623	10
13	4452	1984.410663462786	11
13	4457	1988.049967259664	10
13	4473	1995.800396115482	11
13	4482	2000.754457498238	10
13	4494	2005.370843419824	11
13	4496	2006.705807579959	10
13	4507	2013.895330424879	11
13	4508	2013.901105856387	10
13	4513	2019.31121963195	9
13	4521	2021.873674583799	10
13	4530	2028.271626347667	11
13	4560	2041.116349871012	10
13	4595	2059.802328749936	11
13	4631	2074.097554862536	12
13	4642	2078.848404197858	11
13	4653	2082.586802762915	12
13	4698	2100.566097283424	11
13	4700	2101.084088774864	10
13	4721	2107.545124672477	9
13	4729	2109.92022188269	10
13	4738	2114.076608187681	9
13	4769	2135.579508857355	10
13	4774	2136.82278932639	11
13	4778	2138.207195799104	10
13	4785	2141.121453549366	9
13	4821	2163.326731987826	10
13	4823	2164.382601123729	9
13	4830	2172.006465755649	8
13	4838	2176.528072918461	7
13	4847	2180.942893201425	6
13	4883	2196.984715947151	5
13	4886	2199.284748041967	4
13	4922	2213.199008167063	3
13	4933	2217.278402379266	4
13	4936	2219.673001566143	3
13	4940	2222.595332657711	2
13	4944	2223.182859792194	3
13	4949	2229.686410860115	2
13	4951	2230.430422352402	1
13	4981	2247.10008859118	2
13	4992	2253.370818848106	3
13	5001	2256.798204306104	4
13	5010	2261.11787603693	5
13	5038	2274.128711222146	4
13	5048	2278.086464708964	3
13	5049	2278.119864442767	2
13	5061	2282.843463255283	1
13	5067	2286.571560755873	2
13	5079	2293.000128037495	1
13	5084	2294.05075487435	2
13	5136	2313.038710960925	1
13	5154	2319.898620805777	0
13	5155	2320.24465423864	1
13	5162	2322.528411786735	0
13	5163	2322.693375259098	1
13	5164	2323.218273992754	0
13	5196	2339.778732583765	1
13	5197	2341.294601163542	0
13	5200	2343.187607514233	1
13	5206	2346.497932292861	0
13	5217	2355.431120823078	1
13	5227	2362.021726136469	2
13	5235	2365.132319571211	1
13	5248	2369.071766059829	0
13	5428	2443.482156223777	1
13	5453	2452.496901937143	0
13	5463	2456.64325621561	1
13	5466	2457.803473013148	0
13	5520	2477.641369035606	1
13	5536	2482.657089348793	0
13	5571	2496.922934306019	1
13	5582	2504.122875859118	2
13	5592	2512.270369566914	1
13	5614	2525.28237823608	2
13	5646	2544.546450826593	1
13	5656	2548.340171023425	0
13	5657	2548.494832931326	1
13	5660	2550.128869479293	0
13	5887	2650.538489612856	1
13	5896	2652.592912879128	0
13	5914	2661.951902042127	1
13	5935	2675.235222129038	0
13	6087	2744.133283312619	1
13	6097	2752.331585740185	2
13	6109	2761.670591970162	3
13	6144	2786.519351201506	4
13	6156	2790.912710011123	5
13	6163	2794.927715746782	6
13	6164	2794.950514244583	5
13	6183	2804.206888946573	6
13	6210	2812.902613936389	5
13	6238	2826.100225416	6
13	6293	2855.697623565019	5
13	6309	2861.556468539614	4
13	6316	2863.797026057369	3
13	6321	2864.660698067238	2
13	6325	2865.079194428343	3
13	6326	2865.350920387832	4
13	6328	2865.85296366932	5
13	6331	2869.722030855377	4
13	6336	2870.791845790157	3
13	6356	2878.788364716822	4
13	6358	2879.113390659711	3
13	6371	2883.714043516082	2
13	6372	2883.938989435824	3
13	6378	2885.257463955165	2
13	6394	2892.188080433439	1
13	6411	2902.352863437309	2
13	6413	2903.515693740865	3
13	6437	2918.828617259779	4
13	6446	2921.729207859877	5
13	6448	2929.627306647637	4
13	6461	2933.946946966063	5
13	6496	2946.666830194282	4
13	6509	2951.932420479444	3
13	6515	2953.247792455965	4
13	6528	2957.229167676855	3
13	6548	2964.989912236288	4
13	6559	2968.830269708981	5
13	6562	2969.827230306003	4
13	6576	2975.50868632607	3
13	6598	2985.15075335205	2
13	6608	2986.41503844705	1
13	6611	2987.20988957916	2
13	6631	3000.323230991605	3
13	6642	3003.192746064538	2
13	6649	3007.589333524616	3
13	6659	3010.786046763183	2
13	6666	3012.864320612774	1
13	6674	3014.288860790142	0
13	6695	3023.81379838364	1
13	6702	3027.024261563196	0
13	6893	3129.337469363308	1
13	6903	3134.598484567573	0
13	7158	3258.891124349858	1
13	7167	3261.67782957131	0
13	7207	3286.473892041342	1
13	7236	3300.194531412489	2
13	7238	3300.777600824509	3
13	7242	3302.204655363695	4
13	7245	3303.915991914276	5
13	7246	3304.810904906903	4
13	7262	3319.852684438117	3
13	7266	3321.150165121783	2
13	7268	3322.003048983443	3
13	7272	3323.382237781145	2
13	7273	3323.472723195308	1
13	7274	3323.744257775787	0
13	7345	3349.428145430812	1
13	7347	3350.853503659589	0
13	7718	3510.967925006648	1
13	7720	3511.822284722643	2
13	7721	3512.545488166937	3
13	7724	3514.086748808361	2
13	7777	3531.308051943759	3
13	7786	3533.569190929695	4
13	7800	3536.425477398625	5
13	7803	3536.750376641935	4
13	7814	3539.588673603996	3
13	7859	3561.337290067133	2
13	7870	3564.325093023484	1
13	7888	3573.512352024372	0
13	7905	3578.474397816555	1
13	7909	3582.52380437197	0
13	7963	3603.334719122714	1
13	7976	3614.219582376958	0
13	8114	3685.294341193688	1
13	8131	3698.714080666091	0
13	8370	3797.777065321194	1
13	8394	3806.244139854066	2
13	8406	3815.340957318746	1
13	8409	3815.924327668099	0
13	8412	3816.51994771664	1
13	8430	3832.192388043109	0
13	8651	3907.422832772355	1
13	8656	3909.387502585051	0
13	8716	3946.798942037073	1
13	8717	3948.191260905786	0
13	8735	3958.068210052179	1
13	8737	3959.603261966112	2
13	8769	3975.341026090684	1
13	8779	3980.41490873779	2
13	8784	3982.774896841134	3
13	8790	3985.208554621484	2
13	8814	3993.80618718445	3
13	8816	3994.065438046333	2
13	8846	4007.929626540769	1
13	8853	4009.618556949968	2
13	8877	4023.587947616418	1
13	8888	4027.821991823343	2
13	8895	4039.100428861998	1
13	8914	4046.272962533491	0
13	9076	4109.256102059614	1
13	9082	4111.753421671452	2
13	9089	4116.239654020498	1
13	9094	4117.586903043974	0
13	9118	4129.85532211643	1
13	9124	4131.774157811438	0
13	9269	4195.101870365203	1
13	9302	4204.86572400391	0
13	9312	4207.431644012608	1
13	9319	4212.625966067651	0
13	9345	4220.208415844937	1
13	9348	4220.501432358481	0
13	9399	4253.826912929333	1
13	9428	4261.180733733876	2
13	9438	4266.317668625169	1
13	9444	4268.904693062292	2
13	9451	4270.981300038553	1
13	9452	4271.037306642877	0
13	9504	4299.312715992341	1
13	9508	4300.103878698073	0
13	9567	4327.612656672	1
13	9570	4330.704902552682	0
13	9790	4433.001568014103	1
13	9796	4434.731049728325	2
13	9801	4437.030204555677	1
13	9803	4438.38712979767	0
13	9832	4463.422896264077	1
13	9840	4467.286630834142	2
13	9856	4473.30543752391	3
13	9857	4473.890210529664	2
13	9858	4473.896754452402	1
13	9862	4475.296879927848	0
13	10040	4544.072526147176	1
13	10041	4544.855011302441	2
13	10042	4544.953151691028	1
13	10057	4554.3176050856	0
13	10062	4555.709383116332	1
13	10075	4562.070215996642	0
13	10079	4563.188328111141	1
13	10089	4568.963231161085	2
13	10094	4572.503444943534	3
13	10097	4573.851159183275	2
13	10100	4575.039408237374	1
13	10108	4576.958105328985	2
13	10115	4581.977779206055	3
13	10116	4582.770553710381	4
13	10119	4587.028777522403	5
13	10139	4593.737398638861	4
13	10143	4595.566408865003	5
13	10150	4597.864011478719	4
13	10160	4600.713520709022	5
13	10176	4608.616136543452	4
13	10187	4615.2693179736	3
13	10226	4634.76983062716	2
13	10235	4641.625942582639	1
13	10245	4649.049061687682	0
13	10322	4678.147394707461	1
13	10326	4680.359036288271	0
13	10375	4694.281282903295	1
13	10416	4709.383803953315	2
13	10431	4716.556735509896	1
13	10443	4721.840024671806	0
13	10558	4768.637288590935	1
13	10567	4773.957746979306	0
13	10784	4889.453349659424	1
13	10792	4893.9218780201	2
13	10824	4910.804073010755	1
13	10825	4911.410887878244	2
13	10834	4919.427549493533	1
13	10846	4926.504479712903	2
13	10851	4930.171681956261	1
13	10853	4930.707169436398	0
13	10966	4979.959845104475	1
13	10990	4986.036481334527	2
13	11021	4998.270939991828	3
13	11025	4999.935825666779	2
13	11034	5004.705789557354	3
13	11045	5007.378541647525	2
13	11055	5012.916451856474	1
13	11070	5018.350382569943	2
13	11089	5030.008151861801	1
13	11093	5031.179080726658	2
13	11113	5035.822929740141	3
13	11137	5050.525135457528	2
13	11162	5056.570912028247	1
13	11183	5064.374846091154	2
13	11185	5065.887154766416	1
13	11188	5066.712707847189	0
13	11192	5067.671521629528	1
13	11207	5078.754634230293	0
13	11218	5081.335317886937	1
13	11222	5082.161887600961	2
13	11225	5082.829115566275	3
13	11228	5085.290709717856	2
13	11252	5100.579227282329	1
13	11259	5101.955740734376	2
13	11276	5111.358285207299	1
13	11278	5112.363212810564	0
13	11317	5134.973515254879	1
13	11336	5148.673496627403	0
13	11352	5154.553514238143	1
13	11358	5160.278952776968	0
13	11400	5179.813550252991	1
13	11410	5183.426803750021	0
13	11589	5329.042683002657	1
13	11603	5333.717084595889	0
13	11945	5473.980818566653	1
13	11953	5478.415748521406	0
13	12035	5510.720184972977	1
13	12037	5511.691550031167	0
13	12177	5565.475545468333	1
13	12179	5568.193824222379	0
13	12317	5636.928061389118	1
13	12325	5639.230614791066	0
13	12586	5766.842972325331	1
13	12590	5769.157747506228	2
13	12599	5771.726132434541	3
13	12610	5776.267161754661	2
13	12621	5781.997787291748	1
13	12651	5790.146935062361	0
13	12712	5815.916272627912	1
13	12758	5843.072915239219	0
13	12881	5897.288324501314	1
13	12895	5907.292977764676	0
13	12941	5929.520445412597	1
13	12947	5931.806951366306	0
13	13352	6111.86396996876	1
13	13376	6123.563536923212	0
13	13399	6131.052891414538	1
13	13402	6132.149128519883	0
13	13409	6134.904780145647	1
13	13423	6139.478419333567	2
13	13424	6139.806570133798	1
13	13430	6142.75679146766	0
13	13476	6154.686113245833	1
13	13479	6155.695724781007	0
13	13540	6181.819520202371	1
13	13548	6186.807517708192	0
13	13549	6187.039946257455	1
13	13555	6189.072268844005	2
13	13574	6197.566303297575	1
13	13578	6199.030378652793	0
13	13584	6201.382815120146	1
13	13590	6203.506642408807	0
13	13702	6250.508015545898	1
13	13726	6266.079694643435	0
13	13856	6317.012687844206	1
13	13874	6320.347413877827	0
13	13882	6322.548199398238	1
13	13883	6322.762556002103	0
13	13991	6364.254759228259	1
13	13993	6365.79155199862	0
13	14083	6409.534316132615	1
13	14121	6420.634413584447	0
13	14123	6420.953380646713	1
13	14124	6421.064371245311	0
13	14245	6477.03658088822	1
13	14266	6486.067239530364	2
13	14285	6497.51588819866	1
13	14292	6499.769811308997	2
13	14297	6500.956223842987	1
13	14299	6502.636245759919	0
13	14318	6512.356811303172	1
13	14332	6519.041035210189	2
13	14390	6543.086436159141	3
13	14399	6544.941101149754	4
13	14403	6549.672477187552	5
13	14408	6554.544556243013	4
13	14441	6568.05613890357	5
13	14453	6580.245925286297	6
13	14456	6581.68586072289	5
13	14460	6584.657634521358	6
13	14468	6589.081104208555	5
13	14472	6591.650061268364	6
13	14487	6596.828840651503	5
13	14494	6602.448648284995	6
13	14496	6604.89153776971	5
13	14500	6606.133633469514	4
13	14522	6613.284172947023	3
13	14548	6626.841063151271	4
13	14549	6626.985297163522	3
13	14564	6631.735057079589	2
13	14588	6643.079008972365	3
13	14598	6650.164245811546	2
13	14614	6654.527800917168	3
13	14632	6667.257758632883	2
13	14634	6671.107120336353	1
13	14636	6673.139884093056	0
13	14645	6679.467337841954	1
13	14656	6685.653216026768	0
13	14715	6708.83495776354	1
13	14718	6709.135017457758	0
13	14755	6723.778846926346	1
13	14765	6728.213462139185	0
13	14863	6768.294553160646	1
13	14871	6770.111070133729	2
13	14883	6777.269942920657	3
13	14892	6782.916883744333	2
13	14893	6782.943355221774	1
13	14897	6785.079056097472	0
13	14945	6807.751955602633	1
13	14953	6809.661850243852	2
13	14961	6813.063133075035	3
13	14970	6816.438271807004	4
13	14972	6817.158674678035	3
13	14999	6829.073869317002	2
13	15001	6831.06449573169	1
13	15061	6863.839013401101	2
13	15063	6864.496830055248	1
13	15080	6868.179561093927	0
13	15383	6995.857677830304	1
13	15399	7003.132899477876	0
13	15495	7042.668446273205	1
13	15501	7045.87624808042	2
13	15502	7045.881396340045	1
13	15506	7048.782141075739	2
13	15512	7051.08793538542	1
13	15543	7064.218472590246	2
13	15614	7097.203711477296	1
13	15642	7105.596331287195	2
13	15649	7111.486202417492	3
13	15667	7118.409845510508	4
13	15675	7121.423933347821	5
13	15699	7131.650545133913	6
13	15700	7131.882985424326	5
13	15710	7137.092040656403	4
13	15717	7138.871468948007	3
13	15719	7140.823695060775	2
13	15746	7148.627827853384	3
13	15760	7153.865134187858	4
13	15780	7160.548328926052	3
13	15786	7162.199649692572	4
13	15788	7162.675214665163	3
13	15803	7167.8054328466	4
13	15814	7171.294495460255	5
13	15826	7178.200053799581	6
13	15856	7193.529323413912	7
13	15905	7212.848268288805	6
13	15922	7223.100013105732	7
13	15933	7228.674521122386	6
13	15943	7233.080905909142	5
13	15951	7234.901518820349	6
13	15955	7235.980632562487	5
13	15961	7238.90642883801	4
13	15962	7238.969756524135	3
13	15989	7251.769810820635	4
13	15995	7253.448533347185	5
13	15999	7257.433613569371	4
13	16001	7258.430050804008	3
13	16008	7259.646528534486	2
13	16014	7261.406451714162	3
13	16018	7266.891477196257	2
13	16021	7268.22916986755	1
13	16092	7299.102070413839	2
13	16121	7315.20918052492	1
13	16123	7315.427542917499	2
13	16130	7318.410075872408	1
13	16149	7328.907178106792	0
13	16262	7373.90938238345	1
13	16263	7374.236137093362	0
13	16265	7374.473490289951	1
13	16279	7381.8850680402	0
13	16369	7417.848813591608	1
13	16379	7419.842189285058	2
13	16383	7421.304356795882	3
13	16394	7427.82627990818	4
13	16407	7436.651127902629	3
13	16435	7455.062481631934	2
13	16438	7455.9903271766	1
13	16445	7458.306924641333	2
13	16450	7460.359844760762	1
13	16454	7461.415039975399	0
13	16563	7505.400289585451	1
13	16585	7513.828171640441	2
13	16605	7518.187498224385	1
13	16611	7523.659244761613	2
13	16614	7524.976651131466	1
13	16630	7530.82739232434	2
13	16637	7532.874852785738	1
13	16652	7537.938730360115	0
13	16733	7578.257833829032	1
13	16754	7587.727516169228	2
13	16758	7591.757487521884	3
13	16762	7594.226131785862	4
13	16763	7596.720082833362	3
13	16776	7601.203505429236	2
13	16778	7601.749051737988	1
13	16787	7607.782928365972	0
13	16831	7625.263724449889	1
13	16858	7635.041522599576	0
13	16885	7653.026274766142	1
13	16890	7661.635752773856	0
13	17018	7709.546412753456	1
13	17033	7713.095952797861	2
13	17034	7717.30023295669	1
13	17046	7724.129162770034	2
13	17058	7729.69187703507	1
13	17060	7729.972339740101	2
13	17075	7734.014240027402	1
13	17077	7734.747778191376	0
13	17210	7786.052513476041	1
13	17219	7790.573080769173	2
13	17233	7797.316091843138	1
13	17250	7805.634320851652	2
13	17251	7805.800012488034	3
13	17266	7816.222602682122	2
13	17316	7832.559965783277	3
13	17324	7835.533886555332	2
13	17325	7835.969718847188	1
13	17338	7840.04341664056	0
13	17395	7867.528014755927	1
13	17402	7869.894231261889	0
13	17535	7927.124272690278	1
13	17547	7931.219374047541	2
13	17555	7934.664925767063	3
13	17559	7935.651323809929	4
13	17563	7938.060866848647	3
13	17595	7949.168892982605	4
13	17606	7954.001611653298	5
13	17678	7978.899741490583	4
13	17693	7981.784654590107	3
13	17711	7985.980602402225	2
13	17717	7987.668205775684	3
13	17719	7988.854473066819	2
13	17738	7994.525092474935	3
13	17740	7996.180579306893	2
13	17762	8004.706566048847	3
13	17800	8020.628054379144	4
13	17804	8020.826263455542	3
13	17811	8023.505800772306	2
13	17824	8029.156035525581	1
13	17835	8032.58699655882	0
13	17847	8040.520320043773	1
13	17866	8047.595678346909	0
13	17961	8084.880825452135	1
13	17966	8085.710896648985	2
13	17972	8089.488651148981	3
13	17974	8090.18545444014	2
13	17976	8090.437563095517	1
13	17981	8091.664652033818	0
13	18056	8127.501819997284	1
13	18073	8136.274678204064	2
13	18076	8138.939261424536	1
13	18088	8145.244950337093	2
13	18098	8152.328883603524	1
13	18104	8154.512539246438	2
13	18105	8154.989453706733	1
13	18111	8156.511784149941	0
13	18167	8175.45775734792	1
13	18169	8177.875684783109	0
13	18206	8194.178540570308	1
13	18210	8195.629178956078	2
13	18215	8198.346301974719	1
13	18235	8207.647759597158	2
13	18260	8220.892903978141	1
13	18262	8222.563532287563	0
13	18320	8249.808589040158	1
13	18334	8252.708822651998	2
13	18349	8257.284737059721	3
13	18359	8259.363390436317	2
13	18361	8260.268805934661	1
13	18387	8276.671940850195	2
13	18404	8283.608053069139	3
13	18410	8285.474244877582	4
13	18423	8290.291814547614	3
13	18430	8292.096019542782	2
13	18438	8294.349207024234	3
13	18439	8294.721732147357	2
13	18448	8297.689538255532	1
13	18471	8309.451138036441	0
13	18559	8336.707737238464	1
13	18573	8343.936077301919	0
13	18591	8354.566314358671	1
13	18596	8355.894515422876	2
13	18654	8379.719836473868	1
13	18678	8387.576123670952	2
13	18683	8389.141515518113	3
13	18713	8405.240639873614	2
13	18739	8413.745751358975	1
13	18745	8416.938816188353	0
13	18860	8451.918595310922	1
13	18871	8455.988280021185	0
13	18937	8483.860596701881	1
13	18951	8487.798722316367	2
13	18952	8487.877652290272	3
13	18960	8490.06367203683	2
13	18980	8499.289369628564	3
13	18988	8501.963203249943	2
13	18992	8503.002648331073	1
13	18993	8503.055344763134	2
13	18998	8507.700400834347	1
13	19011	8513.028399546097	0
13	19029	8518.866019761406	1
13	19042	8525.302844445484	0
13	19050	8527.525584132151	1
13	19051	8527.684830711671	0
13	19174	8571.698940986878	1
13	19175	8572.21756602	0
13	19183	8574.725330807207	1
13	19187	8578.227150246708	0
13	19209	8591.333249175486	1
13	19210	8591.7568789072	0
13	19285	8627.662829511356	1
13	19302	8634.470614187314	0
13	19457	8704.33457371007	1
13	19466	8708.477741296755	2
13	19475	8710.163790165419	1
13	19477	8711.023658005855	2
13	19487	8715.219791697414	1
13	19495	8718.608401248866	0
13	19583	8751.996092673513	1
13	19584	8752.121776593059	2
13	19605	8764.789562675401	1
13	19609	8765.641600009685	0
13	19612	8766.007517248878	1
13	19618	8768.177572014601	0
13	19765	8827.930933642253	1
13	19776	8831.583845937482	2
13	19786	8834.127005439902	1
13	19787	8834.422039512545	2
13	19799	8837.013678327385	1
13	19813	8847.536874216529	0
13	19877	8879.826194204181	1
13	19879	8880.067257529765	2
13	19889	8890.016415234481	1
13	19896	8892.578155407007	2
13	19918	8900.773684789395	3
13	19948	8918.694245448135	4
13	19950	8919.168250788012	3
13	19955	8920.597819440329	2
13	19957	8921.302995169319	3
13	19967	8926.26471005808	2
13	19994	8941.845673084331	3
13	20001	8943.717149408508	2
13	20002	8944.21270752624	1
13	20009	8945.894913447398	2
13	20015	8947.882343894018	1
13	20016	8948.014892570757	0
13	20021	8948.672449553594	1
13	20034	8953.520707103019	2
13	20040	8955.808808280637	1
13	20048	8959.699964959826	0
13	20085	8971.139665480561	1
13	20088	8971.755987073312	2
13	20104	8980.80782471757	3
13	20117	8985.964356198865	2
13	20161	9007.185096368953	1
13	20162	9007.198515643178	0
13	20290	9064.569857264823	1
13	20298	9067.307711297295	2
13	20304	9071.397225241176	1
13	20306	9071.772063540763	0
13	20309	9072.288340264701	1
13	20320	9074.215418560993	0
13	20349	9082.03120166227	1
13	20361	9084.695346661643	2
13	20366	9085.329461166565	1
13	20379	9087.811727558521	0
13	20390	9091.493940033652	1
13	20408	9098.976705469615	2
13	20417	9103.227384491668	1
13	20428	9110.82431632173	2
13	20429	9110.913337124189	1
13	20450	9116.120746302993	0
13	20451	9116.162359760493	1
13	20463	9123.195196773713	0
13	20470	9129.462817732491	1
13	20471	9129.581449781616	0
13	20715	9240.99800416915	1
13	20729	9249.925767234717	2
13	20738	9253.884464983428	1
13	20747	9257.09557925162	0
13	20792	9270.945047434562	1
13	20813	9278.478333687644	0
13	20834	9283.804229197222	1
13	20839	9286.120869771074	0
13	20869	9301.292289828969	1
13	20877	9306.715177374337	0
13	20886	9312.232937399535	1
13	20889	9312.695552033676	0
13	20913	9326.856781468003	1
13	20915	9327.185214155915	0
13	20967	9351.175745158727	1
13	20971	9352.600766888088	2
13	20975	9354.010919295783	3
13	20998	9368.047686172976	4
13	21024	9380.972290349735	3
13	21033	9385.903899996789	2
13	21042	9387.702439897462	3
13	21049	9391.857392315859	2
13	21057	9396.326475055055	1
13	21059	9396.988209013736	0
13	21345	9526.46298938287	1
13	21346	9527.394048874139	0
13	21442	9562.581284163324	1
13	21494	9587.701482729448	2
13	21502	9589.387876252884	3
13	21512	9591.675711652589	4
13	21516	9595.606018535654	3
13	21522	9597.083703841331	2
13	21563	9614.503379320977	1
13	21626	9634.198467377107	0
13	21628	9634.872539984305	1
13	21649	9642.768030601201	0
13	21706	9669.122146004764	1
13	21717	9672.505960549865	2
13	21741	9681.883122230107	1
13	21753	9686.861652557637	2
13	21758	9688.838504325866	1
13	21761	9693.728393090008	0
13	21766	9694.772935230704	1
13	21768	9695.391895922998	0
13	21875	9737.464348858607	1
13	21902	9747.491631930744	0
13	21904	9748.420697078554	1
13	21926	9756.505448871999	2
13	21939	9762.960412318843	3
13	21944	9766.495349188421	4
13	21961	9773.154063921442	3
13	21963	9773.921599130336	2
13	21970	9775.748207296731	1
13	21983	9783.474126767104	0
13	21997	9788.197944187314	1
13	21998	9788.295899054545	0
13	22161	9842.68151862541	1
13	22212	9855.13684594414	0
13	22257	9873.469651388973	1
13	22268	9876.86289431537	0
13	22298	9886.186962117442	1
13	22312	9893.903935113895	0
13	22368	9914.933227953201	1
13	22389	9921.066408510966	0
13	22427	9933.875445403942	1
13	22436	9935.241519700646	0
13	22503	9956.17731930862	1
13	22508	9960.211649950698	2
13	22536	9971.764100448334	3
13	22539	9972.372664889826	4
13	22546	9979.401167720735	3
13	22573	9996.661470445876	2
14	0	0	1
14	0	0	2
14	0	0	1
14	30	8.693519684723	2
14	34	9.547293567696	3
14	38	10.080795039577	2
14	54	20.888890373666	1
14	92	33.47999331193	0
14	205	95.511095622977	1
14	238	113.692637151044	2
14	245	117.593201539975	1
14	308	150.637111261483	0
14	310	151.62582184679	1
14	314	153.039955678633	2
14	321	155.103477448816	3
14	325	159.685365033301	2
14	333	161.097785910454	3
14	342	164.750691623303	4
14	351	168.357110861873	5
14	364	177.000788275517	4
14	365	177.148078448765	5
14	377	179.674695520219	4
14	415	202.71605917614	5
14	417	203.378926286516	6
14	419	204.387596546105	5
14	429	209.984781168756	4
14	445	221.219563026852	3
14	471	233.490635999726	2
14	484	236.497898071972	1
14	487	237.81120157606	2
14	505	244.339288062298	1
14	530	254.957362120847	2
14	542	260.829927722693	1
14	544	261.410570382388	0
14	598	276.159106117966	1
14	604	278.889432585327	0
14	825	362.711038354243	1
14	859	373.148017280333	0
14	1010	436.872177776751	1
14	1015	440.189537272864	2
14	1019	443.081328883668	3
14	1034	448.360754912751	2
14	1036	448.641138308505	1
14	1048	452.314645616778	0
14	1075	465.911978678995	1
14	1089	471.682128106033	0
14	1099	473.140395305633	1
14	1114	482.750225342243	2
14	1129	490.89496927024	3
14	1151	503.78457114943	2
14	1156	505.629011869265	1
14	1166	507.974074492292	2
14	1173	511.805948417829	1
14	1203	526.07000485215	0
14	1348	616.249308190405	1
14	1349	616.814332160331	2
14	1353	621.18369493556	3
14	1356	625.146687580804	2
14	1358	625.511118719805	3
14	1365	627.800525498652	4
14	1366	627.91763342642	3
14	1371	632.46058703735	2
14	1380	638.450963413104	1
14	1416	653.08938075586	0
14	1448	669.046133404194	1
14	1449	669.469298772811	0
14	1450	669.588638694726	1
14	1478	679.662207376696	0
14	1496	687.183358587505	1
14	1516	696.299361424998	0
14	1520	696.602361638994	1
14	1526	697.755706505904	2
14	1533	700.104649332463	3
14	1584	723.710985188417	4
14	1592	727.282819678457	5
14	1607	733.589394215993	4
14	1610	733.904621325692	3
14	1621	740.500385020594	2
14	1623	741.420694842862	1
14	1636	746.538387443409	2
14	1643	748.083456847846	3
14	1656	751.686388064704	2
14	1658	752.401424534967	1
14	1661	753.069599655688	0
14	1702	777.906028456053	1
14	1709	781.177753757	2
14	1713	782.672702674089	3
14	1717	785.949526896683	4
14	1726	792.375592540522	5
14	1727	792.795881214763	4
14	1766	808.546054592189	5
14	1788	818.030289909303	4
14	1799	820.462520813611	5
14	1809	824.016126321792	4
14	1815	827.309887723653	3
14	1817	829.124553769301	2
14	1837	833.896510830236	1
14	1846	836.184688574104	0
14	1903	876.29391881943	1
14	1905	877.950625795495	0
14	1989	913.983822777987	1
14	2023	925.429617741126	0
14	2073	942.732408055553	1
14	2086	952.418106102835	2
14	2089	953.833449719338	3
14	2121	971.244251449112	2
14	2189	1004.778221385659	1
14	2216	1016.79779577362	0
14	2234	1023.389052115415	1
14	2236	1027.011671443944	0
14	2245	1030.887560337801	1
14	2249	1032.59825592	2
14	2264	1037.973921269104	3
14	2267	1038.990583125438	4
14	2275	1041.377547321473	5
14	2283	1044.266875643108	4
14	2291	1046.695512530974	5
14	2295	1047.358971582476	4
14	2302	1049.45648327755	5
14	2304	1051.932394546823	4
14	2311	1055.883137994081	3
14	2325	1062.445764901063	4
14	2341	1066.961710376722	3
14	2351	1070.868462552418	2
14	2379	1080.037376681277	3
14	2381	1080.334592694617	2
14	2400	1085.646166418109	1
14	2404	1086.50404166034	0
14	2412	1087.816238138921	1
14	2428	1094.307092444278	2
14	2453	1099.063453512564	1
14	2455	1099.71289914106	0
14	2468	1102.750289256153	1
14	2475	1105.705991006566	0
14	2526	1129.345580578384	1
14	2538	1131.936086021547	0
14	2741	1222.335204006666	1
14	2758	1228.575392700607	0
14	2836	1279.58319968605	1
14	2848	1284.448688194427	0
14	2894	1307.603974984489	1
14	2899	1308.891040175718	0
14	2938	1328.504933467647	1
14	2944	1330.101484146049	0
14	3124	1424.184141068174	1
14	3129	1426.656301937137	0
14	3134	1429.498471969052	1
14	3146	1434.476242632901	0
14	3163	1440.694189744679	1
14	3169	1443.329305099442	0
14	3245	1473.986896408077	1
14	3253	1475.94456863909	2
14	3268	1488.819683571436	3
14	3271	1489.907388751007	2
14	3276	1491.232474696864	3
14	3289	1499.058595985036	2
14	3316	1518.112112876065	3
14	3317	1523.388003711505	2
14	3328	1526.319726045742	3
14	3341	1530.008403140455	4
14	3344	1534.130882089723	3
14	3357	1538.959030777267	4
14	3362	1540.612022958466	3
14	3371	1542.500126567971	2
14	3374	1542.91825529541	3
14	3399	1561.909998676602	2
14	3421	1570.220018244185	3
14	3422	1570.60067462626	2
14	3423	1570.802206953874	1
14	3433	1573.156721261457	2
14	3439	1578.613626392565	3
14	3466	1595.723538488622	2
14	3468	1596.367952635989	1
14	3469	1596.646774139256	0
14	3685	1678.062598116469	1
14	3701	1688.067139529442	0
14	3851	1737.701473544958	1
14	3852	1738.049232783914	2
14	3857	1742.434198482656	1
14	3920	1769.846016017434	0
14	3928	1772.836924985311	1
14	3929	1773.17259478108	0
14	3971	1785.280445452552	1
14	3973	1787.174608267736	2
14	3985	1790.953137831854	1
14	4007	1794.800562737403	2
14	4012	1796.117143063753	3
14	4021	1797.825858322659	2
14	4038	1803.306357289348	1
14	4039	1803.468450744139	0
14	4069	1815.433408289042	1
14	4075	1816.947842278722	2
14	4076	1818.090162427019	1
14	4111	1840.659417228115	0
14	4203	1869.518460372734	1
14	4216	1873.981986221343	0
14	4263	1898.766768528921	1
14	4271	1902.104240363375	0
14	4284	1907.800895045401	1
14	4301	1917.875881849474	0
14	4484	2001.754457498238	1
14	4485	2001.825747419082	0
14	4511	2014.901105856387	1
14	4515	2020.31121963195	2
14	4538	2034.865254023263	1
14	4562	2041.318430218121	0
14	4564	2042.116349871012	1
14	4576	2045.585028444877	0
14	4705	2102.084088774864	1
14	4715	2105.301517921486	0
14	4725	2108.545124672477	1
14	4740	2115.076608187681	2
14	4755	2128.201989699435	1
14	4760	2132.624806712094	0
14	4831	2173.006465755649	1
14	4840	2177.528072918461	2
14	4850	2181.942893201425	3
14	4877	2195.526602808072	2
14	4885	2197.984715947151	3
14	4891	2200.284748041967	4
14	4924	2213.971067294379	3
14	4926	2214.199008167063	4
14	4937	2220.673001566143	5
14	4945	2223.595332657711	6
14	4952	2230.686410860115	7
14	4954	2231.430422352402	8
14	5041	2275.128711222146	9
14	5052	2279.086464708964	10
14	5053	2279.119864442767	11
14	5063	2283.843463255283	12
14	5071	2289.436964059428	11
14	5083	2294.000128037495	12
14	5114	2307.967514040519	11
14	5123	2309.521827522126	10
14	5138	2313.934287162208	9
14	5139	2314.038710960925	10
14	5158	2320.898620805777	11
14	5165	2323.528411786735	12
14	5166	2324.218273992754	13
14	5171	2327.137010032415	12
14	5172	2327.797870927253	11
14	5199	2342.294601163542	12
14	5201	2343.922837752598	11
14	5203	2345.117185069214	10
14	5208	2347.497932292861	11
14	5228	2362.179762077391	10
14	5237	2366.132319571211	11
14	5239	2366.591369611061	10
14	5243	2367.520304168987	9
14	5251	2370.071766059829	10
14	5254	2372.785720493119	9
14	5262	2377.738255917089	10
14	5296	2391.390917501592	9
14	5297	2392.255185911052	8
14	5307	2396.094425882649	7
14	5314	2399.285449926385	6
14	5320	2403.115299701742	5
14	5351	2417.929253678853	4
14	5358	2419.824034707073	3
14	5362	2420.508614084296	4
14	5363	2420.638305223072	3
14	5370	2423.089876500061	2
14	5374	2424.545044230682	1
14	5420	2438.913688807315	0
14	5469	2458.803473013148	1
14	5492	2469.298913253992	2
14	5494	2470.07052268727	1
14	5539	2483.657089348793	2
14	5545	2490.643207020727	3
14	5551	2493.321560829492	2
14	5555	2494.022650913834	1
14	5558	2494.482208289157	0
14	5658	2549.340171023425	1
14	5662	2551.128869479293	2
14	5666	2552.282132506676	3
14	5681	2555.328786458536	4
14	5689	2567.542999290748	3
14	5693	2568.354848835285	2
14	5706	2571.535260541991	3
14	5721	2581.865473096736	4
14	5760	2601.852616979638	5
14	5790	2616.251913723597	4
14	5797	2617.500646668898	3
14	5798	2617.544075838231	4
14	5809	2620.574675468335	3
14	5811	2621.117222273928	2
14	5812	2621.177579568752	1
14	5839	2634.027621507039	0
14	5842	2634.766242951204	1
14	5856	2641.143705239479	0
14	5868	2643.839029839426	1
14	5882	2649.034597052558	0
14	5898	2653.592912879128	1
14	5923	2668.320752260622	0
14	6312	2862.556468539614	1
14	6323	2864.797026057369	2
14	6327	2865.660698067238	3
14	6335	2870.722030855377	4
14	6340	2871.791845790157	5
14	6353	2877.318055453173	4
14	6360	2879.966135498928	3
14	6363	2880.113390659711	4
14	6377	2884.714043516082	5
14	6381	2886.139953151632	4
14	6382	2886.257463955165	5
14	6395	2893.188080433439	6
14	6420	2912.62056379285	5
14	6426	2916.471139625611	4
14	6427	2916.639017704218	3
14	6438	2919.489386370381	2
14	6451	2930.627306647637	3
14	6482	2943.022610645212	2
14	6495	2946.651391402316	1
14	6500	2947.666830194282	2
14	6502	2950.221034008636	1
14	6514	2952.932420479444	2
14	6531	2958.229167676855	3
14	6543	2964.399007232389	2
14	6546	2964.904151320143	1
14	6556	2967.701882016598	0
14	6565	2970.827230306003	1
14	6569	2972.282209047988	0
14	6578	2976.50868632607	1
14	6583	2978.851758772697	0
14	6613	2987.41503844705	1
14	6639	3003.067870554169	0
14	6661	3011.786046763183	1
14	6672	3013.864320612774	2
14	6677	3015.288860790142	3
14	6678	3015.92336482765	2
14	6688	3018.251318158997	3
14	6697	3025.609188829062	2
14	6700	3026.843336355824	1
14	6708	3028.024261563196	2
14	6715	3030.788932523737	3
14	6769	3063.607793633515	2
14	6787	3072.641910268379	3
14	6790	3073.821466654389	2
14	6823	3088.103242119647	1
14	6839	3099.915432327133	0
14	7179	3266.70837664343	1
14	7201	3282.67375598945	0
14	7269	3322.150165121783	1
14	7276	3324.382237781145	2
14	7277	3324.472723195308	3
14	7278	3324.744257775787	4
14	7298	3332.703182884343	3
14	7305	3333.89041466944	4
14	7318	3338.307355320284	5
14	7350	3351.430499129435	4
14	7351	3351.853503659589	5
14	7361	3358.318526809574	4
14	7383	3367.229436467494	3
14	7388	3372.013687620445	2
14	7396	3375.181975232312	3
14	7413	3390.618080320413	2
14	7415	3391.331243632955	1
14	7421	3392.390492815143	2
14	7431	3396.632495527523	1
14	7447	3409.996700699488	2
14	7507	3435.94672176156	3
14	7525	3443.708741670358	2
14	7526	3443.813965490746	1
14	7564	3458.823049864431	0
14	7819	3540.588673603996	1
14	7832	3545.724026966584	0
14	8095	3674.205992399549	1
14	8133	3699.714080666091	2
14	8136	3701.390764706068	3
14	8137	3702.652518932992	2
14	8138	3703.01329176107	1
14	8149	3706.838742147663	0
14	8414	3816.924327668099	1
14	8434	3833.192388043109	2
14	8441	3834.386800466424	3
14	8480	3845.571548685863	2
14	8492	3849.865266677189	1
14	8521	3861.81914523244	0
14	8523	3862.625036979208	1
14	8536	3866.45456151371	0
14	8561	3878.5184905376	1
14	8570	3883.520731458612	0
14	8665	3913.935735769233	1
14	8678	3923.070971203658	2
14	8718	3948.764177293878	1
14	8719	3949.191260905786	2
14	8742	3963.609267547118	1
14	8744	3963.898736711256	0
14	8770	3976.341026090684	1
14	8794	3986.208554621484	2
14	8805	3991.060486999407	1
14	8818	3995.065438046333	2
14	8821	3997.206180598172	1
14	8851	4008.929626540769	2
14	8865	4018.02699870492	1
14	8880	4024.587947616418	2
14	8897	4040.100428861998	3
14	8919	4047.272962533491	4
14	8927	4051.27394945091	3
14	8938	4057.47404217137	2
14	8939	4058.183394380978	3
14	8947	4065.43367963073	2
14	8949	4065.707987275247	1
14	9025	4086.396685135289	0
14	9097	4118.586903043974	1
14	9103	4121.862864996661	2
14	9128	4132.774157811438	3
14	9145	4140.536039585332	4
14	9177	4157.08061309642	5
14	9180	4157.806949997513	4
14	9202	4170.270350886691	5
14	9206	4171.136271716317	4
14	9213	4172.825190352566	3
14	9239	4179.955667137833	2
14	9297	4203.083069061602	1
14	9306	4205.86572400391	2
14	9321	4213.625966067651	3
14	9352	4221.501432358481	4
14	9367	4227.752518593493	5
14	9384	4244.805528756077	4
14	9409	4256.048884034169	3
14	9417	4257.486986901011	2
14	9439	4267.317668625169	3
14	9456	4271.981300038553	4
14	9457	4272.037306642877	5
14	9475	4280.714376084917	6
14	9501	4297.615403569533	5
14	9507	4300.03290285833	4
14	9511	4301.103878698073	5
14	9532	4312.197728196882	4
14	9533	4312.534415192109	3
14	9535	4312.60658969087	2
14	9553	4319.107331013504	3
14	9574	4331.704902552682	4
14	9583	4337.067348469643	5
14	9587	4340.433835260218	4
14	9632	4360.045446788237	3
14	9635	4360.734501661799	4
14	9638	4362.722161737966	3
14	9659	4373.27794514456	2
14	9660	4373.638926879311	3
14	9672	4387.156175073556	2
14	9708	4399.746703034312	1
14	9728	4403.680559090385	2
14	9744	4413.089147443108	1
14	9786	4431.951043779247	0
14	9802	4438.030204555677	1
14	9804	4439.38712979767	2
14	9808	4441.124411207254	3
14	9821	4454.796479247028	2
14	9844	4470.883468592177	1
14	9845	4471.280132365194	0
14	9860	4474.890210529664	1
14	9861	4474.896754452402	2
14	9864	4476.296879927848	3
14	9874	4479.365376304566	4
14	9879	4484.64722178724	3
14	9888	4487.368952088599	2
14	9892	4488.967727346043	3
14	9916	4497.621762415167	2
14	9917	4497.75562197483	1
14	9937	4507.487989511785	2
14	9949	4514.746055538081	1
14	9953	4515.634279583718	0
14	9956	4516.259377540003	1
14	9976	4519.362296623588	0
14	10105	4576.039408237374	1
14	10128	4591.1722897128	0
14	10179	4609.616136543452	1
14	10183	4613.887277479644	0
14	10193	4616.2693179736	1
14	10197	4619.488557475577	0
14	10228	4635.76983062716	1
14	10236	4642.053800887109	0
14	10238	4642.625942582639	1
14	10247	4650.049061687682	2
14	10248	4650.190405165858	3
14	10249	4652.034704855486	2
14	10267	4660.755115255273	1
14	10269	4661.075003546006	0
14	10333	4681.599293930499	1
14	10336	4683.154793911952	0
14	10446	4722.840024671806	1
14	10456	4726.98705907265	2
14	10457	4727.012053065174	1
14	10485	4740.992527102836	0
14	10517	4756.812404874044	1
14	10552	4767.522537471432	0
14	10568	4774.957746979306	1
14	10570	4776.20720002217	2
14	10571	4776.669021554346	1
14	10576	4783.376011304439	0
14	10836	4920.427549493533	1
14	10854	4931.171681956261	2
14	10855	4931.707169436398	3
14	10857	4932.530594227916	2
14	10869	4934.588980628209	1
14	10872	4935.219878118439	2
14	10903	4950.786386991628	1
14	10953	4977.344313062835	0
14	10968	4980.629008427253	1
14	11008	4994.047524025712	0
14	11049	5008.378541647525	1
14	11060	5013.916451856474	2
14	11091	5030.539056076704	1
14	11092	5031.008151861801	2
14	11114	5036.198226506346	1
14	11121	5041.849245930195	0
14	11165	5057.570912028247	1
14	11189	5066.753920091515	0
14	11190	5066.887154766416	1
14	11193	5067.712707847189	2
14	11210	5079.754634230293	3
14	11219	5081.346773955437	2
14	11230	5086.290709717856	3
14	11241	5096.077794148922	2
14	11249	5099.780562552015	1
14	11257	5101.579227282329	2
14	11265	5104.959942844289	1
14	11267	5105.662141216255	0
14	11277	5112.358285207299	1
14	11279	5113.363212810564	2
14	11284	5115.729549692659	3
14	11291	5118.083206036995	2
14	11298	5125.932589440557	3
14	11301	5130.415716305309	2
14	11328	5144.652425354182	1
14	11340	5149.673496627403	2
14	11353	5156.799001066268	1
14	11361	5161.278952776968	2
14	11363	5162.149873359604	3
14	11383	5175.941120254034	2
14	11412	5184.426803750021	3
14	11414	5185.478822435924	2
14	11425	5192.570263292788	3
14	11466	5225.031032641474	2
14	11481	5242.452982385989	1
14	11493	5254.208634869493	0
14	11613	5336.407485303364	1
14	11630	5343.898525864155	0
14	11659	5351.502241538846	1
14	11670	5356.791175173713	2
14	11685	5364.629542897602	1
14	11699	5368.566192829198	2
14	11737	5381.608872885575	3
14	11759	5390.186952652579	4
14	11777	5399.746733364838	3
14	11799	5410.498972024096	4
14	11805	5413.407592671949	3
14	11839	5427.761252049405	4
14	11852	5433.904300824245	3
14	11871	5440.335718324599	2
14	11887	5446.110393327221	1
14	11913	5459.539923729496	0
14	11956	5479.415748521406	1
14	11965	5483.351469421888	0
14	11974	5485.77619609601	1
14	11976	5487.719619293529	0
14	12043	5516.514844160808	1
14	12070	5532.30472939841	0
14	12182	5569.292270719709	1
14	12194	5574.401550679394	0
14	12335	5643.411204558662	1
14	12355	5652.100482081852	0
14	12360	5653.119903309531	1
14	12361	5653.147475524593	0
14	12663	5794.304173931055	1
14	12670	5796.484173793214	0
14	12763	5849.070846599296	1
14	12777	5856.811854862523	0
14	12918	5915.417481961503	1
14	12929	5924.204148252479	0
14	13389	6127.796235800878	1
14	13405	6133.149128519883	2
14	13412	6135.159213496105	1
14	13421	6139.294624218129	0
14	13427	6140.806570133798	1
14	13435	6143.75679146766	2
14	13442	6146.27122060472	1
14	13448	6147.900188632044	0
14	13482	6156.695724781007	1
14	13484	6157.5956514482	2
14	13496	6164.539866041312	1
14	13523	6175.298389626452	0
14	13577	6198.566303297575	1
14	13580	6200.030378652793	2
14	13597	6204.506642408807	3
14	13607	6208.604507406411	4
14	13611	6211.843292535331	3
14	13625	6221.730048779438	2
14	13648	6231.294469687915	1
14	13660	6233.903256259997	0
14	13680	6242.635533043026	1
14	13708	6254.815175840472	0
14	13731	6267.079694643435	1
14	13742	6270.454484615265	2
14	13796	6289.625448128118	1
14	13804	6295.115863371864	2
14	13829	6307.649769319224	1
14	13871	6319.535779373346	0
14	13877	6321.347413877827	1
14	13887	6323.762556002103	2
14	13902	6333.350019446879	1
14	13916	6337.084423314915	0
14	13917	6337.657815198063	1
14	13920	6337.904158599945	0
14	13937	6343.596831239737	1
14	13939	6344.526662574407	0
14	13996	6366.79155199862	1
14	13998	6370.269343250407	0
14	14127	6422.064371245311	1
14	14132	6423.531924599237	2
14	14144	6428.367702055605	3
14	14150	6432.141292503018	4
14	14151	6432.592502039936	3
14	14181	6449.724632072692	2
14	14188	6452.966601225544	1
14	14190	6453.407903344217	0
14	14298	6501.956223842987	1
14	14300	6503.636245759919	2
14	14311	6509.852351605653	1
14	14341	6523.942392282362	0
14	14469	6590.081104208555	1
14	14490	6597.828840651503	2
14	14499	6605.89153776971	3
14	14504	6607.133633469514	4
14	14506	6607.642539009516	3
14	14523	6614.284172947023	4
14	14529	6618.963837009598	3
14	14532	6621.118012851272	2
14	14533	6621.264004276278	1
14	14552	6627.985297163522	2
14	14566	6632.735057079589	3
14	14585	6642.244329705818	2
14	14601	6651.164245811546	3
14	14620	6657.027121974783	2
14	14625	6664.830064765632	1
14	14633	6668.257758632883	2
14	14635	6672.107120336353	3
14	14638	6674.139884093056	4
14	14646	6679.6199312327	3
14	14657	6686.653216026768	4
14	14665	6691.62109638762	3
14	14674	6696.138738495198	2
14	14677	6697.898406637447	1
14	14698	6702.308336816096	2
14	14710	6707.153317008062	1
14	14723	6710.135017457758	2
14	14730	6713.766305372381	3
14	14737	6717.535560570043	2
14	14757	6725.727348161386	1
14	14759	6726.578266886212	0
14	14895	6783.943355221774	1
14	14900	6786.079056097472	2
14	14903	6788.048481623017	1
14	14923	6797.424337125329	2
14	14963	6813.919437057999	1
14	14974	6818.158674678035	2
14	15000	6830.073869317002	3
14	15002	6831.454025422947	2
14	15005	6832.06449573169	3
14	15024	6848.431895290191	2
14	15062	6864.220043243032	1
14	15065	6865.147067886232	0
14	15067	6865.496830055248	1
14	15071	6866.364210339036	0
14	15086	6869.179561093927	1
14	15088	6869.454322247225	0
14	15165	6907.552026157236	1
14	15191	6921.092133485226	0
14	15211	6926.682117146892	1
14	15213	6927.663495853634	0
14	15718	7139.871468948007	1
14	15720	7141.355008885969	0
14	15722	7141.823695060775	1
14	15731	7143.3644042299	0
14	15785	7161.548328926052	1
14	15790	7163.675214665163	2
14	15843	7186.611576201631	1
14	15859	7194.680304996517	0
14	15939	7229.674521122386	1
14	15946	7234.080905909142	2
14	15949	7234.594652953043	1
14	15958	7236.980632562487	2
14	15964	7239.90642883801	3
14	15965	7239.969756524135	4
14	16002	7258.433613569371	5
14	16006	7259.430050804008	6
14	16009	7259.806634865479	5
14	16012	7260.646528534486	6
14	16016	7264.900252086715	5
14	16020	7267.891477196257	6
14	16024	7269.22916986755	7
14	16027	7270.105972453826	6
14	16033	7273.094230219204	5
14	16042	7277.318189643012	4
14	16047	7281.478477666069	3
14	16049	7281.720488304161	2
14	16054	7282.922119980572	1
14	16125	7316.20918052492	2
14	16135	7319.410075872408	3
14	16151	7329.907178106792	4
14	16185	7341.805703968695	5
14	16235	7359.900768397199	4
14	16248	7364.326730971224	3
14	16268	7375.236137093362	4
14	16281	7382.8850680402	5
14	16291	7389.523081512161	6
14	16296	7392.159292854338	5
14	16312	7397.744794274323	4
14	16342	7407.399665791026	3
14	16357	7414.140207564983	2
14	16384	7422.646983669056	1
14	16409	7437.651127902629	2
14	16439	7456.062481631934	3
14	16441	7456.9903271766	4
14	16452	7461.031010380518	3
14	16453	7461.359844760762	4
14	16458	7462.415039975399	5
14	16469	7466.959333373743	6
14	16478	7470.25710185527	5
14	16481	7470.884777195828	4
14	16525	7490.959751906998	3
14	16537	7494.251482804899	4
14	16573	7509.885953302666	3
14	16576	7511.73529409493	2
14	16591	7515.066285461905	1
14	16607	7519.187498224385	2
14	16617	7525.976651131466	3
14	16640	7533.874852785738	4
14	16651	7537.412838943744	3
14	16655	7538.938730360115	4
14	16666	7542.774826051439	5
14	16693	7560.168848432803	4
14	16702	7562.979934452623	5
14	16713	7570.509615778925	4
14	16740	7580.47054000162	3
14	16747	7583.321602421938	2
14	16764	7597.720082833362	3
14	16766	7598.324295236691	2
14	16780	7602.203505429236	3
14	16781	7602.749051737988	4
14	16790	7608.782928365972	5
14	16801	7613.323478202434	6
14	16808	7615.348566554276	5
14	16837	7627.474631696797	4
14	16861	7636.041522599576	5
14	16879	7649.410782019209	4
14	16886	7657.595549143736	3
14	16892	7662.635752773856	4
14	16894	7664.761304043788	5
14	16902	7668.846648780917	4
14	16913	7676.786768377795	3
14	16932	7682.407730689764	2
14	16951	7687.991896393166	3
14	16980	7697.538812028102	2
14	16986	7700.082440036705	1
14	17016	7708.747930563862	0
14	17063	7730.69187703507	1
14	17078	7735.014240027402	2
14	17079	7735.747778191376	3
14	17081	7736.514070559981	2
14	17084	7738.331452104117	1
14	17109	7748.511069950919	0
14	17115	7752.061289718053	1
14	17130	7758.832443001088	0
14	17234	7798.316091843138	1
14	17269	7817.222602682122	2
14	17292	7827.687837749018	1
14	17328	7836.533886555332	2
14	17330	7836.969718847188	3
14	17336	7838.816718946368	2
14	17341	7841.04341664056	3
14	17351	7848.596142612366	2
14	17405	7870.894231261889	3
14	17418	7876.276453392551	4
14	17429	7883.752104026913	3
14	17465	7902.339537028974	4
14	17481	7908.703845029668	3
14	17482	7908.946009778693	2
14	17510	7919.770911102961	1
14	17553	7933.899300307026	0
14	17698	7982.784654590107	1
14	17716	7986.980602402225	2
14	17723	7989.854473066819	3
14	17741	7996.430947829739	2
14	17742	7996.51993775373	1
14	17744	7997.180579306893	2
14	17753	7999.526934364726	1
14	17770	8006.610406934824	0
14	17808	8021.826263455542	1
14	17812	8023.730625051182	0
14	17815	8024.505800772306	1
14	17825	8029.189187111896	0
14	17828	8030.156035525581	1
14	17837	8033.58699655882	2
14	17869	8048.058635319522	1
14	17870	8048.345592913563	0
14	17872	8048.595678346909	1
14	17921	8071.656306418607	2
14	17925	8072.449752049468	1
14	17978	8091.18545444014	2
14	17980	8091.437563095517	3
14	17982	8091.993819622952	2
14	17984	8092.664652033818	3
14	18001	8098.086163331849	2
14	18003	8098.811041690187	3
14	18037	8116.258979413791	2
14	18043	8121.238909105363	1
14	18079	8139.939261424536	2
14	18081	8140.583664197648	1
14	18085	8144.166005572827	0
14	18101	8153.328883603524	1
14	18108	8155.989453706733	2
14	18116	8157.511784149941	3
14	18137	8165.734322507403	2
14	18159	8173.121580839053	1
14	18161	8173.573518523317	2
14	18170	8178.875684783109	3
14	18187	8185.381383545825	4
14	18208	8194.989452495173	3
14	18217	8199.346301974719	4
14	18230	8206.4131221529	3
14	18242	8213.200429146366	2
14	18261	8221.892903978141	3
14	18263	8223.563532287563	4
14	18269	8224.933921291313	5
14	18286	8233.100615366925	6
14	18307	8246.402375973634	7
14	18317	8249.642263975467	6
14	18333	8252.281944730917	5
14	18336	8252.865758371492	4
14	18345	8255.713806686871	3
14	18362	8260.363390436317	4
14	18364	8261.268805934661	5
14	18415	8288.21564717556	4
14	18421	8290.051804682675	3
14	18427	8291.291814547614	4
14	18428	8291.484772655789	3
14	18432	8293.096019542782	4
14	18437	8294.324316926799	3
14	18442	8295.721732147357	4
14	18451	8298.689538255532	5
14	18476	8310.451138036441	6
14	18481	8311.368952709084	7
14	18508	8318.829506677813	6
14	18514	8320.576999840001	7
14	18521	8323.450596559582	6
14	18526	8324.679143439287	5
14	18571	8343.371830296969	4
14	18576	8344.936077301919	5
14	18593	8354.837078253864	4
14	18619	8364.917780849189	3
14	18657	8380.719836473868	4
14	18680	8388.134209001888	3
14	18690	8393.778465806549	2
14	18715	8406.240639873614	3
14	18718	8407.63661787746	2
14	18742	8414.745751358975	3
14	18748	8417.938816188353	4
14	18756	8420.210610133997	5
14	18762	8421.763157058852	4
14	18765	8422.567924596504	3
14	18772	8424.417598590911	4
14	18786	8428.78876117714	3
14	18811	8434.053723936376	4
14	18875	8456.988280021185	5
14	18879	8458.290332494584	6
14	18891	8464.06692695478	5
14	18927	8482.498283000406	4
14	18929	8482.857147284314	3
14	18964	8491.06367203683	4
14	18981	8499.411611465059	3
14	18982	8499.676400205177	2
14	18991	8502.963203249943	3
14	18994	8504.002648331073	4
14	19003	8508.700400834347	5
14	19015	8514.028399546097	6
14	19046	8526.302844445484	7
14	19054	8528.684830711671	8
14	19066	8536.24833046716	7
14	19070	8537.89000819956	6
14	19081	8540.862505074306	5
14	19095	8546.147980188386	4
14	19100	8546.91421257757	5
14	19102	8547.359553563136	4
14	19127	8552.511628210503	3
14	19135	8556.2993014354	2
14	19141	8557.749039922163	1
14	19146	8559.154106137857	0
14	19189	8579.227150246708	1
14	19215	8592.7568789072	2
14	19229	8598.963980577201	3
14	19253	8615.012161428857	2
14	19288	8629.291878533244	1
14	19306	8635.470614187314	2
14	19313	8638.806358773628	3
14	19321	8640.136874536541	2
14	19328	8642.181877381699	1
14	19340	8644.485465060557	0
14	19497	8719.608401248866	1
14	19501	8721.248739269723	0
14	19512	8722.36568026677	1
14	19558	8740.965935488372	2
14	19572	8747.620248239013	1
14	19597	8761.591008451783	0
14	19610	8765.789562675401	1
14	19615	8766.641600009685	2
14	19621	8769.177572014601	3
14	19623	8770.108150069955	4
14	19651	8782.068682095785	5
14	19659	8784.61206912139	4
14	19677	8793.143582023763	3
14	19710	8803.058985603164	2
14	19712	8803.542724318542	3
14	19716	8805.285249276591	2
14	19721	8807.038755608829	1
14	19725	8808.711795688665	0
14	19748	8822.435807310791	1
14	19750	8823.106399615538	0
14	19803	8838.013678327385	1
14	19804	8838.540771059679	0
14	19814	8848.536874216529	1
14	19815	8849.239955286603	0
14	19832	8860.244959507311	1
14	19835	8860.692904976222	0
14	19958	8921.597819440329	1
14	19959	8922.914329538359	0
14	20006	8945.21270752624	1
14	20022	8948.882343894018	2
14	20023	8949.014892570757	3
14	20043	8956.74111110038	2
14	20044	8956.808808280637	3
14	20049	8960.699964959826	4
14	20068	8966.667311031828	3
14	20100	8979.433097755671	2
14	20105	8980.907928043024	1
14	20112	8983.33563856676	0
14	20119	8986.964356198865	1
14	20165	9008.185096368953	2
14	20166	9008.198515643178	3
14	20167	9008.612537967769	2
14	20172	9012.51430016422	1
14	20185	9016.729916264875	2
14	20194	9025.15349038287	1
14	20209	9030.931721897462	2
14	20222	9038.92098537241	1
14	20223	9039.813647711211	0
14	20246	9047.396750413068	1
14	20247	9048.781650897032	0
14	20312	9072.772063540763	1
14	20325	9075.215418560993	2
14	20326	9075.549994900462	3
14	20336	9078.774433087704	2
14	20372	9086.329461166565	3
14	20383	9088.811727558521	4
14	20419	9104.227384491668	5
14	20433	9111.913337124189	6
14	20453	9117.120746302993	7
14	20464	9124.195196773713	8
14	20473	9130.581449781616	9
14	20490	9138.173899042257	8
14	20501	9142.156258981854	9
14	20502	9142.374498778066	8
14	20553	9166.218419621534	7
14	20569	9176.470736622044	6
14	20583	9179.683197618674	7
14	20592	9181.945144539866	6
14	20598	9183.583597375574	7
14	20635	9205.323016880785	6
14	20671	9221.38338670877	7
14	20699	9230.950781530017	6
14	20714	9240.602834977246	5
14	20718	9244.316794928458	4
14	20722	9247.613820083401	3
14	20740	9254.884464983428	4
14	20742	9255.717310224712	3
14	20755	9258.09557925162	4
14	20756	9258.193205724185	5
14	20761	9258.98911155057	4
14	20768	9262.65779257629	3
14	20773	9265.028501074983	2
14	20812	9277.746414798279	1
14	20817	9279.478333687644	2
14	20837	9284.859444176453	1
14	20842	9287.120869771074	2
14	20878	9307.715177374337	3
14	20893	9313.695552033676	4
14	20894	9313.830451236215	5
14	20900	9316.35959595598	4
14	20916	9328.185214155915	5
14	20940	9340.395875948325	4
14	20946	9342.326488464957	5
14	20966	9350.927477772148	4
14	20976	9355.082235057704	3
14	20984	9359.325559265566	2
14	21002	9370.065025426157	1
14	21016	9376.133418212729	0
14	21025	9381.972290349735	1
14	21035	9386.47128406466	0
14	21038	9386.903899996789	1
14	21050	9392.857392315859	2
14	21060	9397.326475055055	3
14	21062	9397.708829636479	2
14	21063	9397.988209013736	3
14	21070	9401.238391032979	2
14	21076	9403.26463413013	1
14	21084	9405.537210170832	0
14	21085	9405.904773786886	1
14	21101	9416.255235338647	0
14	21118	9423.897683452259	1
14	21142	9440.473608340318	2
14	21143	9440.550461368573	1
14	21145	9441.104143247829	0
14	21168	9448.332315991443	1
14	21185	9454.338563071232	2
14	21198	9459.650062546246	3
14	21209	9466.468360618488	2
14	21227	9471.116149348511	1
14	21229	9471.262465907796	2
14	21232	9473.251020714521	1
14	21271	9491.933574527308	0
14	21283	9497.230287182843	1
14	21308	9512.899057362369	0
14	21525	9598.083703841331	1
14	21539	9606.21634942997	0
14	21759	9689.838504325866	1
14	21765	9694.728393090008	2
14	21771	9696.391895922998	3
14	21772	9697.128644134511	2
14	21787	9705.260093498199	3
14	21789	9706.58516571539	2
14	21832	9717.844514958857	1
14	21905	9748.491631930744	2
14	21921	9754.433753553289	1
14	21950	9769.637017004907	0
14	21966	9774.921599130336	1
14	21975	9776.748207296731	2
14	21986	9784.474126767104	3
14	21992	9787.368957154992	2
14	22000	9788.526527872403	1
14	22004	9789.295899054545	2
14	22014	9791.013820173396	3
14	22017	9791.766228066605	2
14	22021	9792.677753808658	1
14	22053	9802.805633906436	2
14	22070	9810.611375783342	1
14	22080	9814.714532894081	2
14	22088	9819.591840409127	1
14	22104	9823.23268257813	0
14	22317	9894.903935113895	1
14	22337	9903.742109025772	2
14	22350	9908.866924566306	3
14	22379	9918.440157094433	2
14	22382	9919.245003931094	1
14	22392	9922.066408510966	2
14	22394	9922.900801718939	3
14	22401	9926.858890870484	2
14	22438	9936.241519700646	3
14	22442	9937.647549436776	4
14	22454	9943.399677232109	3
14	22471	9946.24359185599	2
14	22478	9948.288562698411	1
14	22483	9948.920641045001	0
14	22496	9951.196515527704	1
14	22520	9963.861706885581	0
14	22575	9997.661470445876	1

