/****************************************************************************
** Resource object code
**
** Created by: The Resource Compiler for Qt version 5.15.3
**
** WARNING! All changes made in this file will be lost!
*****************************************************************************/

static const unsigned char qt_resource_data[] = {
  // /home/wangyunxin2/workspace/omnetpp-6.0/src/qtenv/icons/tools/vertical.svg
  0x0,0x0,0x0,0xd4,
  0x3c,
  0x73,0x76,0x67,0x20,0x66,0x69,0x6c,0x6c,0x3d,0x22,0x23,0x34,0x30,0x34,0x30,0x34,
  0x30,0x22,0x20,0x76,0x65,0x72,0x73,0x69,0x6f,0x6e,0x3d,0x22,0x31,0x2e,0x31,0x22,
  0x20,0x76,0x69,0x65,0x77,0x42,0x6f,0x78,0x3d,0x22,0x30,0x20,0x30,0x20,0x32,0x34,
  0x20,0x32,0x34,0x22,0x20,0x78,0x6d,0x6c,0x6e,0x73,0x3d,0x22,0x68,0x74,0x74,0x70,
  0x3a,0x2f,0x2f,0x77,0x77,0x77,0x2e,0x77,0x33,0x2e,0x6f,0x72,0x67,0x2f,0x32,0x30,
  0x30,0x30,0x2f,0x73,0x76,0x67,0x22,0x3e,0x3c,0x70,0x61,0x74,0x68,0x20,0x64,0x3d,
  0x22,0x6d,0x30,0x20,0x32,0x34,0x68,0x32,0x34,0x76,0x2d,0x32,0x34,0x68,0x2d,0x32,
  0x34,0x7a,0x22,0x20,0x66,0x69,0x6c,0x6c,0x3d,0x22,0x6e,0x6f,0x6e,0x65,0x22,0x2f,
  0x3e,0x3c,0x70,0x61,0x74,0x68,0x20,0x64,0x3d,0x22,0x6d,0x31,0x39,0x20,0x39,0x76,
  0x2d,0x32,0x68,0x2d,0x31,0x34,0x76,0x32,0x68,0x31,0x34,0x6d,0x32,0x20,0x31,0x30,
  0x68,0x2d,0x31,0x38,0x76,0x2d,0x32,0x68,0x31,0x38,0x7a,0x6d,0x30,0x2d,0x34,0x68,
  0x2d,0x31,0x38,0x76,0x2d,0x32,0x68,0x31,0x38,0x7a,0x6d,0x30,0x2d,0x34,0x68,0x2d,
  0x31,0x38,0x76,0x2d,0x36,0x68,0x31,0x38,0x7a,0x22,0x2f,0x3e,0x3c,0x2f,0x73,0x76,
  0x67,0x3e,0xa,
    // /home/wangyunxin2/workspace/omnetpp-6.0/src/qtenv/icons/tools/winconfig.svg
  0x0,0x0,0x4,0xa9,
  0x3c,
  0x73,0x76,0x67,0x20,0x65,0x6e,0x61,0x62,0x6c,0x65,0x2d,0x62,0x61,0x63,0x6b,0x67,
  0x72,0x6f,0x75,0x6e,0x64,0x3d,0x22,0x6e,0x65,0x77,0x20,0x30,0x20,0x30,0x20,0x32,
  0x34,0x20,0x32,0x34,0x22,0x20,0x66,0x69,0x6c,0x6c,0x3d,0x22,0x23,0x34,0x30,0x34,
  0x30,0x34,0x30,0x22,0x20,0x76,0x65,0x72,0x73,0x69,0x6f,0x6e,0x3d,0x22,0x31,0x2e,
  0x31,0x22,0x20,0x76,0x69,0x65,0x77,0x42,0x6f,0x78,0x3d,0x22,0x30,0x20,0x30,0x20,
  0x32,0x34,0x20,0x32,0x34,0x22,0x20,0x78,0x6d,0x6c,0x6e,0x73,0x3d,0x22,0x68,0x74,
  0x74,0x70,0x3a,0x2f,0x2f,0x77,0x77,0x77,0x2e,0x77,0x33,0x2e,0x6f,0x72,0x67,0x2f,
  0x32,0x30,0x30,0x30,0x2f,0x73,0x76,0x67,0x22,0x3e,0x3c,0x72,0x65,0x63,0x74,0x20,
  0x77,0x69,0x64,0x74,0x68,0x3d,0x22,0x32,0x34,0x22,0x20,0x68,0x65,0x69,0x67,0x68,
  0x74,0x3d,0x22,0x32,0x34,0x22,0x20,0x66,0x69,0x6c,0x6c,0x3d,0x22,0x6e,0x6f,0x6e,
  0x65,0x22,0x2f,0x3e,0x3c,0x70,0x61,0x74,0x68,0x20,0x64,0x3d,0x22,0x6d,0x33,0x20,
  0x36,0x68,0x31,0x38,0x76,0x35,0x68,0x32,0x76,0x2d,0x35,0x63,0x30,0x2d,0x31,0x2e,
  0x31,0x2d,0x30,0x2e,0x39,0x2d,0x32,0x2d,0x32,0x2d,0x32,0x68,0x2d,0x31,0x38,0x63,
  0x2d,0x31,0x2e,0x31,0x20,0x30,0x2d,0x32,0x20,0x30,0x2e,0x39,0x2d,0x32,0x20,0x32,
  0x76,0x31,0x32,0x63,0x30,0x20,0x31,0x2e,0x31,0x20,0x30,0x2e,0x39,0x20,0x32,0x20,
  0x32,0x20,0x32,0x68,0x39,0x76,0x2d,0x32,0x68,0x2d,0x39,0x7a,0x22,0x2f,0x3e,0x3c,
  0x70,0x61,0x74,0x68,0x20,0x64,0x3d,0x22,0x6d,0x32,0x32,0x2e,0x37,0x31,0x20,0x31,
  0x38,0x2e,0x34,0x33,0x63,0x30,0x2e,0x30,0x33,0x2d,0x30,0x2e,0x32,0x39,0x20,0x30,
  0x2e,0x30,0x34,0x2d,0x30,0x2e,0x35,0x38,0x20,0x30,0x2e,0x30,0x31,0x2d,0x30,0x2e,
  0x38,0x36,0x6c,0x31,0x2e,0x30,0x37,0x2d,0x30,0x2e,0x38,0x35,0x63,0x30,0x2e,0x31,
  0x2d,0x30,0x2e,0x30,0x38,0x20,0x30,0x2e,0x31,0x32,0x2d,0x30,0x2e,0x32,0x31,0x20,
  0x30,0x2e,0x30,0x36,0x2d,0x30,0x2e,0x33,0x32,0x6c,0x2d,0x31,0x2e,0x30,0x33,0x2d,
  0x31,0x2e,0x37,0x39,0x63,0x2d,0x30,0x2e,0x30,0x36,0x2d,0x30,0x2e,0x31,0x31,0x2d,
  0x30,0x2e,0x31,0x39,0x2d,0x30,0x2e,0x31,0x35,0x2d,0x30,0x2e,0x33,0x31,0x2d,0x30,
  0x2e,0x31,0x31,0x6c,0x2d,0x31,0x2e,0x32,0x38,0x20,0x30,0x2e,0x35,0x63,0x2d,0x30,
  0x2e,0x32,0x33,0x2d,0x30,0x2e,0x31,0x37,0x2d,0x30,0x2e,0x34,0x38,0x2d,0x30,0x2e,
  0x33,0x31,0x2d,0x30,0x2e,0x37,0x35,0x2d,0x30,0x2e,0x34,0x32,0x6c,0x2d,0x30,0x2e,
  0x32,0x2d,0x31,0x2e,0x33,0x36,0x63,0x2d,0x30,0x2e,0x30,0x32,0x2d,0x30,0x2e,0x31,
  0x33,0x2d,0x30,0x2e,0x31,0x32,0x2d,0x30,0x2e,0x32,0x32,0x2d,0x30,0x2e,0x32,0x35,
  0x2d,0x30,0x2e,0x32,0x32,0x68,0x2d,0x32,0x2e,0x30,0x37,0x63,0x2d,0x30,0x2e,0x31,
  0x32,0x20,0x30,0x2d,0x30,0x2e,0x32,0x33,0x20,0x30,0x2e,0x30,0x39,0x2d,0x30,0x2e,
  0x32,0x35,0x20,0x30,0x2e,0x32,0x31,0x6c,0x2d,0x30,0x2e,0x32,0x20,0x31,0x2e,0x33,
  0x36,0x63,0x2d,0x30,0x2e,0x32,0x36,0x20,0x30,0x2e,0x31,0x31,0x2d,0x30,0x2e,0x35,
  0x31,0x20,0x30,0x2e,0x32,0x36,0x2d,0x30,0x2e,0x37,0x34,0x20,0x30,0x2e,0x34,0x32,
  0x6c,0x2d,0x31,0x2e,0x32,0x38,0x2d,0x30,0x2e,0x35,0x63,0x2d,0x30,0x2e,0x31,0x32,
  0x2d,0x30,0x2e,0x30,0x35,0x2d,0x30,0x2e,0x32,0x35,0x20,0x30,0x2d,0x30,0x2e,0x33,
  0x31,0x20,0x30,0x2e,0x31,0x31,0x6c,0x2d,0x31,0x2e,0x30,0x33,0x20,0x31,0x2e,0x37,
  0x39,0x63,0x2d,0x30,0x2e,0x30,0x36,0x20,0x30,0x2e,0x31,0x31,0x2d,0x30,0x2e,0x30,
  0x34,0x20,0x30,0x2e,0x32,0x34,0x20,0x30,0x2e,0x30,0x36,0x20,0x30,0x2e,0x33,0x32,
  0x6c,0x31,0x2e,0x30,0x37,0x20,0x30,0x2e,0x38,0x36,0x63,0x2d,0x30,0x2e,0x30,0x33,
  0x20,0x30,0x2e,0x32,0x39,0x2d,0x30,0x2e,0x30,0x34,0x20,0x30,0x2e,0x35,0x38,0x2d,
  0x30,0x2e,0x30,0x31,0x20,0x30,0x2e,0x38,0x36,0x6c,0x2d,0x31,0x2e,0x30,0x37,0x20,
  0x30,0x2e,0x38,0x35,0x63,0x2d,0x30,0x2e,0x31,0x20,0x30,0x2e,0x30,0x38,0x2d,0x30,
  0x2e,0x31,0x32,0x20,0x30,0x2e,0x32,0x31,0x2d,0x30,0x2e,0x30,0x36,0x20,0x30,0x2e,
  0x33,0x32,0x6c,0x31,0x2e,0x30,0x33,0x20,0x31,0x2e,0x37,0x39,0x63,0x30,0x2e,0x30,
  0x36,0x20,0x30,0x2e,0x31,0x31,0x20,0x30,0x2e,0x31,0x39,0x20,0x30,0x2e,0x31,0x35,
  0x20,0x30,0x2e,0x33,0x31,0x20,0x30,0x2e,0x31,0x31,0x6c,0x31,0x2e,0x32,0x37,0x2d,
  0x30,0x2e,0x35,0x63,0x30,0x2e,0x32,0x33,0x20,0x30,0x2e,0x31,0x37,0x20,0x30,0x2e,
  0x34,0x38,0x20,0x30,0x2e,0x33,0x31,0x20,0x30,0x2e,0x37,0x35,0x20,0x30,0x2e,0x34,
  0x32,0x6c,0x30,0x2e,0x32,0x20,0x31,0x2e,0x33,0x36,0x63,0x30,0x2e,0x30,0x32,0x20,
  0x30,0x2e,0x31,0x32,0x20,0x30,0x2e,0x31,0x32,0x20,0x30,0x2e,0x32,0x31,0x20,0x30,
  0x2e,0x32,0x35,0x20,0x30,0x2e,0x32,0x31,0x68,0x32,0x2e,0x30,0x37,0x63,0x30,0x2e,
  0x31,0x32,0x20,0x30,0x20,0x30,0x2e,0x32,0x33,0x2d,0x30,0x2e,0x30,0x39,0x20,0x30,
  0x2e,0x32,0x35,0x2d,0x30,0x2e,0x32,0x31,0x6c,0x30,0x2e,0x32,0x2d,0x31,0x2e,0x33,
  0x36,0x63,0x30,0x2e,0x32,0x36,0x2d,0x30,0x2e,0x31,0x31,0x20,0x30,0x2e,0x35,0x31,
  0x2d,0x30,0x2e,0x32,0x36,0x20,0x30,0x2e,0x37,0x34,0x2d,0x30,0x2e,0x34,0x32,0x6c,
  0x31,0x2e,0x32,0x38,0x20,0x30,0x2e,0x35,0x63,0x30,0x2e,0x31,0x32,0x20,0x30,0x2e,
  0x30,0x35,0x20,0x30,0x2e,0x32,0x35,0x20,0x30,0x20,0x30,0x2e,0x33,0x31,0x2d,0x30,
  0x2e,0x31,0x31,0x6c,0x31,0x2e,0x30,0x33,0x2d,0x31,0x2e,0x37,0x39,0x63,0x30,0x2e,
  0x30,0x36,0x2d,0x30,0x2e,0x31,0x31,0x20,0x30,0x2e,0x30,0x34,0x2d,0x30,0x2e,0x32,
  0x34,0x2d,0x30,0x2e,0x30,0x36,0x2d,0x30,0x2e,0x33,0x32,0x7a,0x6d,0x2d,0x33,0x2e,
  0x37,0x31,0x20,0x31,0x2e,0x30,0x37,0x63,0x2d,0x30,0x2e,0x38,0x33,0x20,0x30,0x2d,
  0x31,0x2e,0x35,0x2d,0x30,0x2e,0x36,0x37,0x2d,0x31,0x2e,0x35,0x2d,0x31,0x2e,0x35,
  0x73,0x30,0x2e,0x36,0x37,0x2d,0x31,0x2e,0x35,0x20,0x31,0x2e,0x35,0x2d,0x31,0x2e,
  0x35,0x20,0x31,0x2e,0x35,0x20,0x30,0x2e,0x36,0x37,0x20,0x31,0x2e,0x35,0x20,0x31,
  0x2e,0x35,0x2d,0x30,0x2e,0x36,0x37,0x20,0x31,0x2e,0x35,0x2d,0x31,0x2e,0x35,0x20,
  0x31,0x2e,0x35,0x7a,0x22,0x2f,0x3e,0x3c,0x72,0x65,0x63,0x74,0x20,0x78,0x3d,0x22,
  0x34,0x22,0x20,0x79,0x3d,0x22,0x37,0x22,0x20,0x77,0x69,0x64,0x74,0x68,0x3d,0x22,
  0x35,0x22,0x20,0x68,0x65,0x69,0x67,0x68,0x74,0x3d,0x22,0x32,0x22,0x2f,0x3e,0x3c,
  0x72,0x65,0x63,0x74,0x20,0x78,0x3d,0x22,0x31,0x30,0x22,0x20,0x79,0x3d,0x22,0x37,
  0x22,0x20,0x77,0x69,0x64,0x74,0x68,0x3d,0x22,0x35,0x22,0x20,0x68,0x65,0x69,0x67,
  0x68,0x74,0x3d,0x22,0x32,0x22,0x2f,0x3e,0x3c,0x72,0x65,0x63,0x74,0x20,0x78,0x3d,
  0x22,0x31,0x36,0x22,0x20,0x79,0x3d,0x22,0x37,0x22,0x20,0x77,0x69,0x64,0x74,0x68,
  0x3d,0x22,0x34,0x22,0x20,0x68,0x65,0x69,0x67,0x68,0x74,0x3d,0x22,0x32,0x22,0x2f,
  0x3e,0x3c,0x2f,0x73,0x76,0x67,0x3e,0xa,
    // /home/wangyunxin2/workspace/omnetpp-6.0/src/qtenv/icons/tools/step.svg
  0x0,0x0,0x0,0xc0,
  0x3c,
  0x73,0x76,0x67,0x20,0x78,0x6d,0x6c,0x6e,0x73,0x3d,0x22,0x68,0x74,0x74,0x70,0x3a,
  0x2f,0x2f,0x77,0x77,0x77,0x2e,0x77,0x33,0x2e,0x6f,0x72,0x67,0x2f,0x32,0x30,0x30,
  0x30,0x2f,0x73,0x76,0x67,0x22,0x20,0x76,0x69,0x65,0x77,0x42,0x6f,0x78,0x3d,0x22,
  0x30,0x20,0x30,0x20,0x32,0x34,0x20,0x32,0x34,0x22,0x20,0x66,0x69,0x6c,0x6c,0x3d,
  0x22,0x23,0x33,0x37,0x39,0x31,0x34,0x33,0x22,0x20,0x77,0x69,0x64,0x74,0x68,0x3d,
  0x22,0x32,0x34,0x70,0x78,0x22,0x20,0x68,0x65,0x69,0x67,0x68,0x74,0x3d,0x22,0x32,
  0x34,0x70,0x78,0x22,0x3e,0x3c,0x70,0x61,0x74,0x68,0x20,0x64,0x3d,0x22,0x4d,0x30,
  0x20,0x30,0x68,0x32,0x34,0x76,0x32,0x34,0x48,0x30,0x7a,0x22,0x20,0x66,0x69,0x6c,
  0x6c,0x3d,0x22,0x6e,0x6f,0x6e,0x65,0x22,0x2f,0x3e,0x3c,0x70,0x61,0x74,0x68,0x20,
  0x64,0x3d,0x22,0x4d,0x36,0x20,0x31,0x38,0x6c,0x38,0x2e,0x35,0x2d,0x36,0x4c,0x36,
  0x20,0x36,0x76,0x31,0x32,0x7a,0x4d,0x31,0x36,0x20,0x36,0x76,0x31,0x32,0x68,0x32,
  0x56,0x36,0x68,0x2d,0x32,0x7a,0x22,0x2f,0x3e,0x3c,0x2f,0x73,0x76,0x67,0x3e,
    // /home/wangyunxin2/workspace/omnetpp-6.0/src/qtenv/icons/tools/copyptr.svg
  0x0,0x0,0x4,0x81,
  0x3c,
  0x73,0x76,0x67,0x20,0x66,0x69,0x6c,0x6c,0x3d,0x22,0x23,0x34,0x30,0x34,0x30,0x34,
  0x30,0x22,0x20,0x76,0x65,0x72,0x73,0x69,0x6f,0x6e,0x3d,0x22,0x31,0x2e,0x31,0x22,
  0x20,0x76,0x69,0x65,0x77,0x42,0x6f,0x78,0x3d,0x22,0x30,0x20,0x30,0x20,0x32,0x34,
  0x20,0x32,0x34,0x22,0x20,0x78,0x6d,0x6c,0x6e,0x73,0x3d,0x22,0x68,0x74,0x74,0x70,
  0x3a,0x2f,0x2f,0x77,0x77,0x77,0x2e,0x77,0x33,0x2e,0x6f,0x72,0x67,0x2f,0x32,0x30,
  0x30,0x30,0x2f,0x73,0x76,0x67,0x22,0x3e,0x3c,0x70,0x61,0x74,0x68,0x20,0x64,0x3d,
  0x22,0x4d,0x30,0x20,0x30,0x68,0x32,0x34,0x76,0x32,0x34,0x48,0x30,0x7a,0x22,0x20,
  0x66,0x69,0x6c,0x6c,0x3d,0x22,0x6e,0x6f,0x6e,0x65,0x22,0x2f,0x3e,0x3c,0x70,0x61,
  0x74,0x68,0x20,0x64,0x3d,0x22,0x4d,0x31,0x36,0x20,0x31,0x48,0x34,0x63,0x2d,0x31,
  0x2e,0x31,0x20,0x30,0x2d,0x32,0x20,0x2e,0x39,0x2d,0x32,0x20,0x32,0x76,0x31,0x34,
  0x68,0x32,0x56,0x33,0x68,0x31,0x32,0x56,0x31,0x7a,0x6d,0x33,0x20,0x34,0x48,0x38,
  0x63,0x2d,0x31,0x2e,0x31,0x20,0x30,0x2d,0x32,0x20,0x2e,0x39,0x2d,0x32,0x20,0x32,
  0x76,0x31,0x34,0x63,0x30,0x20,0x31,0x2e,0x31,0x2e,0x39,0x20,0x32,0x20,0x32,0x20,
  0x32,0x68,0x31,0x31,0x63,0x31,0x2e,0x31,0x20,0x30,0x20,0x32,0x2d,0x2e,0x39,0x20,
  0x32,0x2d,0x32,0x56,0x37,0x63,0x30,0x2d,0x31,0x2e,0x31,0x2d,0x2e,0x39,0x2d,0x32,
  0x2d,0x32,0x2d,0x32,0x7a,0x6d,0x30,0x20,0x31,0x36,0x48,0x38,0x56,0x37,0x68,0x31,
  0x31,0x76,0x31,0x34,0x7a,0x22,0x2f,0x3e,0x3c,0x70,0x61,0x74,0x68,0x20,0x64,0x3d,
  0x22,0x6d,0x36,0x2e,0x37,0x36,0x34,0x31,0x20,0x37,0x2e,0x31,0x38,0x36,0x32,0x68,
  0x31,0x33,0x2e,0x34,0x38,0x38,0x76,0x31,0x33,0x2e,0x34,0x38,0x38,0x68,0x2d,0x31,
  0x33,0x2e,0x34,0x38,0x38,0x7a,0x22,0x20,0x66,0x69,0x6c,0x6c,0x3d,0x22,0x6e,0x6f,
  0x6e,0x65,0x22,0x20,0x73,0x74,0x72,0x6f,0x6b,0x65,0x2d,0x77,0x69,0x64,0x74,0x68,
  0x3d,0x22,0x2e,0x35,0x36,0x32,0x30,0x31,0x22,0x2f,0x3e,0x3c,0x70,0x61,0x74,0x68,
  0x20,0x64,0x3d,0x22,0x6d,0x31,0x38,0x2e,0x30,0x30,0x34,0x20,0x31,0x31,0x2e,0x36,
  0x38,0x32,0x68,0x2d,0x31,0x2e,0x35,0x37,0x39,0x32,0x63,0x2d,0x30,0x2e,0x32,0x35,
  0x32,0x39,0x2d,0x30,0x2e,0x34,0x33,0x38,0x33,0x37,0x2d,0x30,0x2e,0x36,0x30,0x31,
  0x33,0x35,0x2d,0x30,0x2e,0x38,0x31,0x34,0x39,0x31,0x2d,0x31,0x2e,0x30,0x32,0x32,
  0x39,0x2d,0x31,0x2e,0x31,0x30,0x31,0x35,0x6c,0x30,0x2e,0x39,0x31,0x36,0x30,0x37,
  0x2d,0x30,0x2e,0x39,0x31,0x36,0x30,0x37,0x2d,0x30,0x2e,0x37,0x39,0x32,0x34,0x33,
  0x2d,0x30,0x2e,0x37,0x39,0x32,0x34,0x33,0x2d,0x31,0x2e,0x32,0x31,0x39,0x36,0x20,
  0x31,0x2e,0x32,0x31,0x39,0x36,0x63,0x2d,0x30,0x2e,0x32,0x35,0x38,0x35,0x32,0x2d,
  0x30,0x2e,0x30,0x36,0x31,0x38,0x32,0x2d,0x30,0x2e,0x35,0x32,0x32,0x36,0x37,0x2d,
  0x30,0x2e,0x30,0x39,0x35,0x35,0x34,0x2d,0x30,0x2e,0x37,0x39,0x38,0x30,0x35,0x2d,
  0x30,0x2e,0x30,0x39,0x35,0x35,0x34,0x2d,0x30,0x2e,0x32,0x37,0x35,0x33,0x38,0x20,
  0x30,0x2d,0x30,0x2e,0x35,0x33,0x39,0x35,0x33,0x20,0x30,0x2e,0x30,0x33,0x33,0x37,
  0x32,0x2d,0x30,0x2e,0x37,0x39,0x32,0x34,0x33,0x20,0x30,0x2e,0x30,0x39,0x35,0x35,
  0x34,0x6c,0x2d,0x31,0x2e,0x32,0x32,0x35,0x32,0x2d,0x31,0x2e,0x32,0x31,0x39,0x36,
  0x2d,0x30,0x2e,0x37,0x39,0x32,0x34,0x33,0x20,0x30,0x2e,0x37,0x39,0x32,0x34,0x33,
  0x20,0x30,0x2e,0x39,0x31,0x30,0x34,0x35,0x20,0x30,0x2e,0x39,0x31,0x36,0x30,0x37,
  0x63,0x2d,0x30,0x2e,0x34,0x31,0x35,0x38,0x39,0x20,0x30,0x2e,0x32,0x38,0x36,0x36,
  0x32,0x2d,0x30,0x2e,0x37,0x36,0x34,0x33,0x33,0x20,0x30,0x2e,0x36,0x36,0x33,0x31,
  0x37,0x2d,0x31,0x2e,0x30,0x31,0x37,0x32,0x20,0x31,0x2e,0x31,0x30,0x31,0x35,0x68,
  0x2d,0x31,0x2e,0x35,0x37,0x39,0x32,0x76,0x31,0x2e,0x31,0x32,0x34,0x68,0x31,0x2e,
  0x31,0x37,0x34,0x36,0x63,0x2d,0x30,0x2e,0x30,0x32,0x38,0x31,0x20,0x30,0x2e,0x31,
  0x38,0x35,0x34,0x36,0x2d,0x30,0x2e,0x30,0x35,0x30,0x35,0x38,0x20,0x30,0x2e,0x33,
  0x37,0x30,0x39,0x33,0x2d,0x30,0x2e,0x30,0x35,0x30,0x35,0x38,0x20,0x30,0x2e,0x35,
  0x36,0x32,0x30,0x31,0x76,0x30,0x2e,0x35,0x36,0x32,0x30,0x31,0x68,0x2d,0x31,0x2e,
  0x31,0x32,0x34,0x76,0x31,0x2e,0x31,0x32,0x34,0x68,0x31,0x2e,0x31,0x32,0x34,0x76,
  0x30,0x2e,0x35,0x36,0x32,0x30,0x31,0x63,0x30,0x20,0x30,0x2e,0x31,0x39,0x31,0x30,
  0x38,0x20,0x30,0x2e,0x30,0x32,0x32,0x34,0x38,0x20,0x30,0x2e,0x33,0x37,0x36,0x35,
  0x35,0x20,0x30,0x2e,0x30,0x35,0x30,0x35,0x38,0x20,0x30,0x2e,0x35,0x36,0x32,0x30,
  0x31,0x68,0x2d,0x31,0x2e,0x31,0x37,0x34,0x36,0x76,0x31,0x2e,0x31,0x32,0x34,0x68,
  0x31,0x2e,0x35,0x37,0x39,0x32,0x63,0x30,0x2e,0x35,0x38,0x34,0x34,0x39,0x20,0x31,
  0x2e,0x30,0x30,0x36,0x20,0x31,0x2e,0x36,0x36,0x39,0x32,0x20,0x31,0x2e,0x36,0x38,
  0x36,0x20,0x32,0x2e,0x39,0x31,0x36,0x38,0x20,0x31,0x2e,0x36,0x38,0x36,0x20,0x31,
  0x2e,0x32,0x34,0x37,0x37,0x20,0x30,0x20,0x32,0x2e,0x33,0x33,0x32,0x33,0x2d,0x30,
  0x2e,0x36,0x38,0x30,0x30,0x33,0x20,0x32,0x2e,0x39,0x31,0x36,0x38,0x2d,0x31,0x2e,
  0x36,0x38,0x36,0x68,0x31,0x2e,0x35,0x37,0x39,0x32,0x76,0x2d,0x31,0x2e,0x31,0x32,
  0x34,0x68,0x2d,0x31,0x2e,0x31,0x37,0x34,0x36,0x63,0x30,0x2e,0x30,0x32,0x38,0x31,
  0x2d,0x30,0x2e,0x31,0x38,0x35,0x34,0x36,0x20,0x30,0x2e,0x30,0x35,0x30,0x35,0x38,
  0x2d,0x30,0x2e,0x33,0x37,0x30,0x39,0x33,0x20,0x30,0x2e,0x30,0x35,0x30,0x35,0x38,
  0x2d,0x30,0x2e,0x35,0x36,0x32,0x30,0x31,0x76,0x2d,0x30,0x2e,0x35,0x36,0x32,0x30,
  0x31,0x68,0x31,0x2e,0x31,0x32,0x34,0x76,0x2d,0x31,0x2e,0x31,0x32,0x34,0x68,0x2d,
  0x31,0x2e,0x31,0x32,0x34,0x76,0x2d,0x30,0x2e,0x35,0x36,0x32,0x30,0x31,0x63,0x30,
  0x2d,0x30,0x2e,0x31,0x39,0x31,0x30,0x38,0x2d,0x30,0x2e,0x30,0x32,0x32,0x34,0x38,
  0x2d,0x30,0x2e,0x33,0x37,0x36,0x35,0x35,0x2d,0x30,0x2e,0x30,0x35,0x30,0x35,0x38,
  0x2d,0x30,0x2e,0x35,0x36,0x32,0x30,0x31,0x68,0x31,0x2e,0x31,0x37,0x34,0x36,0x7a,
  0x6d,0x2d,0x33,0x2e,0x33,0x37,0x32,0x20,0x34,0x2e,0x34,0x39,0x36,0x31,0x68,0x2d,
  0x32,0x2e,0x32,0x34,0x38,0x76,0x2d,0x31,0x2e,0x31,0x32,0x34,0x68,0x32,0x2e,0x32,
  0x34,0x38,0x7a,0x6d,0x30,0x2d,0x32,0x2e,0x32,0x34,0x38,0x68,0x2d,0x32,0x2e,0x32,
  0x34,0x38,0x76,0x2d,0x31,0x2e,0x31,0x32,0x34,0x68,0x32,0x2e,0x32,0x34,0x38,0x7a,
  0x22,0x20,0x73,0x74,0x72,0x6f,0x6b,0x65,0x2d,0x77,0x69,0x64,0x74,0x68,0x3d,0x22,
  0x2e,0x35,0x36,0x32,0x30,0x31,0x22,0x2f,0x3e,0x3c,0x2f,0x73,0x76,0x67,0x3e,0xa,
  
    // /home/wangyunxin2/workspace/omnetpp-6.0/src/qtenv/icons/tools/treemode_packet.svg
  0x0,0x0,0x1,0x8b,
  0x3c,
  0x73,0x76,0x67,0x20,0x66,0x69,0x6c,0x6c,0x3d,0x22,0x6e,0x6f,0x6e,0x65,0x22,0x20,
  0x73,0x74,0x72,0x6f,0x6b,0x65,0x3d,0x22,0x23,0x34,0x30,0x34,0x30,0x34,0x30,0x22,
  0x20,0x76,0x65,0x72,0x73,0x69,0x6f,0x6e,0x3d,0x22,0x31,0x2e,0x31,0x22,0x20,0x76,
  0x69,0x65,0x77,0x42,0x6f,0x78,0x3d,0x22,0x30,0x20,0x30,0x20,0x32,0x34,0x20,0x32,
  0x34,0x22,0x20,0x78,0x6d,0x6c,0x6e,0x73,0x3d,0x22,0x68,0x74,0x74,0x70,0x3a,0x2f,
  0x2f,0x77,0x77,0x77,0x2e,0x77,0x33,0x2e,0x6f,0x72,0x67,0x2f,0x32,0x30,0x30,0x30,
  0x2f,0x73,0x76,0x67,0x22,0x3e,0xa,0x20,0x20,0x3c,0x70,0x61,0x74,0x68,0x20,0x64,
  0x3d,0x22,0x6d,0x32,0x20,0x31,0x68,0x32,0x30,0x76,0x38,0x68,0x2d,0x32,0x30,0x7a,
  0x22,0x20,0x73,0x74,0x72,0x6f,0x6b,0x65,0x2d,0x6c,0x69,0x6e,0x65,0x6a,0x6f,0x69,
  0x6e,0x3d,0x22,0x72,0x6f,0x75,0x6e,0x64,0x22,0x20,0x73,0x74,0x72,0x6f,0x6b,0x65,
  0x2d,0x77,0x69,0x64,0x74,0x68,0x3d,0x22,0x32,0x22,0x2f,0x3e,0xa,0x20,0x20,0x3c,
  0x70,0x61,0x74,0x68,0x20,0x64,0x3d,0x22,0x6d,0x31,0x30,0x2e,0x35,0x20,0x31,0x76,
  0x38,0x22,0x2f,0x3e,0xa,0x20,0x20,0x3c,0x70,0x61,0x74,0x68,0x20,0x64,0x3d,0x22,
  0x6d,0x31,0x36,0x20,0x31,0x76,0x38,0x22,0x2f,0x3e,0xa,0x20,0x20,0x3c,0x70,0x61,
  0x74,0x68,0x20,0x64,0x3d,0x22,0x6d,0x37,0x2e,0x39,0x32,0x37,0x32,0x20,0x31,0x36,
  0x68,0x31,0x34,0x2e,0x30,0x37,0x33,0x76,0x37,0x68,0x2d,0x31,0x34,0x2e,0x30,0x37,
  0x33,0x7a,0x22,0x20,0x73,0x74,0x72,0x6f,0x6b,0x65,0x2d,0x6c,0x69,0x6e,0x65,0x6a,
  0x6f,0x69,0x6e,0x3d,0x22,0x72,0x6f,0x75,0x6e,0x64,0x22,0x20,0x73,0x74,0x72,0x6f,
  0x6b,0x65,0x2d,0x77,0x69,0x64,0x74,0x68,0x3d,0x22,0x32,0x22,0x2f,0x3e,0xa,0x20,
  0x20,0x3c,0x70,0x61,0x74,0x68,0x20,0x64,0x3d,0x22,0x6d,0x31,0x30,0x2e,0x35,0x20,
  0x39,0x2e,0x35,0x2d,0x32,0x2e,0x35,0x34,0x20,0x36,0x22,0x2f,0x3e,0xa,0x20,0x20,
  0x3c,0x70,0x61,0x74,0x68,0x20,0x64,0x3d,0x22,0x6d,0x31,0x36,0x20,0x39,0x2e,0x35,
  0x20,0x36,0x20,0x36,0x22,0x2f,0x3e,0xa,0x20,0x20,0x3c,0x70,0x61,0x74,0x68,0x20,
  0x64,0x3d,0x22,0x6d,0x31,0x35,0x2e,0x35,0x20,0x31,0x36,0x2e,0x35,0x76,0x36,0x22,
  0x2f,0x3e,0xa,0x3c,0x2f,0x73,0x76,0x67,0x3e,0xa,
    // /home/wangyunxin2/workspace/omnetpp-6.0/src/qtenv/icons/tools/forward.svg
  0x0,0x0,0x0,0xd7,
  0x3c,
  0x73,0x76,0x67,0x20,0x78,0x6d,0x6c,0x6e,0x73,0x3d,0x22,0x68,0x74,0x74,0x70,0x3a,
  0x2f,0x2f,0x77,0x77,0x77,0x2e,0x77,0x33,0x2e,0x6f,0x72,0x67,0x2f,0x32,0x30,0x30,
  0x30,0x2f,0x73,0x76,0x67,0x22,0x20,0x76,0x69,0x65,0x77,0x42,0x6f,0x78,0x3d,0x22,
  0x30,0x20,0x30,0x20,0x32,0x34,0x20,0x32,0x34,0x22,0x20,0x66,0x69,0x6c,0x6c,0x3d,
  0x22,0x23,0x34,0x30,0x34,0x30,0x34,0x30,0x22,0x20,0x77,0x69,0x64,0x74,0x68,0x3d,
  0x22,0x32,0x34,0x70,0x78,0x22,0x20,0x68,0x65,0x69,0x67,0x68,0x74,0x3d,0x22,0x32,
  0x34,0x70,0x78,0x22,0x3e,0x3c,0x70,0x61,0x74,0x68,0x20,0x64,0x3d,0x22,0x4d,0x30,
  0x20,0x30,0x68,0x32,0x34,0x76,0x32,0x34,0x48,0x30,0x7a,0x22,0x20,0x66,0x69,0x6c,
  0x6c,0x3d,0x22,0x6e,0x6f,0x6e,0x65,0x22,0x2f,0x3e,0x3c,0x70,0x61,0x74,0x68,0x20,
  0x64,0x3d,0x22,0x4d,0x31,0x32,0x20,0x34,0x6c,0x2d,0x31,0x2e,0x34,0x31,0x20,0x31,
  0x2e,0x34,0x31,0x4c,0x31,0x36,0x2e,0x31,0x37,0x20,0x31,0x31,0x48,0x34,0x76,0x32,
  0x68,0x31,0x32,0x2e,0x31,0x37,0x6c,0x2d,0x35,0x2e,0x35,0x38,0x20,0x35,0x2e,0x35,
  0x39,0x4c,0x31,0x32,0x20,0x32,0x30,0x6c,0x38,0x2d,0x38,0x7a,0x22,0x2f,0x3e,0x3c,
  0x2f,0x73,0x76,0x67,0x3e,0xa,
    // /home/wangyunxin2/workspace/omnetpp-6.0/src/qtenv/icons/tools/recordvideo.svg
  0x0,0x0,0x1,0xf,
  0x3c,
  0x73,0x76,0x67,0x20,0x78,0x6d,0x6c,0x6e,0x73,0x3d,0x22,0x68,0x74,0x74,0x70,0x3a,
  0x2f,0x2f,0x77,0x77,0x77,0x2e,0x77,0x33,0x2e,0x6f,0x72,0x67,0x2f,0x32,0x30,0x30,
  0x30,0x2f,0x73,0x76,0x67,0x22,0x20,0x76,0x69,0x65,0x77,0x42,0x6f,0x78,0x3d,0x22,
  0x30,0x20,0x30,0x20,0x32,0x34,0x20,0x32,0x34,0x22,0x20,0x66,0x69,0x6c,0x6c,0x3d,
  0x22,0x23,0x34,0x30,0x34,0x30,0x34,0x30,0x22,0x20,0x77,0x69,0x64,0x74,0x68,0x3d,
  0x22,0x32,0x34,0x70,0x78,0x22,0x20,0x68,0x65,0x69,0x67,0x68,0x74,0x3d,0x22,0x32,
  0x34,0x70,0x78,0x22,0x3e,0x3c,0x70,0x61,0x74,0x68,0x20,0x64,0x3d,0x22,0x4d,0x30,
  0x20,0x30,0x68,0x32,0x34,0x76,0x32,0x34,0x48,0x30,0x56,0x30,0x7a,0x22,0x20,0x66,
  0x69,0x6c,0x6c,0x3d,0x22,0x6e,0x6f,0x6e,0x65,0x22,0x2f,0x3e,0x3c,0x70,0x61,0x74,
  0x68,0x20,0x64,0x3d,0x22,0x4d,0x31,0x35,0x20,0x38,0x76,0x38,0x48,0x35,0x56,0x38,
  0x68,0x31,0x30,0x6d,0x31,0x2d,0x32,0x48,0x34,0x63,0x2d,0x2e,0x35,0x35,0x20,0x30,
  0x2d,0x31,0x20,0x2e,0x34,0x35,0x2d,0x31,0x20,0x31,0x76,0x31,0x30,0x63,0x30,0x20,
  0x2e,0x35,0x35,0x2e,0x34,0x35,0x20,0x31,0x20,0x31,0x20,0x31,0x68,0x31,0x32,0x63,
  0x2e,0x35,0x35,0x20,0x30,0x20,0x31,0x2d,0x2e,0x34,0x35,0x20,0x31,0x2d,0x31,0x76,
  0x2d,0x33,0x2e,0x35,0x6c,0x34,0x20,0x34,0x76,0x2d,0x31,0x31,0x6c,0x2d,0x34,0x20,
  0x34,0x56,0x37,0x63,0x30,0x2d,0x2e,0x35,0x35,0x2d,0x2e,0x34,0x35,0x2d,0x31,0x2d,
  0x31,0x2d,0x31,0x7a,0x22,0x2f,0x3e,0x3c,0x2f,0x73,0x76,0x67,0x3e,0xa,
    // /home/wangyunxin2/workspace/omnetpp-6.0/src/qtenv/icons/tools/finish.svg
  0x0,0x0,0x1,0x25,
  0x3c,
  0x73,0x76,0x67,0x20,0x69,0x64,0x3d,0x22,0x6d,0x64,0x69,0x2d,0x66,0x6c,0x61,0x67,
  0x2d,0x63,0x68,0x65,0x63,0x6b,0x65,0x72,0x65,0x64,0x22,0x20,0x76,0x65,0x72,0x73,
  0x69,0x6f,0x6e,0x3d,0x22,0x31,0x2e,0x31,0x22,0x20,0x76,0x69,0x65,0x77,0x42,0x6f,
  0x78,0x3d,0x22,0x30,0x20,0x30,0x20,0x32,0x34,0x20,0x32,0x34,0x22,0x20,0x78,0x6d,
  0x6c,0x6e,0x73,0x3d,0x22,0x68,0x74,0x74,0x70,0x3a,0x2f,0x2f,0x77,0x77,0x77,0x2e,
  0x77,0x33,0x2e,0x6f,0x72,0x67,0x2f,0x32,0x30,0x30,0x30,0x2f,0x73,0x76,0x67,0x22,
  0x20,0x66,0x69,0x6c,0x6c,0x3d,0x22,0x23,0x34,0x30,0x34,0x30,0x34,0x30,0x22,0x3e,
  0xa,0x20,0x20,0x3c,0x70,0x61,0x74,0x68,0x20,0x64,0x3d,0x22,0x6d,0x31,0x34,0x2e,
  0x34,0x20,0x36,0x68,0x35,0x2e,0x36,0x76,0x31,0x30,0x68,0x2d,0x37,0x6c,0x2d,0x30,
  0x2e,0x34,0x2d,0x32,0x68,0x2d,0x35,0x2e,0x36,0x76,0x37,0x68,0x2d,0x32,0x76,0x2d,
  0x31,0x37,0x68,0x39,0x6c,0x30,0x2e,0x34,0x20,0x32,0x6d,0x2d,0x30,0x2e,0x34,0x20,
  0x38,0x68,0x32,0x76,0x2d,0x32,0x68,0x32,0x76,0x2d,0x32,0x68,0x2d,0x32,0x76,0x2d,
  0x32,0x68,0x2d,0x32,0x76,0x32,0x6c,0x2d,0x31,0x2d,0x32,0x76,0x2d,0x32,0x68,0x2d,
  0x32,0x76,0x32,0x68,0x2d,0x32,0x76,0x2d,0x32,0x68,0x2d,0x32,0x76,0x32,0x68,0x32,
  0x76,0x32,0x68,0x2d,0x32,0x76,0x32,0x68,0x32,0x76,0x2d,0x32,0x68,0x32,0x76,0x32,
  0x68,0x32,0x76,0x2d,0x32,0x6c,0x31,0x20,0x32,0x76,0x32,0x6d,0x2d,0x33,0x2d,0x34,
  0x76,0x2d,0x32,0x68,0x32,0x76,0x32,0x68,0x2d,0x32,0x6d,0x33,0x20,0x30,0x68,0x32,
  0x76,0x32,0x68,0x2d,0x32,0x76,0x2d,0x32,0x7a,0x22,0x2f,0x3e,0xa,0x3c,0x2f,0x73,
  0x76,0x67,0x3e,0xa,
    // /home/wangyunxin2/workspace/omnetpp-6.0/src/qtenv/icons/tools/props.svg
  0x0,0x0,0x2,0x61,
  0x3c,
  0x73,0x76,0x67,0x20,0x69,0x64,0x3d,0x22,0x6d,0x64,0x69,0x2d,0x73,0x70,0x65,0x65,
  0x64,0x6f,0x6d,0x65,0x74,0x65,0x72,0x22,0x20,0x76,0x65,0x72,0x73,0x69,0x6f,0x6e,
  0x3d,0x22,0x31,0x2e,0x31,0x22,0x20,0x76,0x69,0x65,0x77,0x42,0x6f,0x78,0x3d,0x22,
  0x30,0x20,0x30,0x20,0x32,0x34,0x20,0x32,0x34,0x22,0x20,0x78,0x6d,0x6c,0x6e,0x73,
  0x3d,0x22,0x68,0x74,0x74,0x70,0x3a,0x2f,0x2f,0x77,0x77,0x77,0x2e,0x77,0x33,0x2e,
  0x6f,0x72,0x67,0x2f,0x32,0x30,0x30,0x30,0x2f,0x73,0x76,0x67,0x22,0x20,0x66,0x69,
  0x6c,0x6c,0x3d,0x22,0x23,0x34,0x30,0x34,0x30,0x34,0x30,0x22,0x3e,0xa,0x20,0x20,
  0x3c,0x70,0x61,0x74,0x68,0x20,0x64,0x3d,0x22,0x6d,0x31,0x32,0x20,0x31,0x36,0x61,
  0x33,0x20,0x33,0x20,0x30,0x20,0x30,0x20,0x31,0x2d,0x33,0x2d,0x33,0x63,0x30,0x2d,
  0x31,0x2e,0x31,0x32,0x20,0x30,0x2e,0x36,0x31,0x2d,0x32,0x2e,0x31,0x20,0x31,0x2e,
  0x35,0x2d,0x32,0x2e,0x36,0x31,0x6c,0x39,0x2e,0x37,0x31,0x2d,0x35,0x2e,0x36,0x32,
  0x2d,0x35,0x2e,0x35,0x33,0x20,0x39,0x2e,0x35,0x38,0x63,0x2d,0x30,0x2e,0x35,0x20,
  0x30,0x2e,0x39,0x38,0x2d,0x31,0x2e,0x35,0x31,0x20,0x31,0x2e,0x36,0x35,0x2d,0x32,
  0x2e,0x36,0x38,0x20,0x31,0x2e,0x36,0x35,0x6d,0x30,0x2d,0x31,0x33,0x63,0x31,0x2e,
  0x38,0x31,0x20,0x30,0x20,0x33,0x2e,0x35,0x20,0x30,0x2e,0x35,0x20,0x34,0x2e,0x39,
  0x37,0x20,0x31,0x2e,0x33,0x32,0x6c,0x2d,0x32,0x2e,0x31,0x20,0x31,0x2e,0x32,0x31,
  0x63,0x2d,0x30,0x2e,0x38,0x37,0x2d,0x30,0x2e,0x33,0x34,0x2d,0x31,0x2e,0x38,0x37,
  0x2d,0x30,0x2e,0x35,0x33,0x2d,0x32,0x2e,0x38,0x37,0x2d,0x30,0x2e,0x35,0x33,0x61,
  0x38,0x20,0x38,0x20,0x30,0x20,0x30,0x20,0x30,0x2d,0x38,0x20,0x38,0x63,0x30,0x20,
  0x32,0x2e,0x32,0x31,0x20,0x30,0x2e,0x38,0x39,0x20,0x34,0x2e,0x32,0x31,0x20,0x32,
  0x2e,0x33,0x34,0x20,0x35,0x2e,0x36,0x35,0x68,0x30,0x2e,0x30,0x31,0x63,0x30,0x2e,
  0x33,0x39,0x20,0x30,0x2e,0x33,0x39,0x20,0x30,0x2e,0x33,0x39,0x20,0x31,0x2e,0x30,
  0x32,0x20,0x30,0x20,0x31,0x2e,0x34,0x31,0x73,0x2d,0x31,0x2e,0x30,0x33,0x20,0x30,
  0x2e,0x33,0x39,0x2d,0x31,0x2e,0x34,0x32,0x20,0x30,0x2e,0x30,0x31,0x63,0x2d,0x31,
  0x2e,0x38,0x31,0x2d,0x31,0x2e,0x38,0x31,0x2d,0x32,0x2e,0x39,0x33,0x2d,0x34,0x2e,
  0x33,0x31,0x2d,0x32,0x2e,0x39,0x33,0x2d,0x37,0x2e,0x30,0x37,0x61,0x31,0x30,0x20,
  0x31,0x30,0x20,0x30,0x20,0x30,0x20,0x31,0x20,0x31,0x30,0x2d,0x31,0x30,0x6d,0x31,
  0x30,0x20,0x31,0x30,0x63,0x30,0x20,0x32,0x2e,0x37,0x36,0x2d,0x31,0x2e,0x31,0x32,
  0x20,0x35,0x2e,0x32,0x36,0x2d,0x32,0x2e,0x39,0x33,0x20,0x37,0x2e,0x30,0x37,0x2d,
  0x30,0x2e,0x33,0x39,0x20,0x30,0x2e,0x33,0x38,0x2d,0x31,0x2e,0x30,0x32,0x20,0x30,
  0x2e,0x33,0x38,0x2d,0x31,0x2e,0x34,0x31,0x2d,0x30,0x2e,0x30,0x31,0x73,0x2d,0x30,
  0x2e,0x33,0x39,0x2d,0x31,0x2e,0x30,0x32,0x20,0x30,0x2d,0x31,0x2e,0x34,0x31,0x63,
  0x31,0x2e,0x34,0x35,0x2d,0x31,0x2e,0x34,0x35,0x20,0x32,0x2e,0x33,0x34,0x2d,0x33,
  0x2e,0x34,0x34,0x20,0x32,0x2e,0x33,0x34,0x2d,0x35,0x2e,0x36,0x35,0x20,0x30,0x2d,
  0x31,0x2d,0x30,0x2e,0x31,0x39,0x2d,0x32,0x2d,0x30,0x2e,0x35,0x34,0x2d,0x32,0x2e,
  0x39,0x6c,0x31,0x2e,0x32,0x31,0x2d,0x32,0x2e,0x31,0x63,0x30,0x2e,0x38,0x33,0x20,
  0x31,0x2e,0x35,0x20,0x31,0x2e,0x33,0x33,0x20,0x33,0x2e,0x31,0x38,0x20,0x31,0x2e,
  0x33,0x33,0x20,0x35,0x7a,0x22,0x2f,0x3e,0xa,0x3c,0x2f,0x73,0x76,0x67,0x3e,0xa,
  
    // /home/wangyunxin2/workspace/omnetpp-6.0/src/qtenv/icons/tools/zoomin.svg
  0x0,0x0,0x1,0xb3,
  0x3c,
  0x73,0x76,0x67,0x20,0x66,0x69,0x6c,0x6c,0x3d,0x22,0x23,0x34,0x30,0x34,0x30,0x34,
  0x30,0x22,0x20,0x76,0x65,0x72,0x73,0x69,0x6f,0x6e,0x3d,0x22,0x31,0x2e,0x31,0x22,
  0x20,0x76,0x69,0x65,0x77,0x42,0x6f,0x78,0x3d,0x22,0x30,0x20,0x30,0x20,0x32,0x34,
  0x20,0x32,0x34,0x22,0x20,0x78,0x6d,0x6c,0x6e,0x73,0x3d,0x22,0x68,0x74,0x74,0x70,
  0x3a,0x2f,0x2f,0x77,0x77,0x77,0x2e,0x77,0x33,0x2e,0x6f,0x72,0x67,0x2f,0x32,0x30,
  0x30,0x30,0x2f,0x73,0x76,0x67,0x22,0x3e,0xa,0x20,0x3c,0x70,0x61,0x74,0x68,0x20,
  0x64,0x3d,0x22,0x4d,0x30,0x20,0x30,0x68,0x32,0x34,0x76,0x32,0x34,0x48,0x30,0x56,
  0x30,0x7a,0x22,0x20,0x66,0x69,0x6c,0x6c,0x3d,0x22,0x6e,0x6f,0x6e,0x65,0x22,0x2f,
  0x3e,0xa,0x20,0x3c,0x70,0x61,0x74,0x68,0x20,0x64,0x3d,0x22,0x4d,0x31,0x35,0x2e,
  0x35,0x20,0x31,0x34,0x68,0x2d,0x2e,0x37,0x39,0x6c,0x2d,0x2e,0x32,0x38,0x2d,0x2e,
  0x32,0x37,0x43,0x31,0x35,0x2e,0x34,0x31,0x20,0x31,0x32,0x2e,0x35,0x39,0x20,0x31,
  0x36,0x20,0x31,0x31,0x2e,0x31,0x31,0x20,0x31,0x36,0x20,0x39,0x2e,0x35,0x20,0x31,
  0x36,0x20,0x35,0x2e,0x39,0x31,0x20,0x31,0x33,0x2e,0x30,0x39,0x20,0x33,0x20,0x39,
  0x2e,0x35,0x20,0x33,0x53,0x33,0x20,0x35,0x2e,0x39,0x31,0x20,0x33,0x20,0x39,0x2e,
  0x35,0x20,0x35,0x2e,0x39,0x31,0x20,0x31,0x36,0x20,0x39,0x2e,0x35,0x20,0x31,0x36,
  0x63,0x31,0x2e,0x36,0x31,0x20,0x30,0x20,0x33,0x2e,0x30,0x39,0x2d,0x2e,0x35,0x39,
  0x20,0x34,0x2e,0x32,0x33,0x2d,0x31,0x2e,0x35,0x37,0x6c,0x2e,0x32,0x37,0x2e,0x32,
  0x38,0x76,0x2e,0x37,0x39,0x6c,0x35,0x20,0x34,0x2e,0x39,0x39,0x4c,0x32,0x30,0x2e,
  0x34,0x39,0x20,0x31,0x39,0x6c,0x2d,0x34,0x2e,0x39,0x39,0x2d,0x35,0x7a,0x6d,0x2d,
  0x36,0x20,0x30,0x43,0x37,0x2e,0x30,0x31,0x20,0x31,0x34,0x20,0x35,0x20,0x31,0x31,
  0x2e,0x39,0x39,0x20,0x35,0x20,0x39,0x2e,0x35,0x53,0x37,0x2e,0x30,0x31,0x20,0x35,
  0x20,0x39,0x2e,0x35,0x20,0x35,0x20,0x31,0x34,0x20,0x37,0x2e,0x30,0x31,0x20,0x31,
  0x34,0x20,0x39,0x2e,0x35,0x20,0x31,0x31,0x2e,0x39,0x39,0x20,0x31,0x34,0x20,0x39,
  0x2e,0x35,0x20,0x31,0x34,0x7a,0x22,0x2f,0x3e,0xa,0x20,0x3c,0x70,0x61,0x74,0x68,
  0x20,0x64,0x3d,0x22,0x6d,0x31,0x33,0x20,0x31,0x30,0x68,0x2d,0x33,0x76,0x33,0x68,
  0x2d,0x31,0x76,0x2d,0x33,0x68,0x2d,0x33,0x76,0x2d,0x31,0x68,0x33,0x76,0x2d,0x33,
  0x68,0x31,0x76,0x33,0x68,0x33,0x7a,0x22,0x2f,0x3e,0xa,0x3c,0x2f,0x73,0x76,0x67,
  0x3e,0xa,
    // /home/wangyunxin2/workspace/omnetpp-6.0/src/qtenv/icons/tools/findobj.svg
  0x0,0x0,0x1,0x88,
  0x3c,
  0x73,0x76,0x67,0x20,0x78,0x6d,0x6c,0x6e,0x73,0x3d,0x22,0x68,0x74,0x74,0x70,0x3a,
  0x2f,0x2f,0x77,0x77,0x77,0x2e,0x77,0x33,0x2e,0x6f,0x72,0x67,0x2f,0x32,0x30,0x30,
  0x30,0x2f,0x73,0x76,0x67,0x22,0x20,0x76,0x69,0x65,0x77,0x42,0x6f,0x78,0x3d,0x22,
  0x30,0x20,0x30,0x20,0x32,0x34,0x20,0x32,0x34,0x22,0x20,0x66,0x69,0x6c,0x6c,0x3d,
  0x22,0x23,0x34,0x30,0x34,0x30,0x34,0x30,0x22,0x20,0x77,0x69,0x64,0x74,0x68,0x3d,
  0x22,0x32,0x34,0x70,0x78,0x22,0x20,0x68,0x65,0x69,0x67,0x68,0x74,0x3d,0x22,0x32,
  0x34,0x70,0x78,0x22,0x3e,0x3c,0x70,0x61,0x74,0x68,0x20,0x64,0x3d,0x22,0x4d,0x30,
  0x20,0x30,0x68,0x32,0x34,0x76,0x32,0x34,0x48,0x30,0x7a,0x22,0x20,0x66,0x69,0x6c,
  0x6c,0x3d,0x22,0x6e,0x6f,0x6e,0x65,0x22,0x2f,0x3e,0x3c,0x70,0x61,0x74,0x68,0x20,
  0x64,0x3d,0x22,0x4d,0x31,0x35,0x2e,0x35,0x20,0x31,0x34,0x68,0x2d,0x2e,0x37,0x39,
  0x6c,0x2d,0x2e,0x32,0x38,0x2d,0x2e,0x32,0x37,0x43,0x31,0x35,0x2e,0x34,0x31,0x20,
  0x31,0x32,0x2e,0x35,0x39,0x20,0x31,0x36,0x20,0x31,0x31,0x2e,0x31,0x31,0x20,0x31,
  0x36,0x20,0x39,0x2e,0x35,0x20,0x31,0x36,0x20,0x35,0x2e,0x39,0x31,0x20,0x31,0x33,
  0x2e,0x30,0x39,0x20,0x33,0x20,0x39,0x2e,0x35,0x20,0x33,0x53,0x33,0x20,0x35,0x2e,
  0x39,0x31,0x20,0x33,0x20,0x39,0x2e,0x35,0x20,0x35,0x2e,0x39,0x31,0x20,0x31,0x36,
  0x20,0x39,0x2e,0x35,0x20,0x31,0x36,0x63,0x31,0x2e,0x36,0x31,0x20,0x30,0x20,0x33,
  0x2e,0x30,0x39,0x2d,0x2e,0x35,0x39,0x20,0x34,0x2e,0x32,0x33,0x2d,0x31,0x2e,0x35,
  0x37,0x6c,0x2e,0x32,0x37,0x2e,0x32,0x38,0x76,0x2e,0x37,0x39,0x6c,0x35,0x20,0x34,
  0x2e,0x39,0x39,0x4c,0x32,0x30,0x2e,0x34,0x39,0x20,0x31,0x39,0x6c,0x2d,0x34,0x2e,
  0x39,0x39,0x2d,0x35,0x7a,0x6d,0x2d,0x36,0x20,0x30,0x43,0x37,0x2e,0x30,0x31,0x20,
  0x31,0x34,0x20,0x35,0x20,0x31,0x31,0x2e,0x39,0x39,0x20,0x35,0x20,0x39,0x2e,0x35,
  0x53,0x37,0x2e,0x30,0x31,0x20,0x35,0x20,0x39,0x2e,0x35,0x20,0x35,0x20,0x31,0x34,
  0x20,0x37,0x2e,0x30,0x31,0x20,0x31,0x34,0x20,0x39,0x2e,0x35,0x20,0x31,0x31,0x2e,
  0x39,0x39,0x20,0x31,0x34,0x20,0x39,0x2e,0x35,0x20,0x31,0x34,0x7a,0x22,0x2f,0x3e,
  0x3c,0x2f,0x73,0x76,0x67,0x3e,0xa,
    // /home/wangyunxin2/workspace/omnetpp-6.0/src/qtenv/icons/tools/redraw.svg
  0x0,0x0,0x1,0xf9,
  0x3c,
  0x73,0x76,0x67,0x20,0x78,0x6d,0x6c,0x6e,0x73,0x3d,0x22,0x68,0x74,0x74,0x70,0x3a,
  0x2f,0x2f,0x77,0x77,0x77,0x2e,0x77,0x33,0x2e,0x6f,0x72,0x67,0x2f,0x32,0x30,0x30,
  0x30,0x2f,0x73,0x76,0x67,0x22,0x20,0x76,0x69,0x65,0x77,0x42,0x6f,0x78,0x3d,0x22,
  0x30,0x20,0x30,0x20,0x32,0x34,0x20,0x32,0x34,0x22,0x20,0x66,0x69,0x6c,0x6c,0x3d,
  0x22,0x23,0x34,0x30,0x34,0x30,0x34,0x30,0x22,0x20,0x77,0x69,0x64,0x74,0x68,0x3d,
  0x22,0x32,0x34,0x70,0x78,0x22,0x20,0x68,0x65,0x69,0x67,0x68,0x74,0x3d,0x22,0x32,
  0x34,0x70,0x78,0x22,0x3e,0x3c,0x70,0x61,0x74,0x68,0x20,0x64,0x3d,0x22,0x4d,0x30,
  0x20,0x30,0x68,0x32,0x34,0x76,0x32,0x34,0x48,0x30,0x56,0x30,0x7a,0x22,0x20,0x66,
  0x69,0x6c,0x6c,0x3d,0x22,0x6e,0x6f,0x6e,0x65,0x22,0x2f,0x3e,0x3c,0x70,0x61,0x74,
  0x68,0x20,0x64,0x3d,0x22,0x4d,0x31,0x34,0x20,0x32,0x48,0x36,0x63,0x2d,0x31,0x2e,
  0x31,0x20,0x30,0x2d,0x31,0x2e,0x39,0x39,0x2e,0x39,0x2d,0x31,0x2e,0x39,0x39,0x20,
  0x32,0x4c,0x34,0x20,0x32,0x30,0x63,0x30,0x20,0x31,0x2e,0x31,0x2e,0x38,0x39,0x20,
  0x32,0x20,0x31,0x2e,0x39,0x39,0x20,0x32,0x48,0x31,0x38,0x63,0x31,0x2e,0x31,0x20,
  0x30,0x20,0x32,0x2d,0x2e,0x39,0x20,0x32,0x2d,0x32,0x56,0x38,0x6c,0x2d,0x36,0x2d,
  0x36,0x7a,0x6d,0x34,0x20,0x31,0x38,0x48,0x36,0x56,0x34,0x68,0x37,0x2e,0x31,0x37,
  0x4c,0x31,0x38,0x20,0x38,0x2e,0x38,0x33,0x56,0x32,0x30,0x7a,0x6d,0x2d,0x39,0x2e,
  0x35,0x35,0x2d,0x39,0x2e,0x34,0x33,0x4c,0x37,0x2e,0x32,0x38,0x20,0x39,0x2e,0x34,
  0x56,0x31,0x33,0x68,0x33,0x2e,0x36,0x6c,0x2d,0x31,0x2e,0x34,0x34,0x2d,0x31,0x2e,
  0x34,0x34,0x63,0x2e,0x35,0x32,0x2d,0x31,0x2e,0x30,0x31,0x20,0x31,0x2e,0x35,0x38,
  0x2d,0x31,0x2e,0x37,0x31,0x20,0x32,0x2e,0x37,0x39,0x2d,0x31,0x2e,0x37,0x31,0x20,
  0x31,0x2e,0x37,0x34,0x20,0x30,0x20,0x33,0x2e,0x31,0x35,0x20,0x31,0x2e,0x34,0x31,
  0x20,0x33,0x2e,0x31,0x35,0x20,0x33,0x2e,0x31,0x35,0x73,0x2d,0x31,0x2e,0x34,0x31,
  0x20,0x33,0x2e,0x31,0x35,0x2d,0x33,0x2e,0x31,0x35,0x20,0x33,0x2e,0x31,0x35,0x63,
  0x2d,0x31,0x2e,0x30,0x37,0x20,0x30,0x2d,0x32,0x2e,0x30,0x32,0x2d,0x2e,0x35,0x34,
  0x2d,0x32,0x2e,0x35,0x38,0x2d,0x31,0x2e,0x33,0x35,0x48,0x38,0x2e,0x31,0x63,0x2e,
  0x36,0x39,0x20,0x31,0x2e,0x35,0x38,0x20,0x32,0x2e,0x32,0x38,0x20,0x32,0x2e,0x37,
  0x20,0x34,0x2e,0x31,0x32,0x20,0x32,0x2e,0x37,0x20,0x32,0x2e,0x34,0x38,0x20,0x30,
  0x20,0x34,0x2e,0x35,0x2d,0x32,0x2e,0x30,0x32,0x20,0x34,0x2e,0x35,0x2d,0x34,0x2e,
  0x35,0x73,0x2d,0x32,0x2e,0x30,0x32,0x2d,0x34,0x2e,0x35,0x2d,0x34,0x2e,0x35,0x2d,
  0x34,0x2e,0x35,0x63,0x2d,0x31,0x2e,0x35,0x39,0x20,0x30,0x2d,0x32,0x2e,0x39,0x37,
  0x2e,0x38,0x33,0x2d,0x33,0x2e,0x37,0x37,0x20,0x32,0x2e,0x30,0x37,0x7a,0x22,0x2f,
  0x3e,0x3c,0x2f,0x73,0x76,0x67,0x3e,0xa,
    // /home/wangyunxin2/workspace/omnetpp-6.0/src/qtenv/icons/tools/save.svg
  0x0,0x0,0x1,0x44,
  0x3c,
  0x73,0x76,0x67,0x20,0x78,0x6d,0x6c,0x6e,0x73,0x3d,0x22,0x68,0x74,0x74,0x70,0x3a,
  0x2f,0x2f,0x77,0x77,0x77,0x2e,0x77,0x33,0x2e,0x6f,0x72,0x67,0x2f,0x32,0x30,0x30,
  0x30,0x2f,0x73,0x76,0x67,0x22,0x20,0x76,0x69,0x65,0x77,0x42,0x6f,0x78,0x3d,0x22,
  0x30,0x20,0x30,0x20,0x32,0x34,0x20,0x32,0x34,0x22,0x20,0x66,0x69,0x6c,0x6c,0x3d,
  0x22,0x23,0x34,0x30,0x34,0x30,0x34,0x30,0x22,0x20,0x77,0x69,0x64,0x74,0x68,0x3d,
  0x22,0x32,0x34,0x70,0x78,0x22,0x20,0x68,0x65,0x69,0x67,0x68,0x74,0x3d,0x22,0x32,
  0x34,0x70,0x78,0x22,0x3e,0x3c,0x70,0x61,0x74,0x68,0x20,0x64,0x3d,0x22,0x4d,0x30,
  0x20,0x30,0x68,0x32,0x34,0x76,0x32,0x34,0x48,0x30,0x56,0x30,0x7a,0x22,0x20,0x66,
  0x69,0x6c,0x6c,0x3d,0x22,0x6e,0x6f,0x6e,0x65,0x22,0x2f,0x3e,0x3c,0x70,0x61,0x74,
  0x68,0x20,0x64,0x3d,0x22,0x4d,0x31,0x37,0x20,0x33,0x48,0x35,0x63,0x2d,0x31,0x2e,
  0x31,0x31,0x20,0x30,0x2d,0x32,0x20,0x2e,0x39,0x2d,0x32,0x20,0x32,0x76,0x31,0x34,
  0x63,0x30,0x20,0x31,0x2e,0x31,0x2e,0x38,0x39,0x20,0x32,0x20,0x32,0x20,0x32,0x68,
  0x31,0x34,0x63,0x31,0x2e,0x31,0x20,0x30,0x20,0x32,0x2d,0x2e,0x39,0x20,0x32,0x2d,
  0x32,0x56,0x37,0x6c,0x2d,0x34,0x2d,0x34,0x7a,0x6d,0x32,0x20,0x31,0x36,0x48,0x35,
  0x56,0x35,0x68,0x31,0x31,0x2e,0x31,0x37,0x4c,0x31,0x39,0x20,0x37,0x2e,0x38,0x33,
  0x56,0x31,0x39,0x7a,0x6d,0x2d,0x37,0x2d,0x37,0x63,0x2d,0x31,0x2e,0x36,0x36,0x20,
  0x30,0x2d,0x33,0x20,0x31,0x2e,0x33,0x34,0x2d,0x33,0x20,0x33,0x73,0x31,0x2e,0x33,
  0x34,0x20,0x33,0x20,0x33,0x20,0x33,0x20,0x33,0x2d,0x31,0x2e,0x33,0x34,0x20,0x33,
  0x2d,0x33,0x2d,0x31,0x2e,0x33,0x34,0x2d,0x33,0x2d,0x33,0x2d,0x33,0x7a,0x4d,0x36,
  0x20,0x36,0x68,0x39,0x76,0x34,0x48,0x36,0x7a,0x22,0x2f,0x3e,0x3c,0x2f,0x73,0x76,
  0x67,0x3e,0xa,
    // /home/wangyunxin2/workspace/omnetpp-6.0/src/qtenv/icons/tools/filter.svg
  0x0,0x0,0x1,0xc0,
  0x3c,
  0x73,0x76,0x67,0x20,0x69,0x64,0x3d,0x22,0x6d,0x64,0x69,0x2d,0x66,0x69,0x6c,0x74,
  0x65,0x72,0x2d,0x6f,0x75,0x74,0x6c,0x69,0x6e,0x65,0x22,0x20,0x76,0x65,0x72,0x73,
  0x69,0x6f,0x6e,0x3d,0x22,0x31,0x2e,0x31,0x22,0x20,0x76,0x69,0x65,0x77,0x42,0x6f,
  0x78,0x3d,0x22,0x30,0x20,0x30,0x20,0x32,0x34,0x20,0x32,0x34,0x22,0x20,0x78,0x6d,
  0x6c,0x6e,0x73,0x3d,0x22,0x68,0x74,0x74,0x70,0x3a,0x2f,0x2f,0x77,0x77,0x77,0x2e,
  0x77,0x33,0x2e,0x6f,0x72,0x67,0x2f,0x32,0x30,0x30,0x30,0x2f,0x73,0x76,0x67,0x22,
  0x20,0x66,0x69,0x6c,0x6c,0x3d,0x22,0x23,0x34,0x30,0x34,0x30,0x34,0x30,0x22,0x3e,
  0xa,0x20,0x20,0x3c,0x70,0x61,0x74,0x68,0x20,0x64,0x3d,0x22,0x6d,0x31,0x35,0x20,
  0x31,0x39,0x2e,0x38,0x38,0x63,0x30,0x2e,0x30,0x34,0x20,0x30,0x2e,0x33,0x2d,0x30,
  0x2e,0x30,0x36,0x20,0x30,0x2e,0x36,0x32,0x2d,0x30,0x2e,0x32,0x39,0x20,0x30,0x2e,
  0x38,0x33,0x2d,0x30,0x2e,0x33,0x39,0x20,0x30,0x2e,0x33,0x39,0x2d,0x31,0x2e,0x30,
  0x32,0x20,0x30,0x2e,0x33,0x39,0x2d,0x31,0x2e,0x34,0x31,0x20,0x30,0x6c,0x2d,0x34,
  0x2e,0x30,0x31,0x2d,0x34,0x2e,0x30,0x31,0x63,0x2d,0x30,0x2e,0x32,0x33,0x2d,0x30,
  0x2e,0x32,0x33,0x2d,0x30,0x2e,0x33,0x33,0x2d,0x30,0x2e,0x35,0x34,0x2d,0x30,0x2e,
  0x32,0x39,0x2d,0x30,0x2e,0x38,0x33,0x76,0x2d,0x35,0x2e,0x31,0x32,0x6c,0x2d,0x34,
  0x2e,0x37,0x39,0x2d,0x36,0x2e,0x31,0x33,0x63,0x2d,0x30,0x2e,0x33,0x34,0x2d,0x30,
  0x2e,0x34,0x33,0x2d,0x30,0x2e,0x32,0x36,0x2d,0x31,0x2e,0x30,0x36,0x20,0x30,0x2e,
  0x31,0x37,0x2d,0x31,0x2e,0x34,0x20,0x30,0x2e,0x31,0x39,0x2d,0x30,0x2e,0x31,0x34,
  0x20,0x30,0x2e,0x34,0x2d,0x30,0x2e,0x32,0x32,0x20,0x30,0x2e,0x36,0x32,0x2d,0x30,
  0x2e,0x32,0x32,0x68,0x31,0x34,0x63,0x30,0x2e,0x32,0x32,0x20,0x30,0x20,0x30,0x2e,
  0x34,0x33,0x20,0x30,0x2e,0x30,0x38,0x20,0x30,0x2e,0x36,0x32,0x20,0x30,0x2e,0x32,
  0x32,0x20,0x30,0x2e,0x34,0x33,0x20,0x30,0x2e,0x33,0x34,0x20,0x30,0x2e,0x35,0x31,
  0x20,0x30,0x2e,0x39,0x37,0x20,0x30,0x2e,0x31,0x37,0x20,0x31,0x2e,0x34,0x6c,0x2d,
  0x34,0x2e,0x37,0x39,0x20,0x36,0x2e,0x31,0x33,0x76,0x39,0x2e,0x31,0x33,0x6d,0x2d,
  0x37,0x2e,0x39,0x36,0x2d,0x31,0x34,0x2e,0x38,0x38,0x20,0x33,0x2e,0x39,0x36,0x20,
  0x35,0x2e,0x30,0x36,0x76,0x35,0x2e,0x35,0x32,0x6c,0x32,0x20,0x32,0x76,0x2d,0x37,
  0x2e,0x35,0x33,0x6c,0x33,0x2e,0x39,0x36,0x2d,0x35,0x2e,0x30,0x35,0x68,0x2d,0x39,
  0x2e,0x39,0x32,0x7a,0x22,0x2f,0x3e,0xa,0x3c,0x2f,0x73,0x76,0x67,0x3e,0xa,
    // /home/wangyunxin2/workspace/omnetpp-6.0/src/qtenv/icons/tools/debugger.svg
  0x0,0x0,0x3,0x3b,
  0x3c,
  0x73,0x76,0x67,0x20,0x78,0x6d,0x6c,0x6e,0x73,0x3d,0x22,0x68,0x74,0x74,0x70,0x3a,
  0x2f,0x2f,0x77,0x77,0x77,0x2e,0x77,0x33,0x2e,0x6f,0x72,0x67,0x2f,0x32,0x30,0x30,
  0x30,0x2f,0x73,0x76,0x67,0x22,0x20,0x76,0x69,0x65,0x77,0x42,0x6f,0x78,0x3d,0x22,
  0x30,0x20,0x30,0x20,0x32,0x34,0x20,0x32,0x34,0x22,0x20,0x66,0x69,0x6c,0x6c,0x3d,
  0x22,0x23,0x34,0x30,0x34,0x30,0x34,0x30,0x22,0x20,0x77,0x69,0x64,0x74,0x68,0x3d,
  0x22,0x32,0x34,0x70,0x78,0x22,0x20,0x68,0x65,0x69,0x67,0x68,0x74,0x3d,0x22,0x32,
  0x34,0x70,0x78,0x22,0x3e,0x3c,0x70,0x61,0x74,0x68,0x20,0x64,0x3d,0x22,0x4d,0x30,
  0x20,0x30,0x68,0x32,0x34,0x76,0x32,0x34,0x48,0x30,0x56,0x30,0x7a,0x22,0x20,0x66,
  0x69,0x6c,0x6c,0x3d,0x22,0x6e,0x6f,0x6e,0x65,0x22,0x2f,0x3e,0x3c,0x70,0x61,0x74,
  0x68,0x20,0x64,0x3d,0x22,0x4d,0x32,0x30,0x20,0x38,0x68,0x2d,0x32,0x2e,0x38,0x31,
  0x63,0x2d,0x2e,0x34,0x35,0x2d,0x2e,0x37,0x38,0x2d,0x31,0x2e,0x30,0x37,0x2d,0x31,
  0x2e,0x34,0x35,0x2d,0x31,0x2e,0x38,0x32,0x2d,0x31,0x2e,0x39,0x36,0x4c,0x31,0x37,
  0x20,0x34,0x2e,0x34,0x31,0x20,0x31,0x35,0x2e,0x35,0x39,0x20,0x33,0x6c,0x2d,0x32,
  0x2e,0x31,0x37,0x20,0x32,0x2e,0x31,0x37,0x43,0x31,0x32,0x2e,0x39,0x36,0x20,0x35,
  0x2e,0x30,0x36,0x20,0x31,0x32,0x2e,0x34,0x39,0x20,0x35,0x20,0x31,0x32,0x20,0x35,
  0x73,0x2d,0x2e,0x39,0x36,0x2e,0x30,0x36,0x2d,0x31,0x2e,0x34,0x31,0x2e,0x31,0x37,
  0x4c,0x38,0x2e,0x34,0x31,0x20,0x33,0x20,0x37,0x20,0x34,0x2e,0x34,0x31,0x6c,0x31,
  0x2e,0x36,0x32,0x20,0x31,0x2e,0x36,0x33,0x43,0x37,0x2e,0x38,0x38,0x20,0x36,0x2e,
  0x35,0x35,0x20,0x37,0x2e,0x32,0x36,0x20,0x37,0x2e,0x32,0x32,0x20,0x36,0x2e,0x38,
  0x31,0x20,0x38,0x48,0x34,0x76,0x32,0x68,0x32,0x2e,0x30,0x39,0x63,0x2d,0x2e,0x30,
  0x35,0x2e,0x33,0x33,0x2d,0x2e,0x30,0x39,0x2e,0x36,0x36,0x2d,0x2e,0x30,0x39,0x20,
  0x31,0x76,0x31,0x48,0x34,0x76,0x32,0x68,0x32,0x76,0x31,0x63,0x30,0x20,0x2e,0x33,
  0x34,0x2e,0x30,0x34,0x2e,0x36,0x37,0x2e,0x30,0x39,0x20,0x31,0x48,0x34,0x76,0x32,
  0x68,0x32,0x2e,0x38,0x31,0x63,0x31,0x2e,0x30,0x34,0x20,0x31,0x2e,0x37,0x39,0x20,
  0x32,0x2e,0x39,0x37,0x20,0x33,0x20,0x35,0x2e,0x31,0x39,0x20,0x33,0x73,0x34,0x2e,
  0x31,0x35,0x2d,0x31,0x2e,0x32,0x31,0x20,0x35,0x2e,0x31,0x39,0x2d,0x33,0x48,0x32,
  0x30,0x76,0x2d,0x32,0x68,0x2d,0x32,0x2e,0x30,0x39,0x63,0x2e,0x30,0x35,0x2d,0x2e,
  0x33,0x33,0x2e,0x30,0x39,0x2d,0x2e,0x36,0x36,0x2e,0x30,0x39,0x2d,0x31,0x76,0x2d,
  0x31,0x68,0x32,0x76,0x2d,0x32,0x68,0x2d,0x32,0x76,0x2d,0x31,0x63,0x30,0x2d,0x2e,
  0x33,0x34,0x2d,0x2e,0x30,0x34,0x2d,0x2e,0x36,0x37,0x2d,0x2e,0x30,0x39,0x2d,0x31,
  0x48,0x32,0x30,0x56,0x38,0x7a,0x6d,0x2d,0x34,0x20,0x34,0x76,0x33,0x63,0x30,0x20,
  0x2e,0x32,0x32,0x2d,0x2e,0x30,0x33,0x2e,0x34,0x37,0x2d,0x2e,0x30,0x37,0x2e,0x37,
  0x6c,0x2d,0x2e,0x31,0x2e,0x36,0x35,0x2d,0x2e,0x33,0x37,0x2e,0x36,0x35,0x63,0x2d,
  0x2e,0x37,0x32,0x20,0x31,0x2e,0x32,0x34,0x2d,0x32,0x2e,0x30,0x34,0x20,0x32,0x2d,
  0x33,0x2e,0x34,0x36,0x20,0x32,0x73,0x2d,0x32,0x2e,0x37,0x34,0x2d,0x2e,0x37,0x37,
  0x2d,0x33,0x2e,0x34,0x36,0x2d,0x32,0x6c,0x2d,0x2e,0x33,0x37,0x2d,0x2e,0x36,0x34,
  0x2d,0x2e,0x31,0x2d,0x2e,0x36,0x35,0x43,0x38,0x2e,0x30,0x33,0x20,0x31,0x35,0x2e,
  0x34,0x38,0x20,0x38,0x20,0x31,0x35,0x2e,0x32,0x33,0x20,0x38,0x20,0x31,0x35,0x76,
  0x2d,0x34,0x63,0x30,0x2d,0x2e,0x32,0x33,0x2e,0x30,0x33,0x2d,0x2e,0x34,0x38,0x2e,
  0x30,0x37,0x2d,0x2e,0x37,0x6c,0x2e,0x31,0x2d,0x2e,0x36,0x35,0x2e,0x33,0x37,0x2d,
  0x2e,0x36,0x35,0x63,0x2e,0x33,0x2d,0x2e,0x35,0x32,0x2e,0x37,0x32,0x2d,0x2e,0x39,
  0x37,0x20,0x31,0x2e,0x32,0x31,0x2d,0x31,0x2e,0x33,0x31,0x6c,0x2e,0x35,0x37,0x2d,
  0x2e,0x33,0x39,0x2e,0x37,0x34,0x2d,0x2e,0x31,0x38,0x63,0x2e,0x33,0x31,0x2d,0x2e,
  0x30,0x38,0x2e,0x36,0x33,0x2d,0x2e,0x31,0x32,0x2e,0x39,0x34,0x2d,0x2e,0x31,0x32,
  0x2e,0x33,0x32,0x20,0x30,0x20,0x2e,0x36,0x33,0x2e,0x30,0x34,0x2e,0x39,0x35,0x2e,
  0x31,0x32,0x6c,0x2e,0x36,0x38,0x2e,0x31,0x36,0x2e,0x36,0x31,0x2e,0x34,0x32,0x63,
  0x2e,0x35,0x2e,0x33,0x34,0x2e,0x39,0x31,0x2e,0x37,0x38,0x20,0x31,0x2e,0x32,0x31,
  0x20,0x31,0x2e,0x33,0x31,0x6c,0x2e,0x33,0x38,0x2e,0x36,0x35,0x2e,0x31,0x2e,0x36,
  0x35,0x63,0x2e,0x30,0x34,0x2e,0x32,0x32,0x2e,0x30,0x37,0x2e,0x34,0x37,0x2e,0x30,
  0x37,0x2e,0x36,0x39,0x76,0x31,0x7a,0x6d,0x2d,0x36,0x20,0x32,0x68,0x34,0x76,0x32,
  0x68,0x2d,0x34,0x7a,0x6d,0x30,0x2d,0x34,0x68,0x34,0x76,0x32,0x68,0x2d,0x34,0x7a,
  0x22,0x2f,0x3e,0x3c,0x2f,0x73,0x76,0x67,0x3e,0xa,
    // /home/wangyunxin2/workspace/omnetpp-6.0/src/qtenv/icons/tools/copy.svg
  0x0,0x0,0x1,0x1d,
  0x3c,
  0x73,0x76,0x67,0x20,0x78,0x6d,0x6c,0x6e,0x73,0x3d,0x22,0x68,0x74,0x74,0x70,0x3a,
  0x2f,0x2f,0x77,0x77,0x77,0x2e,0x77,0x33,0x2e,0x6f,0x72,0x67,0x2f,0x32,0x30,0x30,
  0x30,0x2f,0x73,0x76,0x67,0x22,0x20,0x76,0x69,0x65,0x77,0x42,0x6f,0x78,0x3d,0x22,
  0x30,0x20,0x30,0x20,0x32,0x34,0x20,0x32,0x34,0x22,0x20,0x66,0x69,0x6c,0x6c,0x3d,
  0x22,0x23,0x34,0x30,0x34,0x30,0x34,0x30,0x22,0x20,0x77,0x69,0x64,0x74,0x68,0x3d,
  0x22,0x32,0x34,0x70,0x78,0x22,0x20,0x68,0x65,0x69,0x67,0x68,0x74,0x3d,0x22,0x32,
  0x34,0x70,0x78,0x22,0x3e,0x3c,0x70,0x61,0x74,0x68,0x20,0x64,0x3d,0x22,0x4d,0x30,
  0x20,0x30,0x68,0x32,0x34,0x76,0x32,0x34,0x48,0x30,0x7a,0x22,0x20,0x66,0x69,0x6c,
  0x6c,0x3d,0x22,0x6e,0x6f,0x6e,0x65,0x22,0x2f,0x3e,0x3c,0x70,0x61,0x74,0x68,0x20,
  0x64,0x3d,0x22,0x4d,0x31,0x36,0x20,0x31,0x48,0x34,0x63,0x2d,0x31,0x2e,0x31,0x20,
  0x30,0x2d,0x32,0x20,0x2e,0x39,0x2d,0x32,0x20,0x32,0x76,0x31,0x34,0x68,0x32,0x56,
  0x33,0x68,0x31,0x32,0x56,0x31,0x7a,0x6d,0x33,0x20,0x34,0x48,0x38,0x63,0x2d,0x31,
  0x2e,0x31,0x20,0x30,0x2d,0x32,0x20,0x2e,0x39,0x2d,0x32,0x20,0x32,0x76,0x31,0x34,
  0x63,0x30,0x20,0x31,0x2e,0x31,0x2e,0x39,0x20,0x32,0x20,0x32,0x20,0x32,0x68,0x31,
  0x31,0x63,0x31,0x2e,0x31,0x20,0x30,0x20,0x32,0x2d,0x2e,0x39,0x20,0x32,0x2d,0x32,
  0x56,0x37,0x63,0x30,0x2d,0x31,0x2e,0x31,0x2d,0x2e,0x39,0x2d,0x32,0x2d,0x32,0x2d,
  0x32,0x7a,0x6d,0x30,0x20,0x31,0x36,0x48,0x38,0x56,0x37,0x68,0x31,0x31,0x76,0x31,
  0x34,0x7a,0x22,0x2f,0x3e,0x3c,0x2f,0x73,0x76,0x67,0x3e,0xa,
    // /home/wangyunxin2/workspace/omnetpp-6.0/src/qtenv/icons/tools/mfast.svg
  0x0,0x0,0x1,0x43,
  0x3c,
  0x73,0x76,0x67,0x20,0x66,0x69,0x6c,0x6c,0x3d,0x22,0x23,0x33,0x37,0x39,0x31,0x34,
  0x33,0x22,0x20,0x73,0x74,0x72,0x6f,0x6b,0x65,0x3d,0x22,0x23,0x33,0x37,0x39,0x31,
  0x34,0x33,0x22,0x20,0x73,0x74,0x72,0x6f,0x6b,0x65,0x2d,0x77,0x69,0x64,0x74,0x68,
  0x3d,0x22,0x30,0x22,0x20,0x76,0x65,0x72,0x73,0x69,0x6f,0x6e,0x3d,0x22,0x31,0x2e,
  0x31,0x22,0x20,0x76,0x69,0x65,0x77,0x42,0x6f,0x78,0x3d,0x22,0x30,0x20,0x30,0x20,
  0x32,0x34,0x20,0x32,0x34,0x22,0x20,0x78,0x6d,0x6c,0x6e,0x73,0x3d,0x22,0x68,0x74,
  0x74,0x70,0x3a,0x2f,0x2f,0x77,0x77,0x77,0x2e,0x77,0x33,0x2e,0x6f,0x72,0x67,0x2f,
  0x32,0x30,0x30,0x30,0x2f,0x73,0x76,0x67,0x22,0x3e,0x3c,0x70,0x61,0x74,0x68,0x20,
  0x64,0x3d,0x22,0x6d,0x30,0x20,0x30,0x68,0x32,0x34,0x76,0x32,0x34,0x68,0x2d,0x32,
  0x34,0x7a,0x22,0x20,0x66,0x69,0x6c,0x6c,0x3d,0x22,0x6e,0x6f,0x6e,0x65,0x22,0x2f,
  0x3e,0x3c,0x70,0x61,0x74,0x68,0x20,0x64,0x3d,0x22,0x6d,0x31,0x20,0x31,0x38,0x20,
  0x38,0x2d,0x36,0x2d,0x38,0x2d,0x36,0x7a,0x22,0x2f,0x3e,0x3c,0x63,0x69,0x72,0x63,
  0x6c,0x65,0x20,0x63,0x78,0x3d,0x22,0x31,0x38,0x22,0x20,0x63,0x79,0x3d,0x22,0x31,
  0x32,0x22,0x20,0x72,0x3d,0x22,0x32,0x22,0x2f,0x3e,0x3c,0x72,0x65,0x63,0x74,0x20,
  0x78,0x3d,0x22,0x31,0x34,0x22,0x20,0x79,0x3d,0x22,0x37,0x22,0x20,0x77,0x69,0x64,
  0x74,0x68,0x3d,0x22,0x38,0x22,0x20,0x68,0x65,0x69,0x67,0x68,0x74,0x3d,0x22,0x31,
  0x30,0x22,0x20,0x66,0x69,0x6c,0x6c,0x3d,0x22,0x6e,0x6f,0x6e,0x65,0x22,0x20,0x73,
  0x74,0x72,0x6f,0x6b,0x65,0x2d,0x77,0x69,0x64,0x74,0x68,0x3d,0x22,0x32,0x22,0x2f,
  0x3e,0x3c,0x70,0x61,0x74,0x68,0x20,0x64,0x3d,0x22,0x6d,0x37,0x20,0x31,0x38,0x20,
  0x38,0x2d,0x36,0x2d,0x38,0x2d,0x36,0x7a,0x22,0x2f,0x3e,0x3c,0x2f,0x73,0x76,0x67,
  0x3e,0xa,
    // /home/wangyunxin2/workspace/omnetpp-6.0/src/qtenv/icons/tools/zoomout.svg
  0x0,0x0,0x1,0xa7,
  0x3c,
  0x73,0x76,0x67,0x20,0x66,0x69,0x6c,0x6c,0x3d,0x22,0x23,0x34,0x30,0x34,0x30,0x34,
  0x30,0x22,0x20,0x76,0x65,0x72,0x73,0x69,0x6f,0x6e,0x3d,0x22,0x31,0x2e,0x31,0x22,
  0x20,0x76,0x69,0x65,0x77,0x42,0x6f,0x78,0x3d,0x22,0x30,0x20,0x30,0x20,0x32,0x34,
  0x20,0x32,0x34,0x22,0x20,0x78,0x6d,0x6c,0x6e,0x73,0x3d,0x22,0x68,0x74,0x74,0x70,
  0x3a,0x2f,0x2f,0x77,0x77,0x77,0x2e,0x77,0x33,0x2e,0x6f,0x72,0x67,0x2f,0x32,0x30,
  0x30,0x30,0x2f,0x73,0x76,0x67,0x22,0x3e,0xa,0x20,0x3c,0x70,0x61,0x74,0x68,0x20,
  0x64,0x3d,0x22,0x4d,0x30,0x20,0x30,0x68,0x32,0x34,0x76,0x32,0x34,0x48,0x30,0x56,
  0x30,0x7a,0x22,0x20,0x66,0x69,0x6c,0x6c,0x3d,0x22,0x6e,0x6f,0x6e,0x65,0x22,0x2f,
  0x3e,0xa,0x20,0x3c,0x70,0x61,0x74,0x68,0x20,0x64,0x3d,0x22,0x6d,0x31,0x35,0x2e,
  0x35,0x20,0x31,0x34,0x68,0x2d,0x30,0x2e,0x37,0x39,0x6c,0x2d,0x30,0x2e,0x32,0x38,
  0x2d,0x30,0x2e,0x32,0x37,0x63,0x30,0x2e,0x39,0x38,0x2d,0x31,0x2e,0x31,0x34,0x20,
  0x31,0x2e,0x35,0x37,0x2d,0x32,0x2e,0x36,0x32,0x20,0x31,0x2e,0x35,0x37,0x2d,0x34,
  0x2e,0x32,0x33,0x20,0x30,0x2d,0x33,0x2e,0x35,0x39,0x2d,0x32,0x2e,0x39,0x31,0x2d,
  0x36,0x2e,0x35,0x2d,0x36,0x2e,0x35,0x2d,0x36,0x2e,0x35,0x73,0x2d,0x36,0x2e,0x35,
  0x20,0x32,0x2e,0x39,0x31,0x2d,0x36,0x2e,0x35,0x20,0x36,0x2e,0x35,0x20,0x32,0x2e,
  0x39,0x31,0x20,0x36,0x2e,0x35,0x20,0x36,0x2e,0x35,0x20,0x36,0x2e,0x35,0x63,0x31,
  0x2e,0x36,0x31,0x20,0x30,0x20,0x33,0x2e,0x30,0x39,0x2d,0x30,0x2e,0x35,0x39,0x20,
  0x34,0x2e,0x32,0x33,0x2d,0x31,0x2e,0x35,0x37,0x6c,0x30,0x2e,0x32,0x37,0x20,0x30,
  0x2e,0x32,0x38,0x76,0x30,0x2e,0x37,0x39,0x6c,0x35,0x20,0x34,0x2e,0x39,0x39,0x20,
  0x31,0x2e,0x34,0x39,0x2d,0x31,0x2e,0x34,0x39,0x7a,0x6d,0x2d,0x36,0x20,0x30,0x63,
  0x2d,0x32,0x2e,0x34,0x39,0x20,0x30,0x2d,0x34,0x2e,0x35,0x2d,0x32,0x2e,0x30,0x31,
  0x2d,0x34,0x2e,0x35,0x2d,0x34,0x2e,0x35,0x73,0x32,0x2e,0x30,0x31,0x2d,0x34,0x2e,
  0x35,0x20,0x34,0x2e,0x35,0x2d,0x34,0x2e,0x35,0x20,0x34,0x2e,0x35,0x20,0x32,0x2e,
  0x30,0x31,0x20,0x34,0x2e,0x35,0x20,0x34,0x2e,0x35,0x2d,0x32,0x2e,0x30,0x31,0x20,
  0x34,0x2e,0x35,0x2d,0x34,0x2e,0x35,0x20,0x34,0x2e,0x35,0x7a,0x6d,0x2d,0x33,0x2e,
  0x35,0x2d,0x35,0x68,0x37,0x76,0x31,0x68,0x2d,0x37,0x7a,0x22,0x2f,0x3e,0xa,0x3c,
  0x2f,0x73,0x76,0x67,0x3e,0xa,
    // /home/wangyunxin2/workspace/omnetpp-6.0/src/qtenv/icons/tools/express.svg
  0x0,0x0,0x0,0xe7,
  0x3c,
  0x73,0x76,0x67,0x20,0x66,0x69,0x6c,0x6c,0x3d,0x22,0x23,0x33,0x37,0x39,0x31,0x34,
  0x33,0x22,0x20,0x76,0x65,0x72,0x73,0x69,0x6f,0x6e,0x3d,0x22,0x31,0x2e,0x31,0x22,
  0x20,0x76,0x69,0x65,0x77,0x42,0x6f,0x78,0x3d,0x22,0x30,0x20,0x30,0x20,0x32,0x34,
  0x20,0x32,0x34,0x22,0x20,0x78,0x6d,0x6c,0x6e,0x73,0x3d,0x22,0x68,0x74,0x74,0x70,
  0x3a,0x2f,0x2f,0x77,0x77,0x77,0x2e,0x77,0x33,0x2e,0x6f,0x72,0x67,0x2f,0x32,0x30,
  0x30,0x30,0x2f,0x73,0x76,0x67,0x22,0x3e,0x3c,0x70,0x61,0x74,0x68,0x20,0x64,0x3d,
  0x22,0x4d,0x30,0x20,0x30,0x68,0x32,0x34,0x76,0x32,0x34,0x48,0x30,0x7a,0x22,0x20,
  0x66,0x69,0x6c,0x6c,0x3d,0x22,0x6e,0x6f,0x6e,0x65,0x22,0x2f,0x3e,0x3c,0x67,0x3e,
  0x3c,0x70,0x61,0x74,0x68,0x20,0x64,0x3d,0x22,0x6d,0x31,0x20,0x31,0x38,0x20,0x38,
  0x2e,0x35,0x2d,0x36,0x2d,0x38,0x2e,0x35,0x2d,0x36,0x7a,0x22,0x2f,0x3e,0x3c,0x70,
  0x61,0x74,0x68,0x20,0x64,0x3d,0x22,0x6d,0x38,0x20,0x31,0x38,0x20,0x38,0x2e,0x35,
  0x2d,0x36,0x2d,0x38,0x2e,0x35,0x2d,0x36,0x7a,0x22,0x2f,0x3e,0x3c,0x70,0x61,0x74,
  0x68,0x20,0x64,0x3d,0x22,0x6d,0x31,0x35,0x20,0x31,0x38,0x20,0x38,0x2e,0x35,0x2d,
  0x36,0x2d,0x38,0x2e,0x35,0x2d,0x36,0x7a,0x22,0x2f,0x3e,0x3c,0x2f,0x67,0x3e,0x3c,
  0x2f,0x73,0x76,0x67,0x3e,0xa,
    // /home/wangyunxin2/workspace/omnetpp-6.0/src/qtenv/icons/tools/treemode_inher.svg
  0x0,0x0,0x1,0x22,
  0x3c,
  0x73,0x76,0x67,0x20,0x66,0x69,0x6c,0x6c,0x3d,0x22,0x23,0x34,0x30,0x34,0x30,0x34,
  0x30,0x22,0x20,0x76,0x65,0x72,0x73,0x69,0x6f,0x6e,0x3d,0x22,0x31,0x2e,0x31,0x22,
  0x20,0x76,0x69,0x65,0x77,0x42,0x6f,0x78,0x3d,0x22,0x30,0x20,0x30,0x20,0x32,0x34,
  0x20,0x32,0x34,0x22,0x20,0x78,0x6d,0x6c,0x6e,0x73,0x3d,0x22,0x68,0x74,0x74,0x70,
  0x3a,0x2f,0x2f,0x77,0x77,0x77,0x2e,0x77,0x33,0x2e,0x6f,0x72,0x67,0x2f,0x32,0x30,
  0x30,0x30,0x2f,0x73,0x76,0x67,0x22,0x3e,0xa,0x20,0x20,0x3c,0x70,0x61,0x74,0x68,
  0x20,0x64,0x3d,0x22,0x6d,0x33,0x20,0x32,0x76,0x34,0x68,0x37,0x2e,0x38,0x38,0x34,
  0x38,0x6c,0x2d,0x33,0x2e,0x35,0x36,0x38,0x34,0x20,0x35,0x2e,0x39,0x35,0x33,0x31,
  0x68,0x33,0x2e,0x36,0x30,0x33,0x35,0x76,0x36,0x2e,0x30,0x34,0x36,0x39,0x68,0x2d,
  0x37,0x2e,0x39,0x31,0x39,0x39,0x76,0x34,0x68,0x32,0x76,0x2d,0x32,0x68,0x31,0x34,
  0x76,0x32,0x68,0x32,0x76,0x2d,0x34,0x68,0x2d,0x37,0x2e,0x39,0x31,0x39,0x39,0x76,
  0x2d,0x36,0x2e,0x30,0x34,0x36,0x39,0x68,0x33,0x2e,0x36,0x30,0x33,0x35,0x6c,0x2d,
  0x33,0x2e,0x35,0x36,0x38,0x34,0x2d,0x35,0x2e,0x39,0x35,0x33,0x31,0x68,0x37,0x2e,
  0x38,0x38,0x34,0x38,0x76,0x2d,0x34,0x68,0x2d,0x32,0x76,0x32,0x68,0x2d,0x31,0x34,
  0x76,0x2d,0x32,0x68,0x2d,0x32,0x7a,0x6d,0x39,0x20,0x35,0x2e,0x38,0x35,0x31,0x36,
  0x20,0x31,0x2e,0x33,0x31,0x36,0x34,0x20,0x32,0x2e,0x31,0x39,0x35,0x33,0x68,0x2d,
  0x32,0x2e,0x36,0x33,0x32,0x38,0x6c,0x31,0x2e,0x33,0x31,0x36,0x34,0x2d,0x32,0x2e,
  0x31,0x39,0x35,0x33,0x7a,0x22,0x20,0x2f,0x3e,0xa,0x3c,0x2f,0x73,0x76,0x67,0x3e,
  0xa,
    // /home/wangyunxin2/workspace/omnetpp-6.0/src/qtenv/icons/tools/until.svg
  0x0,0x0,0x1,0x0,
  0x3c,
  0x73,0x76,0x67,0x20,0x66,0x69,0x6c,0x6c,0x3d,0x22,0x23,0x33,0x37,0x39,0x31,0x34,
  0x33,0x22,0x20,0x76,0x65,0x72,0x73,0x69,0x6f,0x6e,0x3d,0x22,0x31,0x2e,0x31,0x22,
  0x20,0x76,0x69,0x65,0x77,0x42,0x6f,0x78,0x3d,0x22,0x30,0x20,0x30,0x20,0x32,0x34,
  0x20,0x32,0x34,0x22,0x20,0x78,0x6d,0x6c,0x6e,0x73,0x3d,0x22,0x68,0x74,0x74,0x70,
  0x3a,0x2f,0x2f,0x77,0x77,0x77,0x2e,0x77,0x33,0x2e,0x6f,0x72,0x67,0x2f,0x32,0x30,
  0x30,0x30,0x2f,0x73,0x76,0x67,0x22,0x3e,0x3c,0x67,0x3e,0x3c,0x70,0x61,0x74,0x68,
  0x20,0x64,0x3d,0x22,0x4d,0x30,0x20,0x30,0x68,0x32,0x34,0x76,0x32,0x34,0x48,0x30,
  0x7a,0x22,0x20,0x66,0x69,0x6c,0x6c,0x3d,0x22,0x6e,0x6f,0x6e,0x65,0x22,0x2f,0x3e,
  0x3c,0x70,0x61,0x74,0x68,0x20,0x64,0x3d,0x22,0x6d,0x32,0x2e,0x30,0x34,0x35,0x20,
  0x31,0x38,0x20,0x38,0x2e,0x35,0x2d,0x36,0x2d,0x38,0x2e,0x35,0x2d,0x36,0x7a,0x6d,
  0x31,0x37,0x2e,0x39,0x35,0x35,0x2d,0x31,0x32,0x76,0x31,0x32,0x68,0x32,0x76,0x2d,
  0x31,0x32,0x7a,0x22,0x2f,0x3e,0x3c,0x63,0x69,0x72,0x63,0x6c,0x65,0x20,0x63,0x78,
  0x3d,0x22,0x31,0x34,0x22,0x20,0x63,0x79,0x3d,0x22,0x31,0x32,0x22,0x20,0x72,0x3d,
  0x22,0x32,0x22,0x2f,0x3e,0x3c,0x63,0x69,0x72,0x63,0x6c,0x65,0x20,0x63,0x78,0x3d,
  0x22,0x32,0x30,0x22,0x20,0x63,0x79,0x3d,0x22,0x31,0x32,0x22,0x20,0x72,0x3d,0x22,
  0x32,0x22,0x2f,0x3e,0x3c,0x2f,0x67,0x3e,0x3c,0x2f,0x73,0x76,0x67,0x3e,0xa,
    // /home/wangyunxin2/workspace/omnetpp-6.0/src/qtenv/icons/tools/newrun.svg
  0x0,0x0,0x1,0x0,
  0x3c,
  0x73,0x76,0x67,0x20,0x78,0x6d,0x6c,0x6e,0x73,0x3d,0x22,0x68,0x74,0x74,0x70,0x3a,
  0x2f,0x2f,0x77,0x77,0x77,0x2e,0x77,0x33,0x2e,0x6f,0x72,0x67,0x2f,0x32,0x30,0x30,
  0x30,0x2f,0x73,0x76,0x67,0x22,0x20,0x76,0x69,0x65,0x77,0x42,0x6f,0x78,0x3d,0x22,
  0x30,0x20,0x30,0x20,0x32,0x34,0x20,0x32,0x34,0x22,0x20,0x66,0x69,0x6c,0x6c,0x3d,
  0x22,0x23,0x34,0x30,0x34,0x30,0x34,0x30,0x22,0x20,0x77,0x69,0x64,0x74,0x68,0x3d,
  0x22,0x32,0x34,0x70,0x78,0x22,0x20,0x68,0x65,0x69,0x67,0x68,0x74,0x3d,0x22,0x32,
  0x34,0x70,0x78,0x22,0x3e,0x3c,0x70,0x61,0x74,0x68,0x20,0x64,0x3d,0x22,0x4d,0x30,
  0x20,0x30,0x68,0x32,0x34,0x76,0x32,0x34,0x48,0x30,0x56,0x30,0x7a,0x22,0x20,0x66,
  0x69,0x6c,0x6c,0x3d,0x22,0x6e,0x6f,0x6e,0x65,0x22,0x2f,0x3e,0x3c,0x70,0x61,0x74,
  0x68,0x20,0x64,0x3d,0x22,0x4d,0x31,0x34,0x20,0x32,0x48,0x36,0x63,0x2d,0x31,0x2e,
  0x31,0x20,0x30,0x2d,0x31,0x2e,0x39,0x39,0x2e,0x39,0x2d,0x31,0x2e,0x39,0x39,0x20,
  0x32,0x4c,0x34,0x20,0x32,0x30,0x63,0x30,0x20,0x31,0x2e,0x31,0x2e,0x38,0x39,0x20,
  0x32,0x20,0x31,0x2e,0x39,0x39,0x20,0x32,0x48,0x31,0x38,0x63,0x31,0x2e,0x31,0x20,
  0x30,0x20,0x32,0x2d,0x2e,0x39,0x20,0x32,0x2d,0x32,0x56,0x38,0x6c,0x2d,0x36,0x2d,
  0x36,0x7a,0x4d,0x36,0x20,0x32,0x30,0x56,0x34,0x68,0x37,0x76,0x35,0x68,0x35,0x76,
  0x31,0x31,0x48,0x36,0x7a,0x22,0x2f,0x3e,0x3c,0x2f,0x73,0x76,0x67,0x3e,0xa,
    // /home/wangyunxin2/workspace/omnetpp-6.0/src/qtenv/icons/tools/modulegraphics.svg
  0x0,0x0,0x1,0x56,
  0x3c,
  0x73,0x76,0x67,0x20,0x65,0x6e,0x61,0x62,0x6c,0x65,0x2d,0x62,0x61,0x63,0x6b,0x67,
  0x72,0x6f,0x75,0x6e,0x64,0x3d,0x22,0x6e,0x65,0x77,0x20,0x30,0x20,0x30,0x20,0x32,
  0x34,0x20,0x32,0x34,0x22,0x20,0x66,0x69,0x6c,0x6c,0x3d,0x22,0x23,0x34,0x30,0x34,
  0x30,0x34,0x30,0x22,0x20,0x76,0x65,0x72,0x73,0x69,0x6f,0x6e,0x3d,0x22,0x31,0x2e,
  0x31,0x22,0x20,0x76,0x69,0x65,0x77,0x42,0x6f,0x78,0x3d,0x22,0x30,0x20,0x30,0x20,
  0x32,0x34,0x20,0x32,0x34,0x22,0x20,0x78,0x6d,0x6c,0x6e,0x73,0x3d,0x22,0x68,0x74,
  0x74,0x70,0x3a,0x2f,0x2f,0x77,0x77,0x77,0x2e,0x77,0x33,0x2e,0x6f,0x72,0x67,0x2f,
  0x32,0x30,0x30,0x30,0x2f,0x73,0x76,0x67,0x22,0x3e,0x3c,0x72,0x65,0x63,0x74,0x20,
  0x77,0x69,0x64,0x74,0x68,0x3d,0x22,0x32,0x34,0x22,0x20,0x68,0x65,0x69,0x67,0x68,
  0x74,0x3d,0x22,0x32,0x34,0x22,0x20,0x66,0x69,0x6c,0x6c,0x3d,0x22,0x6e,0x6f,0x6e,
  0x65,0x22,0x2f,0x3e,0x3c,0x70,0x61,0x74,0x68,0x20,0x64,0x3d,0x22,0x6d,0x32,0x32,
  0x20,0x31,0x31,0x76,0x2d,0x38,0x68,0x2d,0x37,0x76,0x33,0x68,0x2d,0x34,0x76,0x2d,
  0x33,0x68,0x2d,0x39,0x76,0x39,0x2e,0x39,0x36,0x34,0x38,0x63,0x32,0x2e,0x37,0x38,
  0x32,0x33,0x20,0x30,0x2e,0x30,0x33,0x38,0x38,0x32,0x20,0x30,0x2e,0x33,0x38,0x30,
  0x34,0x33,0x20,0x30,0x2e,0x30,0x33,0x35,0x31,0x37,0x37,0x20,0x34,0x20,0x30,0x2e,
  0x30,0x33,0x35,0x31,0x37,0x37,0x76,0x35,0x68,0x39,0x76,0x33,0x68,0x37,0x76,0x2d,
  0x38,0x68,0x2d,0x37,0x76,0x33,0x68,0x2d,0x37,0x76,0x2d,0x33,0x68,0x33,0x76,0x2d,
  0x35,0x68,0x34,0x76,0x33,0x7a,0x6d,0x2d,0x31,0x33,0x20,0x30,0x2d,0x35,0x2d,0x30,
  0x2e,0x30,0x33,0x35,0x31,0x37,0x37,0x76,0x2d,0x35,0x2e,0x39,0x36,0x34,0x38,0x68,
  0x35,0x7a,0x6d,0x38,0x20,0x34,0x68,0x33,0x76,0x34,0x68,0x2d,0x33,0x7a,0x6d,0x30,
  0x2d,0x31,0x30,0x68,0x33,0x76,0x34,0x68,0x2d,0x33,0x7a,0x22,0x2f,0x3e,0x3c,0x2f,
  0x73,0x76,0x67,0x3e,0xa,
    // /home/wangyunxin2/workspace/omnetpp-6.0/src/qtenv/icons/tools/inspectas.svg
  0x0,0x0,0x2,0x60,
  0x3c,
  0x73,0x76,0x67,0x20,0x78,0x6d,0x6c,0x6e,0x73,0x3d,0x22,0x68,0x74,0x74,0x70,0x3a,
  0x2f,0x2f,0x77,0x77,0x77,0x2e,0x77,0x33,0x2e,0x6f,0x72,0x67,0x2f,0x32,0x30,0x30,
  0x30,0x2f,0x73,0x76,0x67,0x22,0x20,0x65,0x6e,0x61,0x62,0x6c,0x65,0x2d,0x62,0x61,
  0x63,0x6b,0x67,0x72,0x6f,0x75,0x6e,0x64,0x3d,0x22,0x6e,0x65,0x77,0x20,0x30,0x20,
  0x30,0x20,0x32,0x34,0x20,0x32,0x34,0x22,0x20,0x76,0x69,0x65,0x77,0x42,0x6f,0x78,
  0x3d,0x22,0x30,0x20,0x30,0x20,0x32,0x34,0x20,0x32,0x34,0x22,0x20,0x66,0x69,0x6c,
  0x6c,0x3d,0x22,0x23,0x34,0x30,0x34,0x30,0x34,0x30,0x22,0x20,0x77,0x69,0x64,0x74,
  0x68,0x3d,0x22,0x32,0x34,0x70,0x78,0x22,0x20,0x68,0x65,0x69,0x67,0x68,0x74,0x3d,
  0x22,0x32,0x34,0x70,0x78,0x22,0x3e,0x3c,0x67,0x3e,0x3c,0x72,0x65,0x63,0x74,0x20,
  0x66,0x69,0x6c,0x6c,0x3d,0x22,0x6e,0x6f,0x6e,0x65,0x22,0x20,0x68,0x65,0x69,0x67,
  0x68,0x74,0x3d,0x22,0x32,0x34,0x22,0x20,0x77,0x69,0x64,0x74,0x68,0x3d,0x22,0x32,
  0x34,0x22,0x2f,0x3e,0x3c,0x70,0x61,0x74,0x68,0x20,0x64,0x3d,0x22,0x4d,0x31,0x39,
  0x2c,0x33,0x48,0x35,0x43,0x33,0x2e,0x38,0x39,0x2c,0x33,0x2c,0x33,0x2c,0x33,0x2e,
  0x39,0x2c,0x33,0x2c,0x35,0x76,0x31,0x34,0x63,0x30,0x2c,0x31,0x2e,0x31,0x2c,0x30,
  0x2e,0x38,0x39,0x2c,0x32,0x2c,0x32,0x2c,0x32,0x68,0x31,0x34,0x63,0x31,0x2e,0x31,
  0x2c,0x30,0x2c,0x32,0x2d,0x30,0x2e,0x39,0x2c,0x32,0x2d,0x32,0x56,0x35,0x43,0x32,
  0x31,0x2c,0x33,0x2e,0x39,0x2c,0x32,0x30,0x2e,0x31,0x31,0x2c,0x33,0x2c,0x31,0x39,
  0x2c,0x33,0x7a,0x20,0x4d,0x31,0x39,0x2c,0x31,0x39,0x48,0x35,0x56,0x37,0x68,0x31,
  0x34,0x56,0x31,0x39,0x7a,0x20,0x4d,0x31,0x33,0x2e,0x35,0x2c,0x31,0x33,0x20,0x63,
  0x30,0x2c,0x30,0x2e,0x38,0x33,0x2d,0x30,0x2e,0x36,0x37,0x2c,0x31,0x2e,0x35,0x2d,
  0x31,0x2e,0x35,0x2c,0x31,0x2e,0x35,0x73,0x2d,0x31,0x2e,0x35,0x2d,0x30,0x2e,0x36,
  0x37,0x2d,0x31,0x2e,0x35,0x2d,0x31,0x2e,0x35,0x63,0x30,0x2d,0x30,0x2e,0x38,0x33,
  0x2c,0x30,0x2e,0x36,0x37,0x2d,0x31,0x2e,0x35,0x2c,0x31,0x2e,0x35,0x2d,0x31,0x2e,
  0x35,0x53,0x31,0x33,0x2e,0x35,0x2c,0x31,0x32,0x2e,0x31,0x37,0x2c,0x31,0x33,0x2e,
  0x35,0x2c,0x31,0x33,0x7a,0x20,0x4d,0x31,0x32,0x2c,0x39,0x63,0x2d,0x32,0x2e,0x37,
  0x33,0x2c,0x30,0x2d,0x35,0x2e,0x30,0x36,0x2c,0x31,0x2e,0x36,0x36,0x2d,0x36,0x2c,
  0x34,0x20,0x63,0x30,0x2e,0x39,0x34,0x2c,0x32,0x2e,0x33,0x34,0x2c,0x33,0x2e,0x32,
  0x37,0x2c,0x34,0x2c,0x36,0x2c,0x34,0x73,0x35,0x2e,0x30,0x36,0x2d,0x31,0x2e,0x36,
  0x36,0x2c,0x36,0x2d,0x34,0x43,0x31,0x37,0x2e,0x30,0x36,0x2c,0x31,0x30,0x2e,0x36,
  0x36,0x2c,0x31,0x34,0x2e,0x37,0x33,0x2c,0x39,0x2c,0x31,0x32,0x2c,0x39,0x7a,0x20,
  0x4d,0x31,0x32,0x2c,0x31,0x35,0x2e,0x35,0x63,0x2d,0x31,0x2e,0x33,0x38,0x2c,0x30,
  0x2d,0x32,0x2e,0x35,0x2d,0x31,0x2e,0x31,0x32,0x2d,0x32,0x2e,0x35,0x2d,0x32,0x2e,
  0x35,0x63,0x30,0x2d,0x31,0x2e,0x33,0x38,0x2c,0x31,0x2e,0x31,0x32,0x2d,0x32,0x2e,
  0x35,0x2c,0x32,0x2e,0x35,0x2d,0x32,0x2e,0x35,0x20,0x63,0x31,0x2e,0x33,0x38,0x2c,
  0x30,0x2c,0x32,0x2e,0x35,0x2c,0x31,0x2e,0x31,0x32,0x2c,0x32,0x2e,0x35,0x2c,0x32,
  0x2e,0x35,0x43,0x31,0x34,0x2e,0x35,0x2c,0x31,0x34,0x2e,0x33,0x38,0x2c,0x31,0x33,
  0x2e,0x33,0x38,0x2c,0x31,0x35,0x2e,0x35,0x2c,0x31,0x32,0x2c,0x31,0x35,0x2e,0x35,
  0x7a,0x22,0x2f,0x3e,0x3c,0x2f,0x67,0x3e,0x3c,0x2f,0x73,0x76,0x67,0x3e,0xa,
    // /home/wangyunxin2/workspace/omnetpp-6.0/src/qtenv/icons/tools/fes.svg
  0x0,0x0,0x2,0x1b,
  0x3c,
  0x73,0x76,0x67,0x20,0x78,0x6d,0x6c,0x6e,0x73,0x3d,0x22,0x68,0x74,0x74,0x70,0x3a,
  0x2f,0x2f,0x77,0x77,0x77,0x2e,0x77,0x33,0x2e,0x6f,0x72,0x67,0x2f,0x32,0x30,0x30,
  0x30,0x2f,0x73,0x76,0x67,0x22,0x20,0x65,0x6e,0x61,0x62,0x6c,0x65,0x2d,0x62,0x61,
  0x63,0x6b,0x67,0x72,0x6f,0x75,0x6e,0x64,0x3d,0x22,0x6e,0x65,0x77,0x20,0x30,0x20,
  0x30,0x20,0x32,0x34,0x20,0x32,0x34,0x22,0x20,0x76,0x69,0x65,0x77,0x42,0x6f,0x78,
  0x3d,0x22,0x30,0x20,0x30,0x20,0x32,0x34,0x20,0x32,0x34,0x22,0x20,0x66,0x69,0x6c,
  0x6c,0x3d,0x22,0x23,0x34,0x30,0x34,0x30,0x34,0x30,0x22,0x20,0x77,0x69,0x64,0x74,
  0x68,0x3d,0x22,0x32,0x34,0x70,0x78,0x22,0x20,0x68,0x65,0x69,0x67,0x68,0x74,0x3d,
  0x22,0x32,0x34,0x70,0x78,0x22,0x3e,0x3c,0x67,0x3e,0x3c,0x72,0x65,0x63,0x74,0x20,
  0x66,0x69,0x6c,0x6c,0x3d,0x22,0x6e,0x6f,0x6e,0x65,0x22,0x20,0x68,0x65,0x69,0x67,
  0x68,0x74,0x3d,0x22,0x32,0x34,0x22,0x20,0x77,0x69,0x64,0x74,0x68,0x3d,0x22,0x32,
  0x34,0x22,0x2f,0x3e,0x3c,0x2f,0x67,0x3e,0x3c,0x67,0x3e,0x3c,0x67,0x3e,0x3c,0x67,
  0x3e,0x3c,0x70,0x61,0x74,0x68,0x20,0x64,0x3d,0x22,0x4d,0x31,0x39,0x2e,0x35,0x2c,
  0x39,0x2e,0x35,0x63,0x2d,0x31,0x2e,0x30,0x33,0x2c,0x30,0x2d,0x31,0x2e,0x39,0x2c,
  0x30,0x2e,0x36,0x32,0x2d,0x32,0x2e,0x32,0x39,0x2c,0x31,0x2e,0x35,0x68,0x2d,0x32,
  0x2e,0x39,0x32,0x43,0x31,0x33,0x2e,0x39,0x2c,0x31,0x30,0x2e,0x31,0x32,0x2c,0x31,
  0x33,0x2e,0x30,0x33,0x2c,0x39,0x2e,0x35,0x2c,0x31,0x32,0x2c,0x39,0x2e,0x35,0x73,
  0x2d,0x31,0x2e,0x39,0x2c,0x30,0x2e,0x36,0x32,0x2d,0x32,0x2e,0x32,0x39,0x2c,0x31,
  0x2e,0x35,0x48,0x36,0x2e,0x37,0x39,0x20,0x43,0x36,0x2e,0x34,0x2c,0x31,0x30,0x2e,
  0x31,0x32,0x2c,0x35,0x2e,0x35,0x33,0x2c,0x39,0x2e,0x35,0x2c,0x34,0x2e,0x35,0x2c,
  0x39,0x2e,0x35,0x43,0x33,0x2e,0x31,0x32,0x2c,0x39,0x2e,0x35,0x2c,0x32,0x2c,0x31,
  0x30,0x2e,0x36,0x32,0x2c,0x32,0x2c,0x31,0x32,0x73,0x31,0x2e,0x31,0x32,0x2c,0x32,
  0x2e,0x35,0x2c,0x32,0x2e,0x35,0x2c,0x32,0x2e,0x35,0x63,0x31,0x2e,0x30,0x33,0x2c,
  0x30,0x2c,0x31,0x2e,0x39,0x2d,0x30,0x2e,0x36,0x32,0x2c,0x32,0x2e,0x32,0x39,0x2d,
  0x31,0x2e,0x35,0x68,0x32,0x2e,0x39,0x32,0x63,0x30,0x2e,0x33,0x39,0x2c,0x30,0x2e,
  0x38,0x38,0x2c,0x31,0x2e,0x32,0x36,0x2c,0x31,0x2e,0x35,0x2c,0x32,0x2e,0x32,0x39,
  0x2c,0x31,0x2e,0x35,0x20,0x73,0x31,0x2e,0x39,0x2d,0x30,0x2e,0x36,0x32,0x2c,0x32,
  0x2e,0x32,0x39,0x2d,0x31,0x2e,0x35,0x68,0x32,0x2e,0x39,0x32,0x63,0x30,0x2e,0x33,
  0x39,0x2c,0x30,0x2e,0x38,0x38,0x2c,0x31,0x2e,0x32,0x36,0x2c,0x31,0x2e,0x35,0x2c,
  0x32,0x2e,0x32,0x39,0x2c,0x31,0x2e,0x35,0x63,0x31,0x2e,0x33,0x38,0x2c,0x30,0x2c,
  0x32,0x2e,0x35,0x2d,0x31,0x2e,0x31,0x32,0x2c,0x32,0x2e,0x35,0x2d,0x32,0x2e,0x35,
  0x53,0x32,0x30,0x2e,0x38,0x38,0x2c,0x39,0x2e,0x35,0x2c,0x31,0x39,0x2e,0x35,0x2c,
  0x39,0x2e,0x35,0x7a,0x22,0x2f,0x3e,0x3c,0x2f,0x67,0x3e,0x3c,0x2f,0x67,0x3e,0x3c,
  0x2f,0x67,0x3e,0x3c,0x2f,0x73,0x76,0x67,0x3e,0xa,
    // /home/wangyunxin2/workspace/omnetpp-6.0/src/qtenv/icons/tools/treemode_grouped.svg
  0x0,0x0,0x1,0x8a,
  0x3c,
  0x73,0x76,0x67,0x20,0x76,0x65,0x72,0x73,0x69,0x6f,0x6e,0x3d,0x22,0x31,0x2e,0x31,
  0x22,0x20,0x76,0x69,0x65,0x77,0x42,0x6f,0x78,0x3d,0x22,0x30,0x20,0x30,0x20,0x32,
  0x34,0x20,0x32,0x34,0x22,0x20,0x78,0x6d,0x6c,0x6e,0x73,0x3d,0x22,0x68,0x74,0x74,
  0x70,0x3a,0x2f,0x2f,0x77,0x77,0x77,0x2e,0x77,0x33,0x2e,0x6f,0x72,0x67,0x2f,0x32,
  0x30,0x30,0x30,0x2f,0x73,0x76,0x67,0x22,0x20,0x66,0x69,0x6c,0x6c,0x3d,0x22,0x23,
  0x34,0x30,0x34,0x30,0x34,0x30,0x22,0x3e,0x3c,0x70,0x61,0x74,0x68,0x20,0x64,0x3d,
  0x22,0x6d,0x34,0x20,0x32,0x2e,0x35,0x63,0x2d,0x30,0x2e,0x38,0x33,0x20,0x30,0x2d,
  0x31,0x2e,0x35,0x20,0x30,0x2e,0x36,0x37,0x2d,0x31,0x2e,0x35,0x20,0x31,0x2e,0x35,
  0x73,0x30,0x2e,0x36,0x37,0x20,0x31,0x2e,0x35,0x20,0x31,0x2e,0x35,0x20,0x31,0x2e,
  0x35,0x20,0x31,0x2e,0x35,0x2d,0x30,0x2e,0x36,0x37,0x20,0x31,0x2e,0x35,0x2d,0x31,
  0x2e,0x35,0x2d,0x30,0x2e,0x36,0x37,0x2d,0x31,0x2e,0x35,0x2d,0x31,0x2e,0x35,0x2d,
  0x31,0x2e,0x35,0x7a,0x6d,0x33,0x20,0x30,0x2e,0x35,0x76,0x32,0x68,0x31,0x34,0x76,
  0x2d,0x32,0x7a,0x22,0x2f,0x3e,0x3c,0x70,0x61,0x74,0x68,0x20,0x64,0x3d,0x22,0x6d,
  0x39,0x20,0x37,0x76,0x32,0x68,0x31,0x32,0x76,0x2d,0x32,0x7a,0x22,0x2f,0x3e,0x3c,
  0x70,0x61,0x74,0x68,0x20,0x64,0x3d,0x22,0x6d,0x39,0x20,0x31,0x31,0x76,0x32,0x68,
  0x31,0x32,0x76,0x2d,0x32,0x7a,0x22,0x2f,0x3e,0x3c,0x70,0x61,0x74,0x68,0x20,0x64,
  0x3d,0x22,0x6d,0x34,0x20,0x31,0x34,0x2e,0x35,0x63,0x2d,0x30,0x2e,0x38,0x33,0x20,
  0x30,0x2d,0x31,0x2e,0x35,0x20,0x30,0x2e,0x36,0x37,0x2d,0x31,0x2e,0x35,0x20,0x31,
  0x2e,0x35,0x73,0x30,0x2e,0x36,0x37,0x20,0x31,0x2e,0x35,0x20,0x31,0x2e,0x35,0x20,
  0x31,0x2e,0x35,0x20,0x31,0x2e,0x35,0x2d,0x30,0x2e,0x36,0x37,0x20,0x31,0x2e,0x35,
  0x2d,0x31,0x2e,0x35,0x2d,0x30,0x2e,0x36,0x37,0x2d,0x31,0x2e,0x35,0x2d,0x31,0x2e,
  0x35,0x2d,0x31,0x2e,0x35,0x7a,0x6d,0x33,0x20,0x30,0x2e,0x35,0x76,0x32,0x68,0x31,
  0x34,0x76,0x2d,0x32,0x7a,0x22,0x2f,0x3e,0x3c,0x70,0x61,0x74,0x68,0x20,0x64,0x3d,
  0x22,0x6d,0x39,0x20,0x31,0x39,0x76,0x32,0x68,0x31,0x32,0x76,0x2d,0x32,0x7a,0x22,
  0x2f,0x3e,0x3c,0x2f,0x73,0x76,0x67,0x3e,0xa,
    // /home/wangyunxin2/workspace/omnetpp-6.0/src/qtenv/icons/tools/rebuild.svg
  0x0,0x0,0x1,0x3,
  0x3c,
  0x73,0x76,0x67,0x20,0x78,0x6d,0x6c,0x6e,0x73,0x3d,0x22,0x68,0x74,0x74,0x70,0x3a,
  0x2f,0x2f,0x77,0x77,0x77,0x2e,0x77,0x33,0x2e,0x6f,0x72,0x67,0x2f,0x32,0x30,0x30,
  0x30,0x2f,0x73,0x76,0x67,0x22,0x20,0x76,0x69,0x65,0x77,0x42,0x6f,0x78,0x3d,0x22,
  0x30,0x20,0x30,0x20,0x32,0x34,0x20,0x32,0x34,0x22,0x20,0x66,0x69,0x6c,0x6c,0x3d,
  0x22,0x23,0x34,0x30,0x34,0x30,0x34,0x30,0x22,0x20,0x77,0x69,0x64,0x74,0x68,0x3d,
  0x22,0x32,0x34,0x70,0x78,0x22,0x20,0x68,0x65,0x69,0x67,0x68,0x74,0x3d,0x22,0x32,
  0x34,0x70,0x78,0x22,0x3e,0x3c,0x70,0x61,0x74,0x68,0x20,0x64,0x3d,0x22,0x4d,0x30,
  0x20,0x30,0x68,0x32,0x34,0x76,0x32,0x34,0x48,0x30,0x7a,0x22,0x20,0x66,0x69,0x6c,
  0x6c,0x3d,0x22,0x6e,0x6f,0x6e,0x65,0x22,0x2f,0x3e,0x3c,0x70,0x61,0x74,0x68,0x20,
  0x64,0x3d,0x22,0x4d,0x31,0x32,0x20,0x35,0x56,0x31,0x4c,0x37,0x20,0x36,0x6c,0x35,
  0x20,0x35,0x56,0x37,0x63,0x33,0x2e,0x33,0x31,0x20,0x30,0x20,0x36,0x20,0x32,0x2e,
  0x36,0x39,0x20,0x36,0x20,0x36,0x73,0x2d,0x32,0x2e,0x36,0x39,0x20,0x36,0x2d,0x36,
  0x20,0x36,0x2d,0x36,0x2d,0x32,0x2e,0x36,0x39,0x2d,0x36,0x2d,0x36,0x48,0x34,0x63,
  0x30,0x20,0x34,0x2e,0x34,0x32,0x20,0x33,0x2e,0x35,0x38,0x20,0x38,0x20,0x38,0x20,
  0x38,0x73,0x38,0x2d,0x33,0x2e,0x35,0x38,0x20,0x38,0x2d,0x38,0x2d,0x33,0x2e,0x35,
  0x38,0x2d,0x38,0x2d,0x38,0x2d,0x38,0x7a,0x22,0x2f,0x3e,0x3c,0x2f,0x73,0x76,0x67,
  0x3e,0xa,
    // /home/wangyunxin2/workspace/omnetpp-6.0/src/qtenv/icons/tools/config.svg
  0x0,0x0,0x4,0x23,
  0x3c,
  0x73,0x76,0x67,0x20,0x78,0x6d,0x6c,0x6e,0x73,0x3d,0x22,0x68,0x74,0x74,0x70,0x3a,
  0x2f,0x2f,0x77,0x77,0x77,0x2e,0x77,0x33,0x2e,0x6f,0x72,0x67,0x2f,0x32,0x30,0x30,
  0x30,0x2f,0x73,0x76,0x67,0x22,0x20,0x65,0x6e,0x61,0x62,0x6c,0x65,0x2d,0x62,0x61,
  0x63,0x6b,0x67,0x72,0x6f,0x75,0x6e,0x64,0x3d,0x22,0x6e,0x65,0x77,0x20,0x30,0x20,
  0x30,0x20,0x32,0x34,0x20,0x32,0x34,0x22,0x20,0x76,0x69,0x65,0x77,0x42,0x6f,0x78,
  0x3d,0x22,0x30,0x20,0x30,0x20,0x32,0x34,0x20,0x32,0x34,0x22,0x20,0x66,0x69,0x6c,
  0x6c,0x3d,0x22,0x23,0x34,0x30,0x34,0x30,0x34,0x30,0x22,0x20,0x77,0x69,0x64,0x74,
  0x68,0x3d,0x22,0x32,0x34,0x70,0x78,0x22,0x20,0x68,0x65,0x69,0x67,0x68,0x74,0x3d,
  0x22,0x32,0x34,0x70,0x78,0x22,0x3e,0x3c,0x67,0x3e,0x3c,0x70,0x61,0x74,0x68,0x20,
  0x64,0x3d,0x22,0x4d,0x30,0x2c,0x30,0x68,0x32,0x34,0x76,0x32,0x34,0x48,0x30,0x56,
  0x30,0x7a,0x22,0x20,0x66,0x69,0x6c,0x6c,0x3d,0x22,0x6e,0x6f,0x6e,0x65,0x22,0x2f,
  0x3e,0x3c,0x70,0x61,0x74,0x68,0x20,0x64,0x3d,0x22,0x4d,0x31,0x39,0x2e,0x31,0x34,
  0x2c,0x31,0x32,0x2e,0x39,0x34,0x63,0x30,0x2e,0x30,0x34,0x2d,0x30,0x2e,0x33,0x2c,
  0x30,0x2e,0x30,0x36,0x2d,0x30,0x2e,0x36,0x31,0x2c,0x30,0x2e,0x30,0x36,0x2d,0x30,
  0x2e,0x39,0x34,0x63,0x30,0x2d,0x30,0x2e,0x33,0x32,0x2d,0x30,0x2e,0x30,0x32,0x2d,
  0x30,0x2e,0x36,0x34,0x2d,0x30,0x2e,0x30,0x37,0x2d,0x30,0x2e,0x39,0x34,0x6c,0x32,
  0x2e,0x30,0x33,0x2d,0x31,0x2e,0x35,0x38,0x63,0x30,0x2e,0x31,0x38,0x2d,0x30,0x2e,
  0x31,0x34,0x2c,0x30,0x2e,0x32,0x33,0x2d,0x30,0x2e,0x34,0x31,0x2c,0x30,0x2e,0x31,
  0x32,0x2d,0x30,0x2e,0x36,0x31,0x20,0x6c,0x2d,0x31,0x2e,0x39,0x32,0x2d,0x33,0x2e,
  0x33,0x32,0x63,0x2d,0x30,0x2e,0x31,0x32,0x2d,0x30,0x2e,0x32,0x32,0x2d,0x30,0x2e,
  0x33,0x37,0x2d,0x30,0x2e,0x32,0x39,0x2d,0x30,0x2e,0x35,0x39,0x2d,0x30,0x2e,0x32,
  0x32,0x6c,0x2d,0x32,0x2e,0x33,0x39,0x2c,0x30,0x2e,0x39,0x36,0x63,0x2d,0x30,0x2e,
  0x35,0x2d,0x30,0x2e,0x33,0x38,0x2d,0x31,0x2e,0x30,0x33,0x2d,0x30,0x2e,0x37,0x2d,
  0x31,0x2e,0x36,0x32,0x2d,0x30,0x2e,0x39,0x34,0x4c,0x31,0x34,0x2e,0x34,0x2c,0x32,
  0x2e,0x38,0x31,0x63,0x2d,0x30,0x2e,0x30,0x34,0x2d,0x30,0x2e,0x32,0x34,0x2d,0x30,
  0x2e,0x32,0x34,0x2d,0x30,0x2e,0x34,0x31,0x2d,0x30,0x2e,0x34,0x38,0x2d,0x30,0x2e,
  0x34,0x31,0x20,0x68,0x2d,0x33,0x2e,0x38,0x34,0x63,0x2d,0x30,0x2e,0x32,0x34,0x2c,
  0x30,0x2d,0x30,0x2e,0x34,0x33,0x2c,0x30,0x2e,0x31,0x37,0x2d,0x30,0x2e,0x34,0x37,
  0x2c,0x30,0x2e,0x34,0x31,0x4c,0x39,0x2e,0x32,0x35,0x2c,0x35,0x2e,0x33,0x35,0x43,
  0x38,0x2e,0x36,0x36,0x2c,0x35,0x2e,0x35,0x39,0x2c,0x38,0x2e,0x31,0x32,0x2c,0x35,
  0x2e,0x39,0x32,0x2c,0x37,0x2e,0x36,0x33,0x2c,0x36,0x2e,0x32,0x39,0x4c,0x35,0x2e,
  0x32,0x34,0x2c,0x35,0x2e,0x33,0x33,0x63,0x2d,0x30,0x2e,0x32,0x32,0x2d,0x30,0x2e,
  0x30,0x38,0x2d,0x30,0x2e,0x34,0x37,0x2c,0x30,0x2d,0x30,0x2e,0x35,0x39,0x2c,0x30,
  0x2e,0x32,0x32,0x4c,0x32,0x2e,0x37,0x34,0x2c,0x38,0x2e,0x38,0x37,0x20,0x43,0x32,
  0x2e,0x36,0x32,0x2c,0x39,0x2e,0x30,0x38,0x2c,0x32,0x2e,0x36,0x36,0x2c,0x39,0x2e,
  0x33,0x34,0x2c,0x32,0x2e,0x38,0x36,0x2c,0x39,0x2e,0x34,0x38,0x6c,0x32,0x2e,0x30,
  0x33,0x2c,0x31,0x2e,0x35,0x38,0x43,0x34,0x2e,0x38,0x34,0x2c,0x31,0x31,0x2e,0x33,
  0x36,0x2c,0x34,0x2e,0x38,0x2c,0x31,0x31,0x2e,0x36,0x39,0x2c,0x34,0x2e,0x38,0x2c,
  0x31,0x32,0x73,0x30,0x2e,0x30,0x32,0x2c,0x30,0x2e,0x36,0x34,0x2c,0x30,0x2e,0x30,
  0x37,0x2c,0x30,0x2e,0x39,0x34,0x6c,0x2d,0x32,0x2e,0x30,0x33,0x2c,0x31,0x2e,0x35,
  0x38,0x20,0x63,0x2d,0x30,0x2e,0x31,0x38,0x2c,0x30,0x2e,0x31,0x34,0x2d,0x30,0x2e,
  0x32,0x33,0x2c,0x30,0x2e,0x34,0x31,0x2d,0x30,0x2e,0x31,0x32,0x2c,0x30,0x2e,0x36,
  0x31,0x6c,0x31,0x2e,0x39,0x32,0x2c,0x33,0x2e,0x33,0x32,0x63,0x30,0x2e,0x31,0x32,
  0x2c,0x30,0x2e,0x32,0x32,0x2c,0x30,0x2e,0x33,0x37,0x2c,0x30,0x2e,0x32,0x39,0x2c,
  0x30,0x2e,0x35,0x39,0x2c,0x30,0x2e,0x32,0x32,0x6c,0x32,0x2e,0x33,0x39,0x2d,0x30,
  0x2e,0x39,0x36,0x63,0x30,0x2e,0x35,0x2c,0x30,0x2e,0x33,0x38,0x2c,0x31,0x2e,0x30,
  0x33,0x2c,0x30,0x2e,0x37,0x2c,0x31,0x2e,0x36,0x32,0x2c,0x30,0x2e,0x39,0x34,0x6c,
  0x30,0x2e,0x33,0x36,0x2c,0x32,0x2e,0x35,0x34,0x20,0x63,0x30,0x2e,0x30,0x35,0x2c,
  0x30,0x2e,0x32,0x34,0x2c,0x30,0x2e,0x32,0x34,0x2c,0x30,0x2e,0x34,0x31,0x2c,0x30,
  0x2e,0x34,0x38,0x2c,0x30,0x2e,0x34,0x31,0x68,0x33,0x2e,0x38,0x34,0x63,0x30,0x2e,
  0x32,0x34,0x2c,0x30,0x2c,0x30,0x2e,0x34,0x34,0x2d,0x30,0x2e,0x31,0x37,0x2c,0x30,
  0x2e,0x34,0x37,0x2d,0x30,0x2e,0x34,0x31,0x6c,0x30,0x2e,0x33,0x36,0x2d,0x32,0x2e,
  0x35,0x34,0x63,0x30,0x2e,0x35,0x39,0x2d,0x30,0x2e,0x32,0x34,0x2c,0x31,0x2e,0x31,
  0x33,0x2d,0x30,0x2e,0x35,0x36,0x2c,0x31,0x2e,0x36,0x32,0x2d,0x30,0x2e,0x39,0x34,
  0x6c,0x32,0x2e,0x33,0x39,0x2c,0x30,0x2e,0x39,0x36,0x20,0x63,0x30,0x2e,0x32,0x32,
  0x2c,0x30,0x2e,0x30,0x38,0x2c,0x30,0x2e,0x34,0x37,0x2c,0x30,0x2c,0x30,0x2e,0x35,
  0x39,0x2d,0x30,0x2e,0x32,0x32,0x6c,0x31,0x2e,0x39,0x32,0x2d,0x33,0x2e,0x33,0x32,
  0x63,0x30,0x2e,0x31,0x32,0x2d,0x30,0x2e,0x32,0x32,0x2c,0x30,0x2e,0x30,0x37,0x2d,
  0x30,0x2e,0x34,0x37,0x2d,0x30,0x2e,0x31,0x32,0x2d,0x30,0x2e,0x36,0x31,0x4c,0x31,
  0x39,0x2e,0x31,0x34,0x2c,0x31,0x32,0x2e,0x39,0x34,0x7a,0x20,0x4d,0x31,0x32,0x2c,
  0x31,0x35,0x2e,0x36,0x63,0x2d,0x31,0x2e,0x39,0x38,0x2c,0x30,0x2d,0x33,0x2e,0x36,
  0x2d,0x31,0x2e,0x36,0x32,0x2d,0x33,0x2e,0x36,0x2d,0x33,0x2e,0x36,0x20,0x73,0x31,
  0x2e,0x36,0x32,0x2d,0x33,0x2e,0x36,0x2c,0x33,0x2e,0x36,0x2d,0x33,0x2e,0x36,0x73,
  0x33,0x2e,0x36,0x2c,0x31,0x2e,0x36,0x32,0x2c,0x33,0x2e,0x36,0x2c,0x33,0x2e,0x36,
  0x53,0x31,0x33,0x2e,0x39,0x38,0x2c,0x31,0x35,0x2e,0x36,0x2c,0x31,0x32,0x2c,0x31,
  0x35,0x2e,0x36,0x7a,0x22,0x2f,0x3e,0x3c,0x2f,0x67,0x3e,0x3c,0x2f,0x73,0x76,0x67,
  0x3e,0xa,
    // /home/wangyunxin2/workspace/omnetpp-6.0/src/qtenv/icons/tools/treemode_children.svg
  0x0,0x0,0x4,0x2a,
  0x3c,
  0x73,0x76,0x67,0x20,0x69,0x64,0x3d,0x22,0x6d,0x64,0x69,0x2d,0x67,0x72,0x61,0x70,
  0x68,0x22,0x20,0x76,0x65,0x72,0x73,0x69,0x6f,0x6e,0x3d,0x22,0x31,0x2e,0x31,0x22,
  0x20,0x76,0x69,0x65,0x77,0x42,0x6f,0x78,0x3d,0x22,0x30,0x20,0x30,0x20,0x32,0x34,
  0x20,0x32,0x34,0x22,0x20,0x78,0x6d,0x6c,0x6e,0x73,0x3d,0x22,0x68,0x74,0x74,0x70,
  0x3a,0x2f,0x2f,0x77,0x77,0x77,0x2e,0x77,0x33,0x2e,0x6f,0x72,0x67,0x2f,0x32,0x30,
  0x30,0x30,0x2f,0x73,0x76,0x67,0x22,0x20,0x66,0x69,0x6c,0x6c,0x3d,0x22,0x23,0x34,
  0x30,0x34,0x30,0x34,0x30,0x22,0x3e,0xa,0x20,0x20,0x3c,0x70,0x61,0x74,0x68,0x20,
  0x64,0x3d,0x22,0x6d,0x31,0x39,0x2e,0x35,0x20,0x31,0x37,0x63,0x2d,0x30,0x2e,0x31,
  0x33,0x20,0x30,0x2d,0x30,0x2e,0x32,0x36,0x20,0x30,0x2d,0x30,0x2e,0x33,0x39,0x20,
  0x30,0x2e,0x30,0x34,0x6c,0x2d,0x31,0x2e,0x36,0x31,0x2d,0x33,0x2e,0x32,0x35,0x63,
  0x30,0x2e,0x34,0x35,0x2d,0x30,0x2e,0x34,0x35,0x20,0x30,0x2e,0x37,0x35,0x2d,0x31,
  0x2e,0x30,0x38,0x20,0x30,0x2e,0x37,0x35,0x2d,0x31,0x2e,0x37,0x39,0x20,0x30,0x2d,
  0x31,0x2e,0x33,0x38,0x2d,0x31,0x2e,0x31,0x32,0x2d,0x32,0x2e,0x35,0x2d,0x32,0x2e,
  0x35,0x2d,0x32,0x2e,0x35,0x2d,0x30,0x2e,0x31,0x33,0x20,0x30,0x2d,0x30,0x2e,0x32,
  0x35,0x20,0x30,0x2d,0x30,0x2e,0x33,0x39,0x20,0x30,0x2e,0x30,0x34,0x6c,0x2d,0x31,
  0x2e,0x36,0x33,0x2d,0x33,0x2e,0x32,0x35,0x63,0x30,0x2e,0x34,0x38,0x2d,0x30,0x2e,
  0x34,0x35,0x20,0x30,0x2e,0x37,0x37,0x2d,0x31,0x2e,0x30,0x38,0x20,0x30,0x2e,0x37,
  0x37,0x2d,0x31,0x2e,0x37,0x39,0x20,0x30,0x2d,0x31,0x2e,0x33,0x38,0x2d,0x31,0x2e,
  0x31,0x32,0x2d,0x32,0x2e,0x35,0x2d,0x32,0x2e,0x35,0x2d,0x32,0x2e,0x35,0x73,0x2d,
  0x32,0x2e,0x35,0x20,0x31,0x2e,0x31,0x32,0x2d,0x32,0x2e,0x35,0x20,0x32,0x2e,0x35,
  0x63,0x30,0x20,0x30,0x2e,0x37,0x31,0x20,0x30,0x2e,0x32,0x39,0x20,0x31,0x2e,0x33,
  0x34,0x20,0x30,0x2e,0x37,0x36,0x20,0x31,0x2e,0x37,0x39,0x6c,0x2d,0x31,0x2e,0x36,
  0x32,0x20,0x33,0x2e,0x32,0x35,0x63,0x2d,0x30,0x2e,0x31,0x34,0x2d,0x30,0x2e,0x30,
  0x34,0x2d,0x30,0x2e,0x32,0x36,0x2d,0x30,0x2e,0x30,0x34,0x2d,0x30,0x2e,0x33,0x39,
  0x2d,0x30,0x2e,0x30,0x34,0x2d,0x31,0x2e,0x33,0x38,0x20,0x30,0x2d,0x32,0x2e,0x35,
  0x20,0x31,0x2e,0x31,0x32,0x2d,0x32,0x2e,0x35,0x20,0x32,0x2e,0x35,0x20,0x30,0x20,
  0x30,0x2e,0x37,0x31,0x20,0x30,0x2e,0x33,0x20,0x31,0x2e,0x33,0x34,0x20,0x30,0x2e,
  0x37,0x35,0x20,0x31,0x2e,0x37,0x39,0x6c,0x2d,0x31,0x2e,0x36,0x31,0x20,0x33,0x2e,
  0x32,0x35,0x63,0x2d,0x30,0x2e,0x31,0x33,0x2d,0x30,0x2e,0x30,0x34,0x2d,0x30,0x2e,
  0x32,0x36,0x2d,0x30,0x2e,0x30,0x34,0x2d,0x30,0x2e,0x33,0x39,0x2d,0x30,0x2e,0x30,
  0x34,0x2d,0x31,0x2e,0x33,0x38,0x20,0x30,0x2d,0x32,0x2e,0x35,0x20,0x31,0x2e,0x31,
  0x32,0x2d,0x32,0x2e,0x35,0x20,0x32,0x2e,0x35,0x73,0x31,0x2e,0x31,0x32,0x20,0x32,
  0x2e,0x35,0x20,0x32,0x2e,0x35,0x20,0x32,0x2e,0x35,0x20,0x32,0x2e,0x35,0x2d,0x31,
  0x2e,0x31,0x32,0x20,0x32,0x2e,0x35,0x2d,0x32,0x2e,0x35,0x63,0x30,0x2d,0x30,0x2e,
  0x37,0x2d,0x30,0x2e,0x32,0x39,0x2d,0x31,0x2e,0x33,0x34,0x2d,0x30,0x2e,0x37,0x36,
  0x2d,0x31,0x2e,0x37,0x39,0x6c,0x31,0x2e,0x36,0x32,0x2d,0x33,0x2e,0x32,0x35,0x63,
  0x30,0x2e,0x31,0x34,0x20,0x30,0x2e,0x30,0x34,0x20,0x30,0x2e,0x32,0x36,0x20,0x30,
  0x2e,0x30,0x34,0x20,0x30,0x2e,0x33,0x39,0x20,0x30,0x2e,0x30,0x34,0x73,0x30,0x2e,
  0x32,0x35,0x20,0x30,0x20,0x30,0x2e,0x33,0x39,0x2d,0x30,0x2e,0x30,0x34,0x6c,0x31,
  0x2e,0x36,0x33,0x20,0x33,0x2e,0x32,0x35,0x63,0x2d,0x30,0x2e,0x34,0x37,0x20,0x30,
  0x2e,0x34,0x35,0x2d,0x30,0x2e,0x37,0x37,0x20,0x31,0x2e,0x30,0x39,0x2d,0x30,0x2e,
  0x37,0x37,0x20,0x31,0x2e,0x37,0x39,0x20,0x30,0x20,0x31,0x2e,0x33,0x38,0x20,0x31,
  0x2e,0x31,0x32,0x20,0x32,0x2e,0x35,0x20,0x32,0x2e,0x35,0x20,0x32,0x2e,0x35,0x73,
  0x32,0x2e,0x35,0x2d,0x31,0x2e,0x31,0x32,0x20,0x32,0x2e,0x35,0x2d,0x32,0x2e,0x35,
  0x2d,0x31,0x2e,0x31,0x32,0x2d,0x32,0x2e,0x35,0x2d,0x32,0x2e,0x35,0x2d,0x32,0x2e,
  0x35,0x63,0x2d,0x30,0x2e,0x31,0x33,0x20,0x30,0x2d,0x30,0x2e,0x32,0x36,0x20,0x30,
  0x2d,0x30,0x2e,0x33,0x39,0x20,0x30,0x2e,0x30,0x34,0x6c,0x2d,0x31,0x2e,0x36,0x31,
  0x2d,0x33,0x2e,0x32,0x35,0x63,0x30,0x2e,0x34,0x36,0x2d,0x30,0x2e,0x34,0x35,0x20,
  0x30,0x2e,0x37,0x35,0x2d,0x31,0x2e,0x30,0x38,0x20,0x30,0x2e,0x37,0x35,0x2d,0x31,
  0x2e,0x37,0x39,0x73,0x2d,0x30,0x2e,0x32,0x39,0x2d,0x31,0x2e,0x33,0x34,0x2d,0x30,
  0x2e,0x37,0x35,0x2d,0x31,0x2e,0x37,0x39,0x6c,0x31,0x2e,0x36,0x31,0x2d,0x33,0x2e,
  0x32,0x35,0x63,0x30,0x2e,0x31,0x33,0x20,0x30,0x2e,0x30,0x34,0x20,0x30,0x2e,0x32,
  0x36,0x20,0x30,0x2e,0x30,0x34,0x20,0x30,0x2e,0x33,0x39,0x20,0x30,0x2e,0x30,0x34,
  0x73,0x30,0x2e,0x32,0x36,0x20,0x30,0x20,0x30,0x2e,0x33,0x39,0x2d,0x30,0x2e,0x30,
  0x34,0x6c,0x31,0x2e,0x36,0x31,0x20,0x33,0x2e,0x32,0x35,0x63,0x2d,0x30,0x2e,0x34,
  0x35,0x20,0x30,0x2e,0x34,0x35,0x2d,0x30,0x2e,0x37,0x35,0x20,0x31,0x2e,0x30,0x39,
  0x2d,0x30,0x2e,0x37,0x35,0x20,0x31,0x2e,0x37,0x39,0x20,0x30,0x20,0x31,0x2e,0x33,
  0x38,0x20,0x31,0x2e,0x31,0x32,0x20,0x32,0x2e,0x35,0x20,0x32,0x2e,0x35,0x20,0x32,
  0x2e,0x35,0x20,0x30,0x2e,0x31,0x33,0x20,0x30,0x20,0x30,0x2e,0x32,0x35,0x20,0x30,
  0x20,0x30,0x2e,0x33,0x39,0x2d,0x30,0x2e,0x30,0x34,0x6c,0x31,0x2e,0x36,0x33,0x20,
  0x33,0x2e,0x32,0x35,0x63,0x2d,0x30,0x2e,0x34,0x37,0x20,0x30,0x2e,0x34,0x35,0x2d,
  0x30,0x2e,0x37,0x37,0x20,0x31,0x2e,0x30,0x39,0x2d,0x30,0x2e,0x37,0x37,0x20,0x31,
  0x2e,0x37,0x39,0x20,0x30,0x20,0x31,0x2e,0x33,0x38,0x20,0x31,0x2e,0x31,0x32,0x20,
  0x32,0x2e,0x35,0x20,0x32,0x2e,0x35,0x20,0x32,0x2e,0x35,0x73,0x32,0x2e,0x35,0x2d,
  0x31,0x2e,0x31,0x32,0x20,0x32,0x2e,0x35,0x2d,0x32,0x2e,0x35,0x2d,0x31,0x2e,0x31,
  0x32,0x2d,0x32,0x2e,0x35,0x2d,0x32,0x2e,0x35,0x2d,0x32,0x2e,0x35,0x7a,0x22,0x2f,
  0x3e,0xa,0x3c,0x2f,0x73,0x76,0x67,0x3e,0xa,
    // /home/wangyunxin2/workspace/omnetpp-6.0/src/qtenv/icons/tools/treemode_flat.svg
  0x0,0x0,0x0,0xaf,
  0x0,
  0x0,0x2,0x89,0x78,0x9c,0xbd,0x92,0x4d,0xe,0x82,0x30,0x10,0x46,0xf7,0x9e,0x62,
  0x32,0xae,0xdb,0x4e,0x4b,0x41,0x62,0x28,0xb,0x6f,0x62,0x14,0x81,0x84,0xbf,0x50,
  0xd2,0x12,0x4e,0x6f,0x31,0x76,0xe1,0x1,0x24,0x9d,0x2f,0x99,0x37,0x8b,0xef,0x6d,
  0x5a,0x58,0x57,0x83,0xab,0x66,0xdb,0x8e,0x83,0x41,0xc9,0x25,0x82,0x6b,0x2b,0x7f,
  0x1b,0x57,0x83,0x4,0x4,0x4a,0x87,0x41,0x58,0xfb,0x6e,0xb0,0x6,0x9b,0x65,0x99,
  0xae,0x42,0x78,0xef,0xb9,0x4f,0xf8,0x38,0xd7,0x42,0x11,0x91,0x8,0x1d,0x8,0xaf,
  0xb6,0xeb,0xc,0x9e,0x35,0xed,0xf,0xcb,0x62,0xba,0x2f,0xd,0x3c,0xd,0xf6,0xa1,
  0x81,0xa7,0xf,0x46,0x3c,0x4f,0x80,0x98,0xe4,0x29,0x10,0xcf,0x2e,0x9f,0x25,0xc4,
  0xee,0x0,0x5f,0x88,0x61,0xf1,0xc8,0x22,0xb0,0x8,0x21,0x5b,0x1f,0x8a,0x78,0xea,
  0x54,0x23,0xb5,0x63,0x6a,0x43,0xf1,0x63,0xcb,0xe,0xb5,0x49,0x3a,0x56,0xa7,0x8f,
  0xd5,0xe5,0xff,0xd7,0xed,0xdf,0xa7,0x3c,0xbd,0x1,0x3e,0x14,0x93,0x62,
    // /home/wangyunxin2/workspace/omnetpp-6.0/src/qtenv/icons/tools/recordeventlog.svg
  0x0,0x0,0x1,0x4d,
  0x3c,
  0x73,0x76,0x67,0x20,0x66,0x69,0x6c,0x6c,0x3d,0x22,0x23,0x34,0x30,0x34,0x30,0x34,
  0x30,0x22,0x20,0x76,0x65,0x72,0x73,0x69,0x6f,0x6e,0x3d,0x22,0x31,0x2e,0x31,0x22,
  0x20,0x76,0x69,0x65,0x77,0x42,0x6f,0x78,0x3d,0x22,0x30,0x20,0x30,0x20,0x32,0x34,
  0x20,0x32,0x34,0x22,0x20,0x78,0x6d,0x6c,0x6e,0x73,0x3d,0x22,0x68,0x74,0x74,0x70,
  0x3a,0x2f,0x2f,0x77,0x77,0x77,0x2e,0x77,0x33,0x2e,0x6f,0x72,0x67,0x2f,0x32,0x30,
  0x30,0x30,0x2f,0x73,0x76,0x67,0x22,0x3e,0xa,0x20,0x20,0x3c,0x70,0x61,0x74,0x68,
  0x20,0x64,0x3d,0x22,0x4d,0x30,0x20,0x30,0x68,0x32,0x34,0x76,0x32,0x34,0x48,0x30,
  0x7a,0x22,0x20,0x66,0x69,0x6c,0x6c,0x3d,0x22,0x6e,0x6f,0x6e,0x65,0x22,0x2f,0x3e,
  0xa,0x20,0x20,0x3c,0x70,0x61,0x74,0x68,0x20,0x64,0x3d,0x22,0x4d,0x31,0x32,0x20,
  0x32,0x43,0x36,0x2e,0x34,0x39,0x20,0x32,0x20,0x32,0x20,0x36,0x2e,0x34,0x39,0x20,
  0x32,0x20,0x31,0x32,0x73,0x34,0x2e,0x34,0x39,0x20,0x31,0x30,0x20,0x31,0x30,0x20,
  0x31,0x30,0x20,0x31,0x30,0x2d,0x34,0x2e,0x34,0x39,0x20,0x31,0x30,0x2d,0x31,0x30,
  0x53,0x31,0x37,0x2e,0x35,0x31,0x20,0x32,0x20,0x31,0x32,0x20,0x32,0x7a,0x6d,0x30,
  0x20,0x31,0x38,0x63,0x2d,0x34,0x2e,0x34,0x31,0x20,0x30,0x2d,0x38,0x2d,0x33,0x2e,
  0x35,0x39,0x2d,0x38,0x2d,0x38,0x73,0x33,0x2e,0x35,0x39,0x2d,0x38,0x20,0x38,0x2d,
  0x38,0x20,0x38,0x20,0x33,0x2e,0x35,0x39,0x20,0x38,0x20,0x38,0x2d,0x33,0x2e,0x35,
  0x39,0x20,0x38,0x2d,0x38,0x20,0x38,0x7a,0x6d,0x33,0x2d,0x38,0x63,0x30,0x20,0x31,
  0x2e,0x36,0x36,0x2d,0x31,0x2e,0x33,0x34,0x20,0x33,0x2d,0x33,0x20,0x33,0x73,0x2d,
  0x33,0x2d,0x31,0x2e,0x33,0x34,0x2d,0x33,0x2d,0x33,0x20,0x31,0x2e,0x33,0x34,0x2d,
  0x33,0x20,0x33,0x2d,0x33,0x20,0x33,0x20,0x31,0x2e,0x33,0x34,0x20,0x33,0x20,0x33,
  0x7a,0x22,0x2f,0x3e,0xa,0x3c,0x2f,0x73,0x76,0x67,0x3e,0xa,
    // /home/wangyunxin2/workspace/omnetpp-6.0/src/qtenv/icons/tools/parent.svg
  0x0,0x0,0x0,0xdb,
  0x3c,
  0x73,0x76,0x67,0x20,0x78,0x6d,0x6c,0x6e,0x73,0x3d,0x22,0x68,0x74,0x74,0x70,0x3a,
  0x2f,0x2f,0x77,0x77,0x77,0x2e,0x77,0x33,0x2e,0x6f,0x72,0x67,0x2f,0x32,0x30,0x30,
  0x30,0x2f,0x73,0x76,0x67,0x22,0x20,0x76,0x69,0x65,0x77,0x42,0x6f,0x78,0x3d,0x22,
  0x30,0x20,0x30,0x20,0x32,0x34,0x20,0x32,0x34,0x22,0x20,0x66,0x69,0x6c,0x6c,0x3d,
  0x22,0x23,0x34,0x30,0x34,0x30,0x34,0x30,0x22,0x20,0x77,0x69,0x64,0x74,0x68,0x3d,
  0x22,0x32,0x34,0x70,0x78,0x22,0x20,0x68,0x65,0x69,0x67,0x68,0x74,0x3d,0x22,0x32,
  0x34,0x70,0x78,0x22,0x3e,0x3c,0x70,0x61,0x74,0x68,0x20,0x64,0x3d,0x22,0x4d,0x30,
  0x20,0x30,0x68,0x32,0x34,0x76,0x32,0x34,0x48,0x30,0x56,0x30,0x7a,0x22,0x20,0x66,
  0x69,0x6c,0x6c,0x3d,0x22,0x6e,0x6f,0x6e,0x65,0x22,0x2f,0x3e,0x3c,0x70,0x61,0x74,
  0x68,0x20,0x64,0x3d,0x22,0x4d,0x34,0x20,0x31,0x32,0x6c,0x31,0x2e,0x34,0x31,0x20,
  0x31,0x2e,0x34,0x31,0x4c,0x31,0x31,0x20,0x37,0x2e,0x38,0x33,0x56,0x32,0x30,0x68,
  0x32,0x56,0x37,0x2e,0x38,0x33,0x6c,0x35,0x2e,0x35,0x38,0x20,0x35,0x2e,0x35,0x39,
  0x4c,0x32,0x30,0x20,0x31,0x32,0x6c,0x2d,0x38,0x2d,0x38,0x2d,0x38,0x20,0x38,0x7a,
  0x22,0x2f,0x3e,0x3c,0x2f,0x73,0x76,0x67,0x3e,0xa,
    // /home/wangyunxin2/workspace/omnetpp-6.0/src/qtenv/icons/tools/back.svg
  0x0,0x0,0x0,0xda,
  0x3c,
  0x73,0x76,0x67,0x20,0x78,0x6d,0x6c,0x6e,0x73,0x3d,0x22,0x68,0x74,0x74,0x70,0x3a,
  0x2f,0x2f,0x77,0x77,0x77,0x2e,0x77,0x33,0x2e,0x6f,0x72,0x67,0x2f,0x32,0x30,0x30,
  0x30,0x2f,0x73,0x76,0x67,0x22,0x20,0x76,0x69,0x65,0x77,0x42,0x6f,0x78,0x3d,0x22,
  0x30,0x20,0x30,0x20,0x32,0x34,0x20,0x32,0x34,0x22,0x20,0x66,0x69,0x6c,0x6c,0x3d,
  0x22,0x23,0x34,0x30,0x34,0x30,0x34,0x30,0x22,0x20,0x77,0x69,0x64,0x74,0x68,0x3d,
  0x22,0x32,0x34,0x70,0x78,0x22,0x20,0x68,0x65,0x69,0x67,0x68,0x74,0x3d,0x22,0x32,
  0x34,0x70,0x78,0x22,0x3e,0x3c,0x70,0x61,0x74,0x68,0x20,0x64,0x3d,0x22,0x4d,0x30,
  0x20,0x30,0x68,0x32,0x34,0x76,0x32,0x34,0x48,0x30,0x7a,0x22,0x20,0x66,0x69,0x6c,
  0x6c,0x3d,0x22,0x6e,0x6f,0x6e,0x65,0x22,0x2f,0x3e,0x3c,0x70,0x61,0x74,0x68,0x20,
  0x64,0x3d,0x22,0x4d,0x32,0x30,0x20,0x31,0x31,0x48,0x37,0x2e,0x38,0x33,0x6c,0x35,
  0x2e,0x35,0x39,0x2d,0x35,0x2e,0x35,0x39,0x4c,0x31,0x32,0x20,0x34,0x6c,0x2d,0x38,
  0x20,0x38,0x20,0x38,0x20,0x38,0x20,0x31,0x2e,0x34,0x31,0x2d,0x31,0x2e,0x34,0x31,
  0x4c,0x37,0x2e,0x38,0x33,0x20,0x31,0x33,0x48,0x32,0x30,0x76,0x2d,0x32,0x7a,0x22,
  0x2f,0x3e,0x3c,0x2f,0x73,0x76,0x67,0x3e,0xa,
    // /home/wangyunxin2/workspace/omnetpp-6.0/src/qtenv/icons/tools/horizontal.svg
  0x0,0x0,0x0,0xe6,
  0x3c,
  0x73,0x76,0x67,0x20,0x66,0x69,0x6c,0x6c,0x3d,0x22,0x23,0x34,0x30,0x34,0x30,0x34,
  0x30,0x22,0x20,0x76,0x65,0x72,0x73,0x69,0x6f,0x6e,0x3d,0x22,0x31,0x2e,0x31,0x22,
  0x20,0x76,0x69,0x65,0x77,0x42,0x6f,0x78,0x3d,0x22,0x30,0x20,0x30,0x20,0x32,0x34,
  0x20,0x32,0x34,0x22,0x20,0x78,0x6d,0x6c,0x6e,0x73,0x3d,0x22,0x68,0x74,0x74,0x70,
  0x3a,0x2f,0x2f,0x77,0x77,0x77,0x2e,0x77,0x33,0x2e,0x6f,0x72,0x67,0x2f,0x32,0x30,
  0x30,0x30,0x2f,0x73,0x76,0x67,0x22,0x3e,0x3c,0x70,0x61,0x74,0x68,0x20,0x64,0x3d,
  0x22,0x6d,0x32,0x34,0x20,0x30,0x68,0x2d,0x32,0x34,0x76,0x32,0x34,0x68,0x32,0x34,
  0x7a,0x22,0x20,0x66,0x69,0x6c,0x6c,0x3d,0x22,0x6e,0x6f,0x6e,0x65,0x22,0x2f,0x3e,
  0x3c,0x70,0x61,0x74,0x68,0x20,0x64,0x3d,0x22,0x6d,0x32,0x31,0x20,0x31,0x33,0x68,
  0x2d,0x38,0x76,0x32,0x68,0x38,0x7a,0x6d,0x30,0x20,0x34,0x68,0x2d,0x38,0x76,0x32,
  0x68,0x38,0x7a,0x6d,0x30,0x2d,0x38,0x68,0x2d,0x38,0x76,0x32,0x68,0x38,0x7a,0x6d,
  0x30,0x2d,0x34,0x68,0x2d,0x38,0x76,0x32,0x68,0x38,0x7a,0x6d,0x2d,0x31,0x36,0x20,
  0x32,0x76,0x31,0x30,0x68,0x34,0x76,0x2d,0x31,0x30,0x68,0x2d,0x34,0x6d,0x2d,0x32,
  0x2d,0x32,0x68,0x38,0x76,0x31,0x34,0x68,0x2d,0x38,0x7a,0x22,0x2f,0x3e,0x3c,0x2f,
  0x73,0x76,0x67,0x3e,0xa,
    // /home/wangyunxin2/workspace/omnetpp-6.0/src/qtenv/icons/tools/stop.svg
  0x0,0x0,0x1,0x3a,
  0x3c,
  0x73,0x76,0x67,0x20,0x66,0x69,0x6c,0x6c,0x3d,0x22,0x23,0x43,0x30,0x30,0x30,0x30,
  0x30,0x22,0x20,0x76,0x65,0x72,0x73,0x69,0x6f,0x6e,0x3d,0x22,0x31,0x2e,0x31,0x22,
  0x20,0x76,0x69,0x65,0x77,0x42,0x6f,0x78,0x3d,0x22,0x30,0x20,0x30,0x20,0x32,0x34,
  0x20,0x32,0x34,0x22,0x20,0x78,0x6d,0x6c,0x6e,0x73,0x3d,0x22,0x68,0x74,0x74,0x70,
  0x3a,0x2f,0x2f,0x77,0x77,0x77,0x2e,0x77,0x33,0x2e,0x6f,0x72,0x67,0x2f,0x32,0x30,
  0x30,0x30,0x2f,0x73,0x76,0x67,0x22,0x3e,0x3c,0x70,0x61,0x74,0x68,0x20,0x64,0x3d,
  0x22,0x4d,0x30,0x20,0x30,0x68,0x32,0x34,0x76,0x32,0x34,0x48,0x30,0x7a,0x22,0x20,
  0x66,0x69,0x6c,0x6c,0x3d,0x22,0x6e,0x6f,0x6e,0x65,0x22,0x2f,0x3e,0x3c,0x72,0x65,
  0x63,0x74,0x20,0x78,0x3d,0x22,0x35,0x2e,0x38,0x32,0x39,0x22,0x20,0x79,0x3d,0x22,
  0x35,0x2e,0x35,0x39,0x36,0x32,0x22,0x20,0x77,0x69,0x64,0x74,0x68,0x3d,0x22,0x31,
  0x32,0x2e,0x31,0x38,0x32,0x22,0x20,0x68,0x65,0x69,0x67,0x68,0x74,0x3d,0x22,0x31,
  0x32,0x2e,0x35,0x34,0x32,0x22,0x20,0x66,0x69,0x6c,0x6c,0x3d,0x22,0x23,0x45,0x30,
  0x45,0x30,0x45,0x30,0x22,0x2f,0x3e,0x3c,0x70,0x61,0x74,0x68,0x20,0x64,0x3d,0x22,
  0x4d,0x31,0x32,0x20,0x32,0x43,0x36,0x2e,0x34,0x38,0x20,0x32,0x20,0x32,0x20,0x36,
  0x2e,0x34,0x38,0x20,0x32,0x20,0x31,0x32,0x73,0x34,0x2e,0x34,0x38,0x20,0x31,0x30,
  0x20,0x31,0x30,0x20,0x31,0x30,0x20,0x31,0x30,0x2d,0x34,0x2e,0x34,0x38,0x20,0x31,
  0x30,0x2d,0x31,0x30,0x53,0x31,0x37,0x2e,0x35,0x32,0x20,0x32,0x20,0x31,0x32,0x20,
  0x32,0x7a,0x6d,0x2d,0x31,0x20,0x31,0x34,0x48,0x39,0x56,0x38,0x68,0x32,0x76,0x38,
  0x7a,0x6d,0x34,0x20,0x30,0x68,0x2d,0x32,0x56,0x38,0x68,0x32,0x76,0x38,0x7a,0x22,
  0x2f,0x3e,0x3c,0x2f,0x73,0x76,0x67,0x3e,0xa,
    // /home/wangyunxin2/workspace/omnetpp-6.0/src/qtenv/icons/tools/loadned.svg
  0x0,0x0,0x1,0xb,
  0x3c,
  0x73,0x76,0x67,0x20,0x78,0x6d,0x6c,0x6e,0x73,0x3d,0x22,0x68,0x74,0x74,0x70,0x3a,
  0x2f,0x2f,0x77,0x77,0x77,0x2e,0x77,0x33,0x2e,0x6f,0x72,0x67,0x2f,0x32,0x30,0x30,
  0x30,0x2f,0x73,0x76,0x67,0x22,0x20,0x76,0x69,0x65,0x77,0x42,0x6f,0x78,0x3d,0x22,
  0x30,0x20,0x30,0x20,0x32,0x34,0x20,0x32,0x34,0x22,0x20,0x66,0x69,0x6c,0x6c,0x3d,
  0x22,0x23,0x34,0x30,0x34,0x30,0x34,0x30,0x22,0x20,0x77,0x69,0x64,0x74,0x68,0x3d,
  0x22,0x32,0x34,0x70,0x78,0x22,0x20,0x68,0x65,0x69,0x67,0x68,0x74,0x3d,0x22,0x32,
  0x34,0x70,0x78,0x22,0x3e,0x3c,0x70,0x61,0x74,0x68,0x20,0x64,0x3d,0x22,0x4d,0x30,
  0x20,0x30,0x68,0x32,0x34,0x76,0x32,0x34,0x48,0x30,0x56,0x30,0x7a,0x22,0x20,0x66,
  0x69,0x6c,0x6c,0x3d,0x22,0x6e,0x6f,0x6e,0x65,0x22,0x2f,0x3e,0x3c,0x70,0x61,0x74,
  0x68,0x20,0x64,0x3d,0x22,0x4d,0x32,0x30,0x20,0x36,0x68,0x2d,0x38,0x6c,0x2d,0x32,
  0x2d,0x32,0x48,0x34,0x63,0x2d,0x31,0x2e,0x31,0x20,0x30,0x2d,0x31,0x2e,0x39,0x39,
  0x2e,0x39,0x2d,0x31,0x2e,0x39,0x39,0x20,0x32,0x4c,0x32,0x20,0x31,0x38,0x63,0x30,
  0x20,0x31,0x2e,0x31,0x2e,0x39,0x20,0x32,0x20,0x32,0x20,0x32,0x68,0x31,0x36,0x63,
  0x31,0x2e,0x31,0x20,0x30,0x20,0x32,0x2d,0x2e,0x39,0x20,0x32,0x2d,0x32,0x56,0x38,
  0x63,0x30,0x2d,0x31,0x2e,0x31,0x2d,0x2e,0x39,0x2d,0x32,0x2d,0x32,0x2d,0x32,0x7a,
  0x6d,0x30,0x20,0x31,0x32,0x48,0x34,0x56,0x38,0x68,0x31,0x36,0x76,0x31,0x30,0x7a,
  0x22,0x2f,0x3e,0x3c,0x2f,0x73,0x76,0x67,0x3e,0xa,
    // /home/wangyunxin2/workspace/omnetpp-6.0/src/qtenv/icons/tools/fast.svg
  0x0,0x0,0x0,0xc4,
  0x3c,
  0x73,0x76,0x67,0x20,0x78,0x6d,0x6c,0x6e,0x73,0x3d,0x22,0x68,0x74,0x74,0x70,0x3a,
  0x2f,0x2f,0x77,0x77,0x77,0x2e,0x77,0x33,0x2e,0x6f,0x72,0x67,0x2f,0x32,0x30,0x30,
  0x30,0x2f,0x73,0x76,0x67,0x22,0x20,0x76,0x69,0x65,0x77,0x42,0x6f,0x78,0x3d,0x22,
  0x30,0x20,0x30,0x20,0x32,0x34,0x20,0x32,0x34,0x22,0x20,0x66,0x69,0x6c,0x6c,0x3d,
  0x22,0x23,0x33,0x37,0x39,0x31,0x34,0x33,0x22,0x20,0x77,0x69,0x64,0x74,0x68,0x3d,
  0x22,0x32,0x34,0x70,0x78,0x22,0x20,0x68,0x65,0x69,0x67,0x68,0x74,0x3d,0x22,0x32,
  0x34,0x70,0x78,0x22,0x3e,0x3c,0x70,0x61,0x74,0x68,0x20,0x64,0x3d,0x22,0x4d,0x30,
  0x20,0x30,0x68,0x32,0x34,0x76,0x32,0x34,0x48,0x30,0x7a,0x22,0x20,0x66,0x69,0x6c,
  0x6c,0x3d,0x22,0x6e,0x6f,0x6e,0x65,0x22,0x2f,0x3e,0x3c,0x70,0x61,0x74,0x68,0x20,
  0x64,0x3d,0x22,0x4d,0x34,0x20,0x31,0x38,0x6c,0x38,0x2e,0x35,0x2d,0x36,0x4c,0x34,
  0x20,0x36,0x76,0x31,0x32,0x7a,0x6d,0x39,0x2d,0x31,0x32,0x76,0x31,0x32,0x6c,0x38,
  0x2e,0x35,0x2d,0x36,0x4c,0x31,0x33,0x20,0x36,0x7a,0x22,0x2f,0x3e,0x3c,0x2f,0x73,
  0x76,0x67,0x3e,
    // /home/wangyunxin2/workspace/omnetpp-6.0/src/qtenv/icons/tools/3dscene.svg
  0x0,0x0,0x6,0x5a,
  0x3c,
  0x73,0x76,0x67,0x20,0x78,0x6d,0x6c,0x6e,0x73,0x3d,0x22,0x68,0x74,0x74,0x70,0x3a,
  0x2f,0x2f,0x77,0x77,0x77,0x2e,0x77,0x33,0x2e,0x6f,0x72,0x67,0x2f,0x32,0x30,0x30,
  0x30,0x2f,0x73,0x76,0x67,0x22,0x20,0x76,0x69,0x65,0x77,0x42,0x6f,0x78,0x3d,0x22,
  0x30,0x20,0x30,0x20,0x32,0x34,0x20,0x32,0x34,0x22,0x20,0x66,0x69,0x6c,0x6c,0x3d,
  0x22,0x23,0x34,0x30,0x34,0x30,0x34,0x30,0x22,0x20,0x77,0x69,0x64,0x74,0x68,0x3d,
  0x22,0x32,0x34,0x70,0x78,0x22,0x20,0x68,0x65,0x69,0x67,0x68,0x74,0x3d,0x22,0x32,
  0x34,0x70,0x78,0x22,0x3e,0x3c,0x70,0x61,0x74,0x68,0x20,0x64,0x3d,0x22,0x4d,0x30,
  0x20,0x30,0x68,0x32,0x34,0x76,0x32,0x34,0x48,0x30,0x7a,0x22,0x20,0x66,0x69,0x6c,
  0x6c,0x3d,0x22,0x6e,0x6f,0x6e,0x65,0x22,0x2f,0x3e,0x3c,0x70,0x61,0x74,0x68,0x20,
  0x64,0x3d,0x22,0x4d,0x37,0x2e,0x35,0x32,0x20,0x32,0x31,0x2e,0x34,0x38,0x43,0x34,
  0x2e,0x32,0x35,0x20,0x31,0x39,0x2e,0x39,0x34,0x20,0x31,0x2e,0x39,0x31,0x20,0x31,
  0x36,0x2e,0x37,0x36,0x20,0x31,0x2e,0x35,0x35,0x20,0x31,0x33,0x48,0x2e,0x30,0x35,
  0x43,0x2e,0x35,0x36,0x20,0x31,0x39,0x2e,0x31,0x36,0x20,0x35,0x2e,0x37,0x31,0x20,
  0x32,0x34,0x20,0x31,0x32,0x20,0x32,0x34,0x6c,0x2e,0x36,0x36,0x2d,0x2e,0x30,0x33,
  0x2d,0x33,0x2e,0x38,0x31,0x2d,0x33,0x2e,0x38,0x31,0x2d,0x31,0x2e,0x33,0x33,0x20,
  0x31,0x2e,0x33,0x32,0x7a,0x6d,0x2e,0x38,0x39,0x2d,0x36,0x2e,0x35,0x32,0x63,0x2d,
  0x2e,0x31,0x39,0x20,0x30,0x2d,0x2e,0x33,0x37,0x2d,0x2e,0x30,0x33,0x2d,0x2e,0x35,
  0x32,0x2d,0x2e,0x30,0x38,0x2d,0x2e,0x31,0x36,0x2d,0x2e,0x30,0x36,0x2d,0x2e,0x32,
  0x39,0x2d,0x2e,0x31,0x33,0x2d,0x2e,0x34,0x2d,0x2e,0x32,0x34,0x2d,0x2e,0x31,0x31,
  0x2d,0x2e,0x31,0x2d,0x2e,0x32,0x2d,0x2e,0x32,0x32,0x2d,0x2e,0x32,0x36,0x2d,0x2e,
  0x33,0x37,0x2d,0x2e,0x30,0x36,0x2d,0x2e,0x31,0x34,0x2d,0x2e,0x30,0x39,0x2d,0x2e,
  0x33,0x2d,0x2e,0x30,0x39,0x2d,0x2e,0x34,0x37,0x68,0x2d,0x31,0x2e,0x33,0x63,0x30,
  0x20,0x2e,0x33,0x36,0x2e,0x30,0x37,0x2e,0x36,0x38,0x2e,0x32,0x31,0x2e,0x39,0x35,
  0x2e,0x31,0x34,0x2e,0x32,0x37,0x2e,0x33,0x33,0x2e,0x35,0x2e,0x35,0x36,0x2e,0x36,
  0x39,0x2e,0x32,0x34,0x2e,0x31,0x38,0x2e,0x35,0x31,0x2e,0x33,0x32,0x2e,0x38,0x32,
  0x2e,0x34,0x31,0x2e,0x33,0x2e,0x31,0x2e,0x36,0x32,0x2e,0x31,0x35,0x2e,0x39,0x36,
  0x2e,0x31,0x35,0x2e,0x33,0x37,0x20,0x30,0x20,0x2e,0x37,0x32,0x2d,0x2e,0x30,0x35,
  0x20,0x31,0x2e,0x30,0x33,0x2d,0x2e,0x31,0x35,0x2e,0x33,0x32,0x2d,0x2e,0x31,0x2e,
  0x36,0x2d,0x2e,0x32,0x35,0x2e,0x38,0x33,0x2d,0x2e,0x34,0x34,0x73,0x2e,0x34,0x32,
  0x2d,0x2e,0x34,0x33,0x2e,0x35,0x35,0x2d,0x2e,0x37,0x32,0x63,0x2e,0x31,0x33,0x2d,
  0x2e,0x32,0x39,0x2e,0x32,0x2d,0x2e,0x36,0x31,0x2e,0x32,0x2d,0x2e,0x39,0x37,0x20,
  0x30,0x2d,0x2e,0x31,0x39,0x2d,0x2e,0x30,0x32,0x2d,0x2e,0x33,0x38,0x2d,0x2e,0x30,
  0x37,0x2d,0x2e,0x35,0x36,0x2d,0x2e,0x30,0x35,0x2d,0x2e,0x31,0x38,0x2d,0x2e,0x31,
  0x32,0x2d,0x2e,0x33,0x35,0x2d,0x2e,0x32,0x33,0x2d,0x2e,0x35,0x31,0x2d,0x2e,0x31,
  0x2d,0x2e,0x31,0x36,0x2d,0x2e,0x32,0x34,0x2d,0x2e,0x33,0x2d,0x2e,0x34,0x2d,0x2e,
  0x34,0x33,0x2d,0x2e,0x31,0x37,0x2d,0x2e,0x31,0x33,0x2d,0x2e,0x33,0x37,0x2d,0x2e,
  0x32,0x33,0x2d,0x2e,0x36,0x31,0x2d,0x2e,0x33,0x31,0x2e,0x32,0x2d,0x2e,0x30,0x39,
  0x2e,0x33,0x37,0x2d,0x2e,0x32,0x2e,0x35,0x32,0x2d,0x2e,0x33,0x33,0x2e,0x31,0x35,
  0x2d,0x2e,0x31,0x33,0x2e,0x32,0x37,0x2d,0x2e,0x32,0x37,0x2e,0x33,0x37,0x2d,0x2e,
  0x34,0x32,0x2e,0x31,0x2d,0x2e,0x31,0x35,0x2e,0x31,0x37,0x2d,0x2e,0x33,0x2e,0x32,
  0x32,0x2d,0x2e,0x34,0x36,0x2e,0x30,0x35,0x2d,0x2e,0x31,0x36,0x2e,0x30,0x37,0x2d,
  0x2e,0x33,0x32,0x2e,0x30,0x37,0x2d,0x2e,0x34,0x38,0x20,0x30,0x2d,0x2e,0x33,0x36,
  0x2d,0x2e,0x30,0x36,0x2d,0x2e,0x36,0x38,0x2d,0x2e,0x31,0x38,0x2d,0x2e,0x39,0x36,
  0x2d,0x2e,0x31,0x32,0x2d,0x2e,0x32,0x38,0x2d,0x2e,0x32,0x39,0x2d,0x2e,0x35,0x31,
  0x2d,0x2e,0x35,0x31,0x2d,0x2e,0x36,0x39,0x2d,0x2e,0x32,0x2d,0x2e,0x31,0x39,0x2d,
  0x2e,0x34,0x37,0x2d,0x2e,0x33,0x33,0x2d,0x2e,0x37,0x37,0x2d,0x2e,0x34,0x33,0x43,
  0x39,0x2e,0x31,0x20,0x38,0x2e,0x30,0x35,0x20,0x38,0x2e,0x37,0x36,0x20,0x38,0x20,
  0x38,0x2e,0x33,0x39,0x20,0x38,0x63,0x2d,0x2e,0x33,0x36,0x20,0x30,0x2d,0x2e,0x36,
  0x39,0x2e,0x30,0x35,0x2d,0x31,0x20,0x2e,0x31,0x36,0x2d,0x2e,0x33,0x2e,0x31,0x31,
  0x2d,0x2e,0x35,0x37,0x2e,0x32,0x36,0x2d,0x2e,0x37,0x39,0x2e,0x34,0x35,0x2d,0x2e,
  0x32,0x31,0x2e,0x31,0x39,0x2d,0x2e,0x33,0x38,0x2e,0x34,0x31,0x2d,0x2e,0x35,0x31,
  0x2e,0x36,0x37,0x2d,0x2e,0x31,0x32,0x2e,0x32,0x36,0x2d,0x2e,0x31,0x38,0x2e,0x35,
  0x34,0x2d,0x2e,0x31,0x38,0x2e,0x38,0x35,0x68,0x31,0x2e,0x33,0x63,0x30,0x2d,0x2e,
  0x31,0x37,0x2e,0x30,0x33,0x2d,0x2e,0x33,0x32,0x2e,0x30,0x39,0x2d,0x2e,0x34,0x35,
  0x73,0x2e,0x31,0x34,0x2d,0x2e,0x32,0x35,0x2e,0x32,0x35,0x2d,0x2e,0x33,0x34,0x63,
  0x2e,0x31,0x31,0x2d,0x2e,0x30,0x39,0x2e,0x32,0x33,0x2d,0x2e,0x31,0x37,0x2e,0x33,
  0x38,0x2d,0x2e,0x32,0x32,0x2e,0x31,0x35,0x2d,0x2e,0x30,0x35,0x2e,0x33,0x2d,0x2e,
  0x30,0x38,0x2e,0x34,0x38,0x2d,0x2e,0x30,0x38,0x2e,0x34,0x20,0x30,0x20,0x2e,0x37,
  0x2e,0x31,0x2e,0x38,0x39,0x2e,0x33,0x31,0x2e,0x31,0x39,0x2e,0x32,0x2e,0x32,0x39,
  0x2e,0x34,0x39,0x2e,0x32,0x39,0x2e,0x38,0x36,0x20,0x30,0x20,0x2e,0x31,0x38,0x2d,
  0x2e,0x30,0x33,0x2e,0x33,0x34,0x2d,0x2e,0x30,0x38,0x2e,0x34,0x39,0x2d,0x2e,0x30,
  0x35,0x2e,0x31,0x35,0x2d,0x2e,0x31,0x34,0x2e,0x32,0x37,0x2d,0x2e,0x32,0x35,0x2e,
  0x33,0x37,0x2d,0x2e,0x31,0x31,0x2e,0x31,0x2d,0x2e,0x32,0x35,0x2e,0x31,0x38,0x2d,
  0x2e,0x34,0x31,0x2e,0x32,0x34,0x2d,0x2e,0x31,0x36,0x2e,0x30,0x36,0x2d,0x2e,0x33,
  0x36,0x2e,0x30,0x39,0x2d,0x2e,0x35,0x38,0x2e,0x30,0x39,0x48,0x37,0x2e,0x35,0x76,
  0x31,0x2e,0x30,0x33,0x68,0x2e,0x37,0x37,0x63,0x2e,0x32,0x32,0x20,0x30,0x20,0x2e,
  0x34,0x32,0x2e,0x30,0x32,0x2e,0x36,0x2e,0x30,0x37,0x73,0x2e,0x33,0x33,0x2e,0x31,
  0x33,0x2e,0x34,0x35,0x2e,0x32,0x33,0x63,0x2e,0x31,0x32,0x2e,0x31,0x31,0x2e,0x32,
  0x32,0x2e,0x32,0x34,0x2e,0x32,0x39,0x2e,0x34,0x2e,0x30,0x37,0x2e,0x31,0x36,0x2e,
  0x31,0x2e,0x33,0x35,0x2e,0x31,0x2e,0x35,0x37,0x20,0x30,0x20,0x2e,0x34,0x31,0x2d,
  0x2e,0x31,0x32,0x2e,0x37,0x32,0x2d,0x2e,0x33,0x35,0x2e,0x39,0x33,0x2d,0x2e,0x32,
  0x33,0x2e,0x32,0x33,0x2d,0x2e,0x35,0x35,0x2e,0x33,0x33,0x2d,0x2e,0x39,0x35,0x2e,
  0x33,0x33,0x7a,0x6d,0x38,0x2e,0x35,0x35,0x2d,0x35,0x2e,0x39,0x32,0x63,0x2d,0x2e,
  0x33,0x32,0x2d,0x2e,0x33,0x33,0x2d,0x2e,0x37,0x2d,0x2e,0x35,0x39,0x2d,0x31,0x2e,
  0x31,0x34,0x2d,0x2e,0x37,0x37,0x2d,0x2e,0x34,0x33,0x2d,0x2e,0x31,0x38,0x2d,0x2e,
  0x39,0x32,0x2d,0x2e,0x32,0x37,0x2d,0x31,0x2e,0x34,0x36,0x2d,0x2e,0x32,0x37,0x48,
  0x31,0x32,0x76,0x38,0x68,0x32,0x2e,0x33,0x63,0x2e,0x35,0x35,0x20,0x30,0x20,0x31,
  0x2e,0x30,0x36,0x2d,0x2e,0x30,0x39,0x20,0x31,0x2e,0x35,0x31,0x2d,0x2e,0x32,0x37,
  0x2e,0x34,0x35,0x2d,0x2e,0x31,0x38,0x2e,0x38,0x34,0x2d,0x2e,0x34,0x33,0x20,0x31,
  0x2e,0x31,0x36,0x2d,0x2e,0x37,0x36,0x2e,0x33,0x32,0x2d,0x2e,0x33,0x33,0x2e,0x35,
  0x37,0x2d,0x2e,0x37,0x33,0x2e,0x37,0x34,0x2d,0x31,0x2e,0x31,0x39,0x2e,0x31,0x37,
  0x2d,0x2e,0x34,0x37,0x2e,0x32,0x36,0x2d,0x2e,0x39,0x39,0x2e,0x32,0x36,0x2d,0x31,
  0x2e,0x35,0x37,0x76,0x2d,0x2e,0x34,0x63,0x30,0x2d,0x2e,0x35,0x38,0x2d,0x2e,0x30,
  0x39,0x2d,0x31,0x2e,0x31,0x2d,0x2e,0x32,0x36,0x2d,0x31,0x2e,0x35,0x37,0x2d,0x2e,
  0x31,0x38,0x2d,0x2e,0x34,0x37,0x2d,0x2e,0x34,0x33,0x2d,0x2e,0x38,0x37,0x2d,0x2e,
  0x37,0x35,0x2d,0x31,0x2e,0x32,0x7a,0x6d,0x2d,0x2e,0x33,0x39,0x20,0x33,0x2e,0x31,
  0x36,0x63,0x30,0x20,0x2e,0x34,0x32,0x2d,0x2e,0x30,0x35,0x2e,0x37,0x39,0x2d,0x2e,
  0x31,0x34,0x20,0x31,0x2e,0x31,0x33,0x2d,0x2e,0x31,0x2e,0x33,0x33,0x2d,0x2e,0x32,
  0x34,0x2e,0x36,0x32,0x2d,0x2e,0x34,0x33,0x2e,0x38,0x35,0x2d,0x2e,0x31,0x39,0x2e,
  0x32,0x33,0x2d,0x2e,0x34,0x33,0x2e,0x34,0x31,0x2d,0x2e,0x37,0x31,0x2e,0x35,0x33,
  0x2d,0x2e,0x32,0x39,0x2e,0x31,0x32,0x2d,0x2e,0x36,0x32,0x2e,0x31,0x38,0x2d,0x2e,
  0x39,0x39,0x2e,0x31,0x38,0x68,0x2d,0x2e,0x39,0x31,0x56,0x39,0x2e,0x31,0x32,0x68,
  0x2e,0x39,0x37,0x63,0x2e,0x37,0x32,0x20,0x30,0x20,0x31,0x2e,0x32,0x37,0x2e,0x32,
  0x33,0x20,0x31,0x2e,0x36,0x34,0x2e,0x36,0x39,0x2e,0x33,0x38,0x2e,0x34,0x36,0x2e,
  0x35,0x37,0x20,0x31,0x2e,0x31,0x32,0x2e,0x35,0x37,0x20,0x31,0x2e,0x39,0x39,0x76,
  0x2e,0x34,0x7a,0x4d,0x31,0x32,0x20,0x30,0x6c,0x2d,0x2e,0x36,0x36,0x2e,0x30,0x33,
  0x20,0x33,0x2e,0x38,0x31,0x20,0x33,0x2e,0x38,0x31,0x20,0x31,0x2e,0x33,0x33,0x2d,
  0x31,0x2e,0x33,0x33,0x63,0x33,0x2e,0x32,0x37,0x20,0x31,0x2e,0x35,0x35,0x20,0x35,
  0x2e,0x36,0x31,0x20,0x34,0x2e,0x37,0x32,0x20,0x35,0x2e,0x39,0x36,0x20,0x38,0x2e,
  0x34,0x38,0x68,0x31,0x2e,0x35,0x43,0x32,0x33,0x2e,0x34,0x34,0x20,0x34,0x2e,0x38,
  0x34,0x20,0x31,0x38,0x2e,0x32,0x39,0x20,0x30,0x20,0x31,0x32,0x20,0x30,0x7a,0x22,
  0x2f,0x3e,0x3c,0x2f,0x73,0x76,0x67,0x3e,0xa,
    // /home/wangyunxin2/workspace/omnetpp-6.0/src/qtenv/icons/tools/debugnextevent.svg
  0x0,0x0,0x2,0xb3,
  0x3c,
  0x73,0x76,0x67,0x20,0x78,0x6d,0x6c,0x6e,0x73,0x3d,0x22,0x68,0x74,0x74,0x70,0x3a,
  0x2f,0x2f,0x77,0x77,0x77,0x2e,0x77,0x33,0x2e,0x6f,0x72,0x67,0x2f,0x32,0x30,0x30,
  0x30,0x2f,0x73,0x76,0x67,0x22,0x20,0x76,0x69,0x65,0x77,0x42,0x6f,0x78,0x3d,0x22,
  0x30,0x20,0x30,0x20,0x32,0x34,0x20,0x32,0x34,0x22,0x20,0x66,0x69,0x6c,0x6c,0x3d,
  0x22,0x23,0x33,0x37,0x39,0x31,0x34,0x33,0x22,0x20,0x77,0x69,0x64,0x74,0x68,0x3d,
  0x22,0x32,0x34,0x70,0x78,0x22,0x20,0x68,0x65,0x69,0x67,0x68,0x74,0x3d,0x22,0x32,
  0x34,0x70,0x78,0x22,0x3e,0xa,0x20,0x3c,0x70,0x61,0x74,0x68,0x20,0x64,0x3d,0x22,
  0x6d,0x34,0x20,0x31,0x36,0x20,0x38,0x2e,0x35,0x2d,0x36,0x2d,0x38,0x2e,0x35,0x2d,
  0x36,0x7a,0x6d,0x31,0x30,0x2d,0x31,0x32,0x76,0x36,0x68,0x32,0x76,0x2d,0x36,0x7a,
  0x22,0x2f,0x3e,0xa,0x20,0x3c,0x70,0x61,0x74,0x68,0x20,0x64,0x3d,0x22,0x6d,0x32,
  0x30,0x20,0x31,0x33,0x68,0x2d,0x31,0x2e,0x34,0x30,0x34,0x39,0x63,0x2d,0x30,0x2e,
  0x32,0x32,0x35,0x2d,0x30,0x2e,0x33,0x39,0x2d,0x30,0x2e,0x35,0x33,0x35,0x2d,0x30,
  0x2e,0x37,0x32,0x35,0x2d,0x30,0x2e,0x39,0x31,0x2d,0x30,0x2e,0x39,0x38,0x6c,0x30,
  0x2e,0x38,0x31,0x35,0x2d,0x30,0x2e,0x38,0x31,0x35,0x2d,0x30,0x2e,0x37,0x30,0x35,
  0x2d,0x30,0x2e,0x37,0x30,0x35,0x2d,0x31,0x2e,0x30,0x38,0x35,0x20,0x31,0x2e,0x30,
  0x38,0x35,0x63,0x2d,0x30,0x2e,0x32,0x33,0x2d,0x30,0x2e,0x30,0x35,0x35,0x2d,0x30,
  0x2e,0x34,0x36,0x35,0x2d,0x30,0x2e,0x30,0x38,0x35,0x2d,0x30,0x2e,0x37,0x31,0x2d,
  0x30,0x2e,0x30,0x38,0x35,0x2d,0x30,0x2e,0x32,0x34,0x35,0x20,0x30,0x2d,0x30,0x2e,
  0x34,0x38,0x20,0x30,0x2e,0x30,0x33,0x2d,0x30,0x2e,0x37,0x30,0x35,0x20,0x30,0x2e,
  0x30,0x38,0x35,0x6c,0x2d,0x31,0x2e,0x30,0x39,0x2d,0x31,0x2e,0x30,0x38,0x35,0x2d,
  0x30,0x2e,0x37,0x30,0x35,0x20,0x30,0x2e,0x37,0x30,0x35,0x20,0x30,0x2e,0x38,0x31,
  0x20,0x30,0x2e,0x38,0x31,0x35,0x63,0x2d,0x30,0x2e,0x33,0x37,0x20,0x30,0x2e,0x32,
  0x35,0x35,0x2d,0x30,0x2e,0x36,0x38,0x20,0x30,0x2e,0x35,0x39,0x2d,0x30,0x2e,0x39,
  0x30,0x35,0x20,0x30,0x2e,0x39,0x38,0x68,0x2d,0x31,0x2e,0x34,0x30,0x34,0x39,0x76,
  0x31,0x68,0x31,0x2e,0x30,0x34,0x35,0x63,0x2d,0x30,0x2e,0x30,0x32,0x35,0x20,0x30,
  0x2e,0x31,0x36,0x35,0x2d,0x30,0x2e,0x30,0x34,0x35,0x20,0x30,0x2e,0x33,0x33,0x2d,
  0x30,0x2e,0x30,0x34,0x35,0x20,0x30,0x2e,0x35,0x76,0x30,0x2e,0x35,0x68,0x2d,0x31,
  0x76,0x31,0x68,0x31,0x76,0x30,0x2e,0x35,0x63,0x30,0x20,0x30,0x2e,0x31,0x37,0x20,
  0x30,0x2e,0x30,0x32,0x20,0x30,0x2e,0x33,0x33,0x35,0x20,0x30,0x2e,0x30,0x34,0x35,
  0x20,0x30,0x2e,0x35,0x68,0x2d,0x31,0x2e,0x30,0x34,0x35,0x76,0x31,0x68,0x31,0x2e,
  0x34,0x30,0x34,0x39,0x63,0x30,0x2e,0x35,0x32,0x20,0x30,0x2e,0x38,0x39,0x35,0x20,
  0x31,0x2e,0x34,0x38,0x35,0x20,0x31,0x2e,0x35,0x20,0x32,0x2e,0x35,0x39,0x34,0x39,
  0x20,0x31,0x2e,0x35,0x20,0x31,0x2e,0x31,0x31,0x20,0x30,0x20,0x32,0x2e,0x30,0x37,
  0x34,0x39,0x2d,0x30,0x2e,0x36,0x30,0x34,0x39,0x37,0x20,0x32,0x2e,0x35,0x39,0x34,
  0x39,0x2d,0x31,0x2e,0x35,0x68,0x31,0x2e,0x34,0x30,0x34,0x39,0x76,0x2d,0x31,0x68,
  0x2d,0x31,0x2e,0x30,0x34,0x35,0x63,0x30,0x2e,0x30,0x32,0x35,0x2d,0x30,0x2e,0x31,
  0x36,0x35,0x20,0x30,0x2e,0x30,0x34,0x35,0x2d,0x30,0x2e,0x33,0x33,0x20,0x30,0x2e,
  0x30,0x34,0x35,0x2d,0x30,0x2e,0x35,0x76,0x2d,0x30,0x2e,0x35,0x68,0x31,0x76,0x2d,
  0x31,0x68,0x2d,0x31,0x76,0x2d,0x30,0x2e,0x35,0x63,0x30,0x2d,0x30,0x2e,0x31,0x37,
  0x2d,0x30,0x2e,0x30,0x32,0x2d,0x30,0x2e,0x33,0x33,0x35,0x2d,0x30,0x2e,0x30,0x34,
  0x35,0x2d,0x30,0x2e,0x35,0x68,0x31,0x2e,0x30,0x34,0x35,0x7a,0x6d,0x2d,0x33,0x20,
  0x34,0x68,0x2d,0x32,0x76,0x2d,0x31,0x68,0x32,0x7a,0x6d,0x30,0x2d,0x32,0x68,0x2d,
  0x32,0x76,0x2d,0x31,0x68,0x32,0x7a,0x22,0x2f,0x3e,0xa,0x3c,0x2f,0x73,0x76,0x67,
  0x3e,0xa,
    // /home/wangyunxin2/workspace/omnetpp-6.0/src/qtenv/icons/tools/reset.svg
  0x0,0x0,0x1,0x61,
  0x3c,
  0x73,0x76,0x67,0x20,0x66,0x69,0x6c,0x6c,0x3d,0x22,0x23,0x34,0x30,0x34,0x30,0x34,
  0x30,0x22,0x20,0x76,0x65,0x72,0x73,0x69,0x6f,0x6e,0x3d,0x22,0x31,0x2e,0x31,0x22,
  0x20,0x76,0x69,0x65,0x77,0x42,0x6f,0x78,0x3d,0x22,0x30,0x20,0x30,0x20,0x32,0x34,
  0x20,0x32,0x34,0x22,0x20,0x78,0x6d,0x6c,0x6e,0x73,0x3d,0x22,0x68,0x74,0x74,0x70,
  0x3a,0x2f,0x2f,0x77,0x77,0x77,0x2e,0x77,0x33,0x2e,0x6f,0x72,0x67,0x2f,0x32,0x30,
  0x30,0x30,0x2f,0x73,0x76,0x67,0x22,0x3e,0x3c,0x70,0x61,0x74,0x68,0x20,0x64,0x3d,
  0x22,0x4d,0x30,0x20,0x30,0x68,0x32,0x34,0x76,0x32,0x34,0x48,0x30,0x7a,0x22,0x20,
  0x66,0x69,0x6c,0x6c,0x3d,0x22,0x6e,0x6f,0x6e,0x65,0x22,0x2f,0x3e,0x3c,0x70,0x61,
  0x74,0x68,0x20,0x64,0x3d,0x22,0x6d,0x36,0x2e,0x33,0x36,0x20,0x31,0x37,0x2e,0x36,
  0x35,0x63,0x31,0x2e,0x34,0x35,0x20,0x31,0x2e,0x34,0x35,0x20,0x33,0x2e,0x34,0x34,
  0x20,0x32,0x2e,0x33,0x35,0x20,0x35,0x2e,0x36,0x35,0x20,0x32,0x2e,0x33,0x35,0x20,
  0x34,0x2e,0x34,0x32,0x20,0x30,0x20,0x37,0x2e,0x39,0x39,0x2d,0x33,0x2e,0x35,0x38,
  0x20,0x37,0x2e,0x39,0x39,0x2d,0x38,0x73,0x2d,0x33,0x2e,0x35,0x37,0x2d,0x38,0x2d,
  0x37,0x2e,0x39,0x39,0x2d,0x38,0x63,0x2d,0x33,0x2e,0x37,0x33,0x20,0x30,0x2d,0x36,
  0x2e,0x38,0x34,0x20,0x32,0x2e,0x35,0x35,0x2d,0x37,0x2e,0x37,0x33,0x20,0x36,0x68,
  0x32,0x2e,0x30,0x38,0x63,0x30,0x2e,0x38,0x32,0x2d,0x32,0x2e,0x33,0x33,0x20,0x33,
  0x2e,0x30,0x34,0x2d,0x34,0x20,0x35,0x2e,0x36,0x35,0x2d,0x34,0x20,0x33,0x2e,0x33,
  0x31,0x20,0x30,0x20,0x36,0x20,0x32,0x2e,0x36,0x39,0x20,0x36,0x20,0x36,0x73,0x2d,
  0x32,0x2e,0x36,0x39,0x20,0x36,0x2d,0x36,0x20,0x36,0x63,0x2d,0x31,0x2e,0x36,0x36,
  0x20,0x30,0x2d,0x33,0x2e,0x31,0x34,0x2d,0x30,0x2e,0x36,0x39,0x2d,0x34,0x2e,0x32,
  0x32,0x2d,0x31,0x2e,0x37,0x38,0x6c,0x33,0x2e,0x32,0x32,0x2d,0x33,0x2e,0x32,0x32,
  0x68,0x2d,0x37,0x76,0x37,0x7a,0x22,0x2f,0x3e,0x3c,0x2f,0x73,0x76,0x67,0x3e,0xa,
  
    // /home/wangyunxin2/workspace/omnetpp-6.0/src/qtenv/icons/tools/mrun.svg
  0x0,0x0,0x1,0x29,
  0x3c,
  0x73,0x76,0x67,0x20,0x66,0x69,0x6c,0x6c,0x3d,0x22,0x23,0x33,0x37,0x39,0x31,0x34,
  0x33,0x22,0x20,0x73,0x74,0x72,0x6f,0x6b,0x65,0x3d,0x22,0x23,0x33,0x37,0x39,0x31,
  0x34,0x33,0x22,0x20,0x73,0x74,0x72,0x6f,0x6b,0x65,0x2d,0x77,0x69,0x64,0x74,0x68,
  0x3d,0x22,0x30,0x22,0x20,0x76,0x65,0x72,0x73,0x69,0x6f,0x6e,0x3d,0x22,0x31,0x2e,
  0x31,0x22,0x20,0x76,0x69,0x65,0x77,0x42,0x6f,0x78,0x3d,0x22,0x30,0x20,0x30,0x20,
  0x32,0x34,0x20,0x32,0x34,0x22,0x20,0x78,0x6d,0x6c,0x6e,0x73,0x3d,0x22,0x68,0x74,
  0x74,0x70,0x3a,0x2f,0x2f,0x77,0x77,0x77,0x2e,0x77,0x33,0x2e,0x6f,0x72,0x67,0x2f,
  0x32,0x30,0x30,0x30,0x2f,0x73,0x76,0x67,0x22,0x3e,0x3c,0x70,0x61,0x74,0x68,0x20,
  0x64,0x3d,0x22,0x6d,0x30,0x20,0x30,0x68,0x32,0x34,0x76,0x32,0x34,0x68,0x2d,0x32,
  0x34,0x7a,0x22,0x20,0x66,0x69,0x6c,0x6c,0x3d,0x22,0x6e,0x6f,0x6e,0x65,0x22,0x2f,
  0x3e,0x3c,0x70,0x61,0x74,0x68,0x20,0x64,0x3d,0x22,0x6d,0x33,0x20,0x31,0x38,0x20,
  0x38,0x2d,0x36,0x2d,0x38,0x2d,0x36,0x7a,0x22,0x2f,0x3e,0x3c,0x63,0x69,0x72,0x63,
  0x6c,0x65,0x20,0x63,0x78,0x3d,0x22,0x31,0x36,0x22,0x20,0x63,0x79,0x3d,0x22,0x31,
  0x32,0x22,0x20,0x72,0x3d,0x22,0x32,0x22,0x2f,0x3e,0x3c,0x72,0x65,0x63,0x74,0x20,
  0x78,0x3d,0x22,0x31,0x32,0x22,0x20,0x79,0x3d,0x22,0x37,0x22,0x20,0x77,0x69,0x64,
  0x74,0x68,0x3d,0x22,0x38,0x22,0x20,0x68,0x65,0x69,0x67,0x68,0x74,0x3d,0x22,0x31,
  0x30,0x22,0x20,0x66,0x69,0x6c,0x6c,0x3d,0x22,0x6e,0x6f,0x6e,0x65,0x22,0x20,0x73,
  0x74,0x72,0x6f,0x6b,0x65,0x2d,0x77,0x69,0x64,0x74,0x68,0x3d,0x22,0x32,0x22,0x2f,
  0x3e,0x3c,0x2f,0x73,0x76,0x67,0x3e,0xa,
    // /home/wangyunxin2/workspace/omnetpp-6.0/src/qtenv/icons/tools/layers.svg
  0x0,0x0,0x1,0x29,
  0x3c,
  0x73,0x76,0x67,0x20,0x78,0x6d,0x6c,0x6e,0x73,0x3d,0x22,0x68,0x74,0x74,0x70,0x3a,
  0x2f,0x2f,0x77,0x77,0x77,0x2e,0x77,0x33,0x2e,0x6f,0x72,0x67,0x2f,0x32,0x30,0x30,
  0x30,0x2f,0x73,0x76,0x67,0x22,0x20,0x68,0x65,0x69,0x67,0x68,0x74,0x3d,0x22,0x32,
  0x34,0x70,0x78,0x22,0x20,0x76,0x69,0x65,0x77,0x42,0x6f,0x78,0x3d,0x22,0x30,0x20,
  0x30,0x20,0x32,0x34,0x20,0x32,0x34,0x22,0x20,0x77,0x69,0x64,0x74,0x68,0x3d,0x22,
  0x32,0x34,0x70,0x78,0x22,0x20,0x66,0x69,0x6c,0x6c,0x3d,0x22,0x23,0x34,0x30,0x34,
  0x30,0x34,0x30,0x22,0x3e,0x3c,0x70,0x61,0x74,0x68,0x20,0x64,0x3d,0x22,0x4d,0x30,
  0x20,0x30,0x68,0x32,0x34,0x76,0x32,0x34,0x48,0x30,0x56,0x30,0x7a,0x22,0x20,0x66,
  0x69,0x6c,0x6c,0x3d,0x22,0x6e,0x6f,0x6e,0x65,0x22,0x2f,0x3e,0x3c,0x70,0x61,0x74,
  0x68,0x20,0x64,0x3d,0x22,0x4d,0x31,0x31,0x2e,0x39,0x39,0x20,0x31,0x38,0x2e,0x35,
  0x34,0x6c,0x2d,0x37,0x2e,0x33,0x37,0x2d,0x35,0x2e,0x37,0x33,0x4c,0x33,0x20,0x31,
  0x34,0x2e,0x30,0x37,0x6c,0x39,0x20,0x37,0x20,0x39,0x2d,0x37,0x2d,0x31,0x2e,0x36,
  0x33,0x2d,0x31,0x2e,0x32,0x37,0x7a,0x4d,0x31,0x32,0x20,0x31,0x36,0x6c,0x37,0x2e,
  0x33,0x36,0x2d,0x35,0x2e,0x37,0x33,0x4c,0x32,0x31,0x20,0x39,0x6c,0x2d,0x39,0x2d,
  0x37,0x2d,0x39,0x20,0x37,0x20,0x31,0x2e,0x36,0x33,0x20,0x31,0x2e,0x32,0x37,0x4c,
  0x31,0x32,0x20,0x31,0x36,0x7a,0x6d,0x30,0x2d,0x31,0x31,0x2e,0x34,0x37,0x4c,0x31,
  0x37,0x2e,0x37,0x34,0x20,0x39,0x20,0x31,0x32,0x20,0x31,0x33,0x2e,0x34,0x37,0x20,
  0x36,0x2e,0x32,0x36,0x20,0x39,0x20,0x31,0x32,0x20,0x34,0x2e,0x35,0x33,0x7a,0x22,
  0x2f,0x3e,0x3c,0x2f,0x73,0x76,0x67,0x3e,
    // /home/wangyunxin2/workspace/omnetpp-6.0/src/qtenv/icons/tools/pkheader.svg
  0x0,0x0,0x1,0xc6,
  0x3c,
  0x73,0x76,0x67,0x20,0x66,0x69,0x6c,0x6c,0x3d,0x22,0x23,0x34,0x30,0x34,0x30,0x34,
  0x30,0x22,0x20,0x76,0x65,0x72,0x73,0x69,0x6f,0x6e,0x3d,0x22,0x31,0x2e,0x31,0x22,
  0x20,0x76,0x69,0x65,0x77,0x42,0x6f,0x78,0x3d,0x22,0x30,0x20,0x30,0x20,0x32,0x34,
  0x20,0x32,0x34,0x22,0x20,0x78,0x6d,0x6c,0x6e,0x73,0x3d,0x22,0x68,0x74,0x74,0x70,
  0x3a,0x2f,0x2f,0x77,0x77,0x77,0x2e,0x77,0x33,0x2e,0x6f,0x72,0x67,0x2f,0x32,0x30,
  0x30,0x30,0x2f,0x73,0x76,0x67,0x22,0x3e,0xa,0x20,0x20,0x3c,0x70,0x61,0x74,0x68,
  0x20,0x64,0x3d,0x22,0x6d,0x32,0x33,0x20,0x37,0x2d,0x34,0x20,0x34,0x76,0x2d,0x33,
  0x68,0x2d,0x35,0x76,0x2d,0x32,0x68,0x35,0x76,0x2d,0x33,0x7a,0x22,0x2f,0x3e,0xa,
  0x20,0x20,0x3c,0x70,0x61,0x74,0x68,0x20,0x64,0x3d,0x22,0x6d,0x31,0x30,0x20,0x37,
  0x61,0x34,0x2e,0x30,0x30,0x34,0x34,0x20,0x34,0x20,0x30,0x20,0x30,0x20,0x31,0x2d,
  0x34,0x2e,0x30,0x30,0x34,0x34,0x20,0x34,0x20,0x34,0x2e,0x30,0x30,0x34,0x34,0x20,
  0x34,0x20,0x30,0x20,0x30,0x20,0x31,0x2d,0x34,0x2e,0x30,0x30,0x34,0x34,0x2d,0x34,
  0x20,0x34,0x2e,0x30,0x30,0x34,0x34,0x20,0x34,0x20,0x30,0x20,0x30,0x20,0x31,0x20,
  0x34,0x2e,0x30,0x30,0x34,0x34,0x2d,0x34,0x20,0x34,0x2e,0x30,0x30,0x34,0x34,0x20,
  0x34,0x20,0x30,0x20,0x30,0x20,0x31,0x20,0x34,0x2e,0x30,0x30,0x34,0x34,0x20,0x34,
  0x7a,0x22,0x20,0x73,0x74,0x72,0x6f,0x6b,0x65,0x2d,0x77,0x69,0x64,0x74,0x68,0x3d,
  0x22,0x2e,0x38,0x30,0x30,0x34,0x34,0x22,0x2f,0x3e,0xa,0x20,0x20,0x3c,0x70,0x61,
  0x74,0x68,0x20,0x64,0x3d,0x22,0x6d,0x31,0x20,0x31,0x37,0x20,0x34,0x20,0x34,0x76,
  0x2d,0x33,0x68,0x35,0x76,0x2d,0x32,0x68,0x2d,0x35,0x76,0x2d,0x33,0x7a,0x22,0x2f,
  0x3e,0xa,0x20,0x20,0x3c,0x70,0x61,0x74,0x68,0x20,0x64,0x3d,0x22,0x6d,0x32,0x32,
  0x20,0x31,0x37,0x61,0x34,0x2e,0x30,0x30,0x34,0x34,0x20,0x34,0x20,0x30,0x20,0x30,
  0x20,0x31,0x2d,0x34,0x2e,0x30,0x30,0x34,0x34,0x20,0x34,0x20,0x34,0x2e,0x30,0x30,
  0x34,0x34,0x20,0x34,0x20,0x30,0x20,0x30,0x20,0x31,0x2d,0x34,0x2e,0x30,0x30,0x34,
  0x34,0x2d,0x34,0x20,0x34,0x2e,0x30,0x30,0x34,0x34,0x20,0x34,0x20,0x30,0x20,0x30,
  0x20,0x31,0x20,0x34,0x2e,0x30,0x30,0x34,0x34,0x2d,0x34,0x20,0x34,0x2e,0x30,0x30,
  0x34,0x34,0x20,0x34,0x20,0x30,0x20,0x30,0x20,0x31,0x20,0x34,0x2e,0x30,0x30,0x34,
  0x34,0x20,0x34,0x7a,0x22,0x20,0x73,0x74,0x72,0x6f,0x6b,0x65,0x2d,0x77,0x69,0x64,
  0x74,0x68,0x3d,0x22,0x2e,0x38,0x30,0x30,0x34,0x34,0x22,0x2f,0x3e,0xa,0x3c,0x2f,
  0x73,0x76,0x67,0x3e,0xa,
    // /home/wangyunxin2/workspace/omnetpp-6.0/src/qtenv/icons/tools/find.svg
  0x0,0x0,0x1,0xd3,
  0x3c,
  0x73,0x76,0x67,0x20,0x69,0x64,0x3d,0x22,0x6d,0x64,0x69,0x2d,0x74,0x65,0x78,0x74,
  0x2d,0x73,0x65,0x61,0x72,0x63,0x68,0x22,0x20,0x76,0x65,0x72,0x73,0x69,0x6f,0x6e,
  0x3d,0x22,0x31,0x2e,0x31,0x22,0x20,0x76,0x69,0x65,0x77,0x42,0x6f,0x78,0x3d,0x22,
  0x30,0x20,0x30,0x20,0x32,0x34,0x20,0x32,0x34,0x22,0x20,0x78,0x6d,0x6c,0x6e,0x73,
  0x3d,0x22,0x68,0x74,0x74,0x70,0x3a,0x2f,0x2f,0x77,0x77,0x77,0x2e,0x77,0x33,0x2e,
  0x6f,0x72,0x67,0x2f,0x32,0x30,0x30,0x30,0x2f,0x73,0x76,0x67,0x22,0x20,0x66,0x69,
  0x6c,0x6c,0x3d,0x22,0x23,0x34,0x30,0x34,0x30,0x34,0x30,0x22,0x3e,0xa,0x20,0x20,
  0x3c,0x70,0x61,0x74,0x68,0x20,0x64,0x3d,0x22,0x6d,0x31,0x39,0x2e,0x33,0x31,0x20,
  0x31,0x38,0x2e,0x39,0x20,0x33,0x2e,0x30,0x38,0x20,0x33,0x2e,0x31,0x2d,0x31,0x2e,
  0x33,0x39,0x20,0x31,0x2e,0x33,0x39,0x2d,0x33,0x2e,0x31,0x32,0x2d,0x33,0x2e,0x30,
  0x37,0x63,0x2d,0x30,0x2e,0x36,0x39,0x20,0x30,0x2e,0x34,0x33,0x2d,0x31,0x2e,0x35,
  0x31,0x20,0x30,0x2e,0x36,0x38,0x2d,0x32,0x2e,0x33,0x38,0x20,0x30,0x2e,0x36,0x38,
  0x2d,0x32,0x2e,0x35,0x20,0x30,0x2d,0x34,0x2e,0x35,0x2d,0x32,0x2d,0x34,0x2e,0x35,
  0x2d,0x34,0x2e,0x35,0x73,0x32,0x2d,0x34,0x2e,0x35,0x20,0x34,0x2e,0x35,0x2d,0x34,
  0x2e,0x35,0x20,0x34,0x2e,0x35,0x20,0x32,0x20,0x34,0x2e,0x35,0x20,0x34,0x2e,0x35,
  0x63,0x30,0x20,0x30,0x2e,0x38,0x38,0x2d,0x30,0x2e,0x32,0x35,0x20,0x31,0x2e,0x37,
  0x31,0x2d,0x30,0x2e,0x36,0x39,0x20,0x32,0x2e,0x34,0x6d,0x2d,0x33,0x2e,0x38,0x31,
  0x20,0x30,0x2e,0x31,0x63,0x31,0x2e,0x33,0x38,0x20,0x30,0x20,0x32,0x2e,0x35,0x2d,
  0x31,0x2e,0x31,0x32,0x20,0x32,0x2e,0x35,0x2d,0x32,0x2e,0x35,0x73,0x2d,0x31,0x2e,
  0x31,0x32,0x2d,0x32,0x2e,0x35,0x2d,0x32,0x2e,0x35,0x2d,0x32,0x2e,0x35,0x2d,0x32,
  0x2e,0x35,0x20,0x31,0x2e,0x31,0x32,0x2d,0x32,0x2e,0x35,0x20,0x32,0x2e,0x35,0x20,
  0x31,0x2e,0x31,0x32,0x20,0x32,0x2e,0x35,0x20,0x32,0x2e,0x35,0x20,0x32,0x2e,0x35,
  0x6d,0x35,0x2e,0x35,0x2d,0x31,0x35,0x76,0x32,0x68,0x2d,0x31,0x38,0x76,0x2d,0x32,
  0x68,0x31,0x38,0x6d,0x2d,0x31,0x38,0x20,0x31,0x32,0x76,0x2d,0x32,0x68,0x36,0x76,
  0x32,0x68,0x2d,0x36,0x6d,0x30,0x2d,0x35,0x76,0x2d,0x32,0x68,0x31,0x38,0x76,0x32,
  0x68,0x2d,0x32,0x2e,0x30,0x33,0x63,0x2d,0x31,0x2e,0x30,0x31,0x2d,0x30,0x2e,0x36,
  0x33,0x2d,0x32,0x2e,0x32,0x2d,0x31,0x2d,0x33,0x2e,0x34,0x37,0x2d,0x31,0x73,0x2d,
  0x32,0x2e,0x34,0x36,0x20,0x30,0x2e,0x33,0x37,0x2d,0x33,0x2e,0x34,0x37,0x20,0x31,
  0x68,0x2d,0x39,0x2e,0x30,0x33,0x7a,0x22,0x2f,0x3e,0xa,0x3c,0x2f,0x73,0x76,0x67,
  0x3e,0xa,
    // /home/wangyunxin2/workspace/omnetpp-6.0/src/qtenv/icons/tools/run.svg
  0x0,0x0,0x1,0x31,
  0x3c,
  0x73,0x76,0x67,0x20,0x66,0x69,0x6c,0x6c,0x3d,0x22,0x23,0x33,0x37,0x39,0x31,0x34,
  0x33,0x22,0x20,0x76,0x65,0x72,0x73,0x69,0x6f,0x6e,0x3d,0x22,0x31,0x2e,0x31,0x22,
  0x20,0x76,0x69,0x65,0x77,0x42,0x6f,0x78,0x3d,0x22,0x30,0x20,0x30,0x20,0x32,0x34,
  0x20,0x32,0x34,0x22,0x20,0x78,0x6d,0x6c,0x6e,0x73,0x3d,0x22,0x68,0x74,0x74,0x70,
  0x3a,0x2f,0x2f,0x77,0x77,0x77,0x2e,0x77,0x33,0x2e,0x6f,0x72,0x67,0x2f,0x32,0x30,
  0x30,0x30,0x2f,0x73,0x76,0x67,0x22,0x3e,0x3c,0x70,0x61,0x74,0x68,0x20,0x64,0x3d,
  0x22,0x4d,0x30,0x20,0x30,0x68,0x32,0x34,0x76,0x32,0x34,0x48,0x30,0x7a,0x22,0x20,
  0x66,0x69,0x6c,0x6c,0x3d,0x22,0x6e,0x6f,0x6e,0x65,0x22,0x2f,0x3e,0x3c,0x72,0x65,
  0x63,0x74,0x20,0x78,0x3d,0x22,0x36,0x22,0x20,0x79,0x3d,0x22,0x35,0x2e,0x39,0x35,
  0x37,0x39,0x22,0x20,0x77,0x69,0x64,0x74,0x68,0x3d,0x22,0x31,0x32,0x2e,0x31,0x38,
  0x32,0x22,0x20,0x68,0x65,0x69,0x67,0x68,0x74,0x3d,0x22,0x31,0x32,0x2e,0x35,0x34,
  0x32,0x22,0x20,0x66,0x69,0x6c,0x6c,0x3d,0x22,0x23,0x45,0x30,0x45,0x30,0x45,0x30,
  0x22,0x2f,0x3e,0x3c,0x70,0x61,0x74,0x68,0x20,0x64,0x3d,0x22,0x4d,0x31,0x32,0x20,
  0x32,0x43,0x36,0x2e,0x34,0x38,0x20,0x32,0x20,0x32,0x20,0x36,0x2e,0x34,0x38,0x20,
  0x32,0x20,0x31,0x32,0x73,0x34,0x2e,0x34,0x38,0x20,0x31,0x30,0x20,0x31,0x30,0x20,
  0x31,0x30,0x20,0x31,0x30,0x2d,0x34,0x2e,0x34,0x38,0x20,0x31,0x30,0x2d,0x31,0x30,
  0x53,0x31,0x37,0x2e,0x35,0x32,0x20,0x32,0x20,0x31,0x32,0x20,0x32,0x7a,0x6d,0x2d,
  0x32,0x20,0x31,0x34,0x2e,0x35,0x76,0x2d,0x39,0x6c,0x36,0x20,0x34,0x2e,0x35,0x2d,
  0x36,0x20,0x34,0x2e,0x35,0x7a,0x22,0x2f,0x3e,0x3c,0x2f,0x73,0x76,0x67,0x3e,0xa,
  
    // /home/wangyunxin2/workspace/omnetpp-6.0/src/qtenv/icons/tools/setupbins.svg
  0x0,0x0,0x1,0x21,
  0x3c,
  0x73,0x76,0x67,0x20,0x78,0x6d,0x6c,0x6e,0x73,0x3d,0x22,0x68,0x74,0x74,0x70,0x3a,
  0x2f,0x2f,0x77,0x77,0x77,0x2e,0x77,0x33,0x2e,0x6f,0x72,0x67,0x2f,0x32,0x30,0x30,
  0x30,0x2f,0x73,0x76,0x67,0x22,0x20,0x76,0x69,0x65,0x77,0x42,0x6f,0x78,0x3d,0x22,
  0x30,0x20,0x30,0x20,0x32,0x34,0x20,0x32,0x34,0x22,0x20,0x66,0x69,0x6c,0x6c,0x3d,
  0x22,0x23,0x34,0x30,0x34,0x30,0x34,0x30,0x22,0x20,0x77,0x69,0x64,0x74,0x68,0x3d,
  0x22,0x32,0x34,0x70,0x78,0x22,0x20,0x68,0x65,0x69,0x67,0x68,0x74,0x3d,0x22,0x32,
  0x34,0x70,0x78,0x22,0x3e,0x3c,0x70,0x61,0x74,0x68,0x20,0x64,0x3d,0x22,0x4d,0x30,
  0x20,0x30,0x68,0x32,0x34,0x76,0x32,0x34,0x48,0x30,0x56,0x30,0x7a,0x22,0x20,0x66,
  0x69,0x6c,0x6c,0x3d,0x22,0x6e,0x6f,0x6e,0x65,0x22,0x2f,0x3e,0x3c,0x70,0x61,0x74,
  0x68,0x20,0x64,0x3d,0x22,0x4d,0x31,0x39,0x20,0x33,0x48,0x35,0x63,0x2d,0x31,0x2e,
  0x31,0x20,0x30,0x2d,0x32,0x20,0x2e,0x39,0x2d,0x32,0x20,0x32,0x76,0x31,0x34,0x63,
  0x30,0x20,0x31,0x2e,0x31,0x2e,0x39,0x20,0x32,0x20,0x32,0x20,0x32,0x68,0x31,0x34,
  0x63,0x31,0x2e,0x31,0x20,0x30,0x20,0x32,0x2d,0x2e,0x39,0x20,0x32,0x2d,0x32,0x56,
  0x35,0x63,0x30,0x2d,0x31,0x2e,0x31,0x2d,0x2e,0x39,0x2d,0x32,0x2d,0x32,0x2d,0x32,
  0x7a,0x6d,0x30,0x20,0x31,0x36,0x48,0x35,0x56,0x35,0x68,0x31,0x34,0x76,0x31,0x34,
  0x7a,0x4d,0x37,0x20,0x31,0x30,0x68,0x32,0x76,0x37,0x48,0x37,0x7a,0x6d,0x34,0x2d,
  0x33,0x68,0x32,0x76,0x31,0x30,0x68,0x2d,0x32,0x7a,0x6d,0x34,0x20,0x36,0x68,0x32,
  0x76,0x34,0x68,0x2d,0x32,0x7a,0x22,0x2f,0x3e,0x3c,0x2f,0x73,0x76,0x67,0x3e,0xa,
  
    // /home/wangyunxin2/workspace/omnetpp-6.0/src/qtenv/icons/tools/log.svg
  0x0,0x0,0x1,0x44,
  0x3c,
  0x73,0x76,0x67,0x20,0x78,0x6d,0x6c,0x6e,0x73,0x3d,0x22,0x68,0x74,0x74,0x70,0x3a,
  0x2f,0x2f,0x77,0x77,0x77,0x2e,0x77,0x33,0x2e,0x6f,0x72,0x67,0x2f,0x32,0x30,0x30,
  0x30,0x2f,0x73,0x76,0x67,0x22,0x20,0x76,0x69,0x65,0x77,0x42,0x6f,0x78,0x3d,0x22,
  0x30,0x20,0x30,0x20,0x32,0x34,0x20,0x32,0x34,0x22,0x20,0x66,0x69,0x6c,0x6c,0x3d,
  0x22,0x23,0x34,0x30,0x34,0x30,0x34,0x30,0x22,0x20,0x77,0x69,0x64,0x74,0x68,0x3d,
  0x22,0x32,0x34,0x70,0x78,0x22,0x20,0x68,0x65,0x69,0x67,0x68,0x74,0x3d,0x22,0x32,
  0x34,0x70,0x78,0x22,0x3e,0x3c,0x70,0x61,0x74,0x68,0x20,0x64,0x3d,0x22,0x4d,0x30,
  0x20,0x30,0x68,0x32,0x34,0x76,0x32,0x34,0x48,0x30,0x7a,0x22,0x20,0x66,0x69,0x6c,
  0x6c,0x3d,0x22,0x6e,0x6f,0x6e,0x65,0x22,0x2f,0x3e,0x3c,0x70,0x61,0x74,0x68,0x20,
  0x64,0x3d,0x22,0x4d,0x32,0x31,0x20,0x33,0x48,0x33,0x63,0x2d,0x31,0x2e,0x31,0x20,
  0x30,0x2d,0x32,0x20,0x2e,0x39,0x2d,0x32,0x20,0x32,0x76,0x31,0x32,0x63,0x30,0x20,
  0x31,0x2e,0x31,0x2e,0x39,0x20,0x32,0x20,0x32,0x20,0x32,0x68,0x35,0x76,0x32,0x68,
  0x38,0x76,0x2d,0x32,0x68,0x35,0x63,0x31,0x2e,0x31,0x20,0x30,0x20,0x31,0x2e,0x39,
  0x39,0x2d,0x2e,0x39,0x20,0x31,0x2e,0x39,0x39,0x2d,0x32,0x4c,0x32,0x33,0x20,0x35,
  0x63,0x30,0x2d,0x31,0x2e,0x31,0x2d,0x2e,0x39,0x2d,0x32,0x2d,0x32,0x2d,0x32,0x7a,
  0x6d,0x30,0x20,0x31,0x34,0x48,0x33,0x56,0x35,0x68,0x31,0x38,0x76,0x31,0x32,0x7a,
  0x6d,0x2d,0x32,0x2d,0x39,0x48,0x38,0x76,0x32,0x68,0x31,0x31,0x56,0x38,0x7a,0x6d,
  0x30,0x20,0x34,0x48,0x38,0x76,0x32,0x68,0x31,0x31,0x76,0x2d,0x32,0x7a,0x4d,0x37,
  0x20,0x38,0x48,0x35,0x76,0x32,0x68,0x32,0x56,0x38,0x7a,0x6d,0x30,0x20,0x34,0x48,
  0x35,0x76,0x32,0x68,0x32,0x76,0x2d,0x32,0x7a,0x22,0x2f,0x3e,0x3c,0x2f,0x73,0x76,
  0x67,0x3e,0xa,
    // /home/wangyunxin2/workspace/omnetpp-6.0/src/qtenv/icons/logo/logo128m.png
  0x0,0x0,0x14,0x9b,
  0x89,
  0x50,0x4e,0x47,0xd,0xa,0x1a,0xa,0x0,0x0,0x0,0xd,0x49,0x48,0x44,0x52,0x0,
  0x0,0x0,0x80,0x0,0x0,0x0,0x80,0x8,0x6,0x0,0x0,0x0,0xc3,0x3e,0x61,0xcb,
  0x0,0x0,0x0,0x4,0x73,0x42,0x49,0x54,0x8,0x8,0x8,0x8,0x7c,0x8,0x64,0x88,
  0x0,0x0,0x0,0x9,0x70,0x48,0x59,0x73,0x0,0x0,0x58,0x5e,0x0,0x0,0x58,0x5e,
  0x1,0x8a,0x4c,0xd7,0x21,0x0,0x0,0x0,0x19,0x74,0x45,0x58,0x74,0x53,0x6f,0x66,
  0x74,0x77,0x61,0x72,0x65,0x0,0x77,0x77,0x77,0x2e,0x69,0x6e,0x6b,0x73,0x63,0x61,
  0x70,0x65,0x2e,0x6f,0x72,0x67,0x9b,0xee,0x3c,0x1a,0x0,0x0,0x14,0x18,0x49,0x44,
  0x41,0x54,0x78,0x9c,0xed,0x9d,0x77,0x78,0x54,0x45,0xbf,0xc7,0xbf,0x73,0xb6,0x64,
  0x37,0x5b,0xb2,0x9,0x61,0x43,0x42,0x1a,0x28,0x45,0x51,0x2c,0x5c,0x6c,0x9,0x45,
  0xb0,0xa0,0x82,0xa,0x4a,0x51,0x1,0x3b,0x16,0xd4,0x47,0xb9,0xea,0xfb,0xda,0xee,
  0x13,0x1f,0xf5,0x7a,0x7d,0xbc,0x80,0x60,0x79,0x35,0xa,0x82,0x5,0x11,0xb8,0x80,
  0x48,0x47,0x7d,0x22,0x4,0x51,0x90,0x16,0x8c,0x94,0x4,0x48,0xef,0xd9,0xec,0x6e,
  0xb2,0x9b,0x2d,0xe7,0x9c,0xb9,0x7f,0xf0,0xa2,0x61,0x4b,0x76,0xf7,0xec,0xd9,0x92,
  0x70,0x3e,0xff,0x65,0x66,0xce,0xcc,0x8f,0x3d,0x5f,0xce,0xcc,0xfc,0xe6,0x37,0x33,
  0x80,0x84,0x84,0x84,0x84,0xc4,0x79,0xa,0x89,0xb5,0x1,0x12,0xbe,0xe9,0xb8,0x7a,
  0x40,0x9a,0x5b,0xce,0xe7,0x11,0x6,0x43,0x41,0x91,0x9,0x40,0x5,0x10,0x37,0x0,
  0x33,0x8,0x5f,0xe,0x8a,0x3,0x49,0xe9,0x55,0x87,0xc8,0x6a,0x70,0xe1,0xb4,0x23,
  0x9,0x20,0x8e,0x68,0xce,0x1b,0xa2,0x53,0x32,0x9d,0xf,0x50,0x4a,0x66,0x3,0x18,
  0x81,0xc0,0xef,0xc7,0x4,0xd0,0xd5,0x20,0xa4,0xd0,0xb0,0xab,0xf2,0x80,0x90,0x36,
  0x25,0x1,0xc4,0x1,0x74,0xc4,0x8,0x85,0x45,0xdd,0x3c,0xf,0x20,0xff,0x0,0x90,
  0x2c,0xa8,0x12,0x82,0xcd,0xc,0xcf,0xcc,0xd3,0xef,0x3e,0x7d,0x3c,0xb4,0xc7,0x24,
  0x62,0x4a,0xfb,0xa8,0xec,0x8b,0x39,0x4a,0xbe,0x5,0x70,0x89,0x8,0xd5,0xb9,0x40,
  0xf1,0x4a,0xd2,0xee,0xca,0xf9,0x4,0xa0,0xc1,0x3c,0x20,0x9,0x20,0x86,0x58,0xf2,
  0x72,0x6e,0xa5,0x4,0xab,0x0,0x68,0xc4,0xad,0x99,0xac,0x4e,0xd2,0xc9,0x67,0x91,
  0x2d,0xe5,0xce,0x80,0x25,0xc5,0x6d,0x58,0x22,0x58,0xda,0x46,0xe5,0xde,0x49,0x28,
  0x5d,0x5,0x40,0x11,0xa1,0x26,0xb6,0x26,0xb5,0x69,0xef,0x20,0xa5,0xa5,0xae,0xee,
  0xa,0x31,0x11,0x6a,0x5c,0xa2,0x1b,0x2c,0xf9,0xb9,0x57,0x13,0x4a,0xbf,0x41,0xe4,
  0x5e,0x3e,0x0,0x4c,0xb0,0xa6,0xb4,0x17,0x6,0x2a,0x24,0x7d,0x1,0xa2,0x4c,0xdb,
  0xd8,0x5c,0x3,0x61,0xe9,0x21,0x0,0x39,0xd1,0x68,0x8f,0x2,0xf,0x27,0x17,0x57,
  0x2e,0xf5,0x97,0x2f,0x7d,0x1,0xa2,0xd,0x4b,0xdf,0x44,0x94,0x5e,0x3e,0x0,0x10,
  0x60,0xa1,0x6d,0x54,0x4e,0xba,0xbf,0x7c,0x49,0x0,0x51,0xc4,0x32,0x3a,0x73,0x10,
  0x1,0x1e,0x8f,0x72,0xb3,0x7a,0x17,0xc5,0x2b,0xfe,0x32,0x45,0xeb,0x2,0x1e,0x5b,
  0xf4,0xf1,0x20,0x1b,0x4b,0xc7,0x71,0x14,0x49,0x62,0xd5,0xd9,0x93,0x51,0xca,0x98,
  0xd2,0xe5,0xcf,0x3d,0xb6,0xa9,0x6b,0x9a,0x39,0x3f,0xfb,0x63,0x80,0x3c,0x16,0x3,
  0x73,0x1c,0x32,0xa2,0xc8,0xd6,0xed,0x2a,0x6f,0xf6,0xcc,0x90,0x87,0x5b,0xf3,0xac,
  0x45,0x85,0xb3,0x4a,0x6a,0xcc,0xef,0x7d,0x79,0xa8,0x36,0x85,0xa7,0x41,0x4d,0x3d,
  0xcf,0xb,0xc6,0xf,0x32,0x6e,0x2,0xf0,0x97,0x0,0xe8,0xd8,0x5c,0x95,0x85,0xa5,
  0xd3,0x63,0x64,0x8e,0x8a,0x87,0x6b,0x6,0x80,0xf7,0x3d,0x33,0xc2,0xea,0x2,0xee,
  0xfa,0x9f,0x8f,0x3e,0x58,0x5f,0x52,0xfd,0xc5,0xf1,0x66,0xab,0xf4,0xf2,0x3d,0x48,
  0x4e,0x48,0x58,0xdf,0xf5,0x6f,0x2b,0x47,0xc7,0x3,0x30,0xc4,0xc8,0x1c,0x50,0x4a,
  0x26,0xfb,0x4a,0x17,0x2c,0x80,0x59,0x8b,0xa,0x67,0x6d,0x2f,0xab,0x9f,0xeb,0xe6,
  0xa4,0x17,0xef,0x49,0x82,0x9c,0x81,0x5e,0xcd,0xae,0xec,0x9a,0x46,0x81,0xb1,0x31,
  0x32,0xe7,0x2c,0xd7,0xd2,0x5b,0x2e,0x4c,0xf0,0x4c,0x14,0x2c,0x80,0x3f,0x6a,0xdb,
  0x16,0x4a,0x2f,0xdf,0x37,0x6,0x75,0x82,0xfb,0xa3,0xb9,0x73,0x3b,0xce,0x49,0xa4,
  0xf4,0xd2,0x18,0x99,0x73,0x16,0x95,0xc9,0xea,0xba,0xd0,0x33,0x51,0x90,0x0,0x1e,
  0xfd,0xa0,0x70,0xf0,0xf1,0xe6,0x8e,0x3e,0xe1,0xdb,0xd4,0x3b,0x49,0x54,0xc8,0x7c,
  0x78,0xdf,0x48,0xd4,0xa6,0x7e,0xfe,0x50,0x10,0xc,0xf0,0x4c,0x13,0x24,0x0,0x9b,
  0x83,0x1d,0x2b,0xf5,0xf9,0xfe,0x49,0x54,0x30,0x76,0xcf,0x34,0x2,0xe8,0x63,0x61,
  0x4b,0x57,0x28,0x88,0x97,0xd,0x82,0x4,0xe0,0xe6,0x49,0x4a,0xf8,0xe6,0xf4,0x5e,
  0xa8,0x8f,0xc9,0x35,0x1f,0xf,0x5e,0x57,0xea,0x6d,0x83,0xe4,0x8,0x8a,0x0,0x9d,
  0x2e,0x3e,0xd1,0x33,0x8d,0x0,0xd6,0x58,0xd8,0xd2,0x15,0x8e,0x50,0x2f,0x1b,0x24,
  0x1,0x44,0x0,0xbb,0x9b,0x53,0x7a,0xa7,0xd2,0x8a,0xa8,0x1b,0xe2,0x69,0x1,0xc5,
  0x29,0xcf,0x34,0x49,0x0,0x11,0xc0,0xdc,0xe9,0x54,0x3c,0xf9,0xe1,0x87,0xda,0x73,
  0x12,0x9,0x39,0x12,0x23,0x73,0xce,0xe2,0x48,0xd1,0x2b,0xcb,0x3d,0x13,0x25,0x1,
  0x44,0x0,0x27,0xcb,0xc3,0xda,0x29,0x9f,0xd1,0x35,0x8d,0x0,0x45,0x31,0x32,0xe7,
  0x2c,0x7b,0x7c,0x5,0x88,0x48,0x2,0x88,0x10,0x66,0x97,0xeb,0x8e,0xae,0x7f,0xeb,
  0x65,0xe4,0x47,0x0,0xe6,0x18,0x99,0x3,0x42,0xe8,0x3a,0x5f,0xe9,0x61,0xaf,0x5,
  0x4,0xcb,0xc3,0x57,0xd,0xc4,0x10,0x63,0xcc,0x67,0x42,0x51,0xc3,0xd8,0x50,0x9d,
  0xb1,0xb1,0xcb,0xdf,0xa4,0xa8,0xc2,0x61,0xce,0xcf,0xfe,0x36,0x56,0x8b,0x41,0xc,
  0x94,0x2b,0x7d,0x65,0x44,0x4d,0x0,0x17,0xf4,0xd1,0x62,0x44,0x7f,0x61,0x1,0xaf,
  0x3d,0xd,0x86,0x75,0xe3,0xc2,0xcf,0xbf,0xb8,0xb2,0xf4,0xb5,0xb9,0x57,0xf,0x7b,
  0xe3,0xc3,0xdf,0xce,0xa6,0x13,0x86,0x9f,0x4f,0x79,0xd9,0x23,0x0,0x64,0xd1,0xb4,
  0x87,0x12,0x7c,0xe6,0x6b,0x25,0x10,0x90,0xba,0x80,0x88,0x60,0xd8,0x53,0x4,0x85,
  0xc5,0x4,0x6d,0x6b,0xc3,0x9b,0x5d,0xd3,0x93,0x76,0xd6,0x94,0x51,0xe0,0xe3,0x28,
  0x9b,0x63,0x55,0x2,0xff,0xed,0x2f,0x53,0x12,0x80,0xc8,0x30,0xac,0x1b,0x7d,0x7f,
  0xde,0xa,0x0,0xd0,0x96,0x1f,0x1b,0x77,0xfc,0x95,0xc7,0xfb,0x9f,0x53,0x40,0x4e,
  0x5e,0x5,0x50,0x19,0x2d,0x7b,0x28,0xf0,0x9c,0x66,0x57,0x65,0xbd,0xbf,0x7c,0x49,
  0x0,0x22,0x93,0xfc,0x6b,0x11,0xe4,0x96,0x36,0x0,0x80,0xcc,0xde,0xc1,0xa8,0x4d,
  0xcd,0xdf,0x9c,0x93,0x5f,0x54,0x61,0x26,0x20,0xd3,0x1,0x38,0x22,0x6d,0xb,0x21,
  0x74,0x79,0x77,0xf1,0x80,0x80,0x24,0x0,0x51,0x61,0x9c,0xe,0xa4,0xfe,0xb8,0xf1,
  0x9c,0x34,0xed,0xb1,0x92,0x51,0x55,0xaf,0xce,0xb9,0xa9,0x6b,0x5a,0x52,0x71,0xc5,
  0x6f,0x14,0xb8,0x17,0x0,0x1b,0x31,0x63,0x8,0xdd,0xae,0x37,0xe9,0xe6,0x4,0x2a,
  0x26,0x9,0x40,0x44,0x52,0x8b,0xb6,0x40,0xde,0xd1,0x7e,0x4e,0x1a,0xe3,0x76,0x41,
  0xf5,0xc7,0xe1,0xf5,0xad,0x5,0xf7,0x9d,0x33,0x5,0x4a,0x2e,0xae,0x5c,0xc7,0x80,
  0x4e,0x6,0x60,0x8b,0x80,0x29,0x6b,0x92,0xb4,0xca,0xdb,0x3,0xed,0x9,0x0,0x24,
  0x1,0x88,0x86,0xdc,0x6a,0x46,0x9f,0x9d,0xdb,0x7d,0xe6,0x29,0x5b,0x1a,0xd4,0xf6,
  0x1a,0xf3,0x2f,0x9e,0xe9,0xfa,0xe2,0xaa,0x8d,0x1c,0xa5,0x57,0x13,0xa0,0x54,0x24,
  0x33,0x5c,0x20,0x78,0x31,0xa9,0xb8,0x72,0x5a,0x30,0xbb,0x82,0x0,0x49,0x0,0xa2,
  0x61,0xdc,0xb6,0xe,0x8c,0xcb,0xff,0x6f,0xae,0x3b,0xf6,0xc7,0xb0,0xaa,0x27,0x26,
  0xef,0xf4,0x4c,0xef,0xb3,0xbb,0xaa,0x54,0xdf,0xa6,0xbd,0x12,0x94,0xbc,0x8c,0xf0,
  0x1c,0x45,0x5b,0x19,0x8e,0x5c,0x66,0xd8,0x55,0xf9,0x6e,0xb0,0xfb,0x2,0x1,0x49,
  0x0,0xa2,0x90,0xd0,0x50,0x3,0xc3,0xbe,0xdd,0x1,0xcb,0xe9,0x8f,0x1c,0x18,0x55,
  0xf5,0xe4,0x94,0x22,0x5a,0x50,0x70,0xce,0xef,0x4e,0x4a,0x4b,0x5d,0x86,0xdd,0x15,
  0x6f,0xf3,0x2a,0x59,0x2e,0x5,0xfe,0x13,0xc0,0xa1,0x20,0x9b,0x36,0x3,0x58,0x4a,
  0x78,0xfe,0x2a,0x43,0x71,0xe5,0x2d,0xfa,0x3d,0x15,0xc7,0x42,0xb5,0x3d,0x6a,0x8e,
  0xa0,0x5e,0xb,0xa5,0x48,0x5f,0xff,0x35,0x8,0xe5,0x83,0x2a,0xae,0x2f,0xd9,0x3f,
  0xa6,0x6e,0xa0,0xad,0xf2,0x78,0xc1,0x9c,0x2b,0x86,0x14,0x14,0xb6,0x74,0xcd,0x4b,
  0xf9,0xe1,0x94,0x5,0xc0,0x2,0x0,0xb,0x9a,0xf3,0xb2,0x32,0x14,0x90,0x8d,0x22,
  0x84,0x1f,0x4a,0xc1,0x64,0x0,0x30,0x10,0xc2,0x77,0x82,0x32,0x66,0x80,0x9e,0x0,
  0x25,0x7,0xf4,0x8a,0x8a,0xdf,0x49,0x51,0x78,0x3,0x49,0x49,0x0,0x61,0x92,0xbc,
  0x6f,0x17,0x34,0x27,0x43,0xda,0x92,0xf,0xcd,0xa9,0x63,0x99,0xca,0xb6,0xe6,0xda,
  0xd3,0xcf,0xdf,0xff,0xc2,0x80,0xff,0x5d,0xbe,0xd8,0x57,0x99,0xbe,0xbb,0xab,0xeb,
  0x0,0x7c,0x2b,0x86,0x8d,0xdd,0x21,0x75,0x1,0x61,0x20,0xb7,0xb5,0x23,0x6d,0xd3,
  0x6a,0x41,0xcf,0x2a,0xda,0x5a,0x95,0xc9,0xbf,0xfd,0xbc,0xa8,0xe6,0xe1,0x5b,0x8f,
  0x9d,0x7a,0xed,0x89,0x51,0x22,0x9b,0x16,0x34,0xd2,0x17,0x20,0xc,0xd2,0x36,0x7e,
  0xb,0x99,0x3d,0x8c,0x59,0x1c,0xa5,0xd0,0x1e,0x2f,0x1d,0x42,0xcb,0x8e,0xed,0xac,
  0x79,0x60,0x42,0x85,0xdb,0x98,0xbe,0xd0,0x9e,0xd8,0xf1,0xf1,0xb0,0x82,0xd5,0x1,
  0xa7,0x6f,0x5d,0x79,0xe4,0xbd,0x4f,0x87,0x33,0x32,0xb9,0xab,0xf0,0xe9,0x7,0xa5,
  0x31,0x40,0xb4,0xd0,0x9c,0x3c,0xe,0xc3,0xfe,0x3d,0xa2,0xd4,0x45,0x78,0xe,0xda,
  0xf2,0xa3,0xb9,0x28,0x3f,0xba,0x48,0xaf,0xd1,0x2c,0x5c,0xf9,0xee,0x1b,0x3b,0x57,
  0xb0,0x7d,0x6a,0xb4,0x9,0x4c,0x91,0x46,0xc9,0xec,0x32,0x1b,0xeb,0x2a,0x56,0x4f,
  0x2b,0x70,0x1,0xc0,0xa4,0x82,0x4f,0x12,0x93,0x93,0xc8,0x75,0x76,0x96,0xcb,0xb3,
  0x76,0xba,0xc6,0xd7,0x59,0x3a,0x2f,0x5b,0x71,0xb8,0x52,0x3f,0xf1,0xe2,0xcc,0x97,
  0x1,0xbc,0x1d,0x6a,0xdb,0x92,0x0,0x4,0xc0,0xb8,0x1c,0xc8,0x58,0xb3,0xc,0x10,
  0x39,0x32,0x9a,0x97,0x2b,0xd0,0x30,0x71,0x6,0x53,0xd3,0x77,0xf0,0xd8,0xed,0x5b,
  0x8f,0x0,0xc0,0xcc,0xb3,0x79,0x86,0x47,0xa,0xa8,0x9b,0xe3,0xc8,0x8e,0x8a,0x6a,
  0x51,0xdb,0x94,0x4,0x20,0x80,0xf4,0x75,0x5f,0x41,0xd9,0xd2,0x28,0x6a,0x9d,0x6e,
  0x43,0x32,0xaa,0x67,0x3f,0x85,0xce,0xac,0x1,0x40,0x65,0x8b,0x57,0xbe,0x83,0x65,
  0x23,0x12,0x55,0x2c,0x9,0x20,0x44,0x74,0xa5,0x7,0x61,0xf8,0xdd,0xcb,0xa9,0x17,
  0x16,0xf6,0x81,0x43,0x50,0x3d,0xeb,0x49,0xb0,0x5a,0x9d,0xa8,0xf5,0x6,0x83,0x24,
  0x80,0x10,0x90,0x77,0xb4,0x9f,0xf9,0xf4,0x8b,0x48,0xdb,0x35,0x63,0x51,0x7f,0xe7,
  0x7d,0xa0,0xb2,0xa8,0xc6,0x88,0xfc,0x85,0x24,0x80,0x60,0xa1,0x14,0x19,0xab,0x96,
  0x78,0x2d,0xf6,0x8,0x85,0x97,0x2b,0x50,0x77,0xf7,0x6c,0x58,0x46,0xe4,0x89,0x52,
  0x9f,0x50,0x24,0x1,0x4,0x49,0x4a,0xf1,0xf,0xd0,0x1d,0x2d,0x11,0xa5,0x2e,0x57,
  0x9f,0xbe,0xa8,0xba,0xff,0x69,0x38,0xd3,0x33,0x45,0xa9,0x2f,0x1c,0x24,0x1,0x4,
  0x41,0x62,0x45,0x19,0xfa,0x6d,0x5e,0x25,0x4a,0x5d,0xf6,0x1,0x83,0x51,0x3d,0x7b,
  0x6e,0x4c,0xfa,0x7b,0x5f,0x48,0x2,0x8,0x80,0xc2,0x6a,0x46,0xe6,0x97,0xff,0x2,
  0x61,0xc3,0x3a,0x93,0x19,0x40,0xec,0xfb,0x7b,0x5f,0x48,0x2,0xe8,0x6,0x86,0x63,
  0x91,0xb5,0xec,0x7d,0x28,0xac,0xe1,0x85,0xf3,0xf3,0x32,0x39,0xea,0xef,0x9a,0x5,
  0xf3,0xc8,0x98,0x79,0x7c,0xfd,0x22,0x9,0xa0,0x1b,0xfa,0xad,0xfd,0xa,0xea,0xea,
  0xd3,0x61,0xd5,0xc1,0xea,0xd,0xa8,0x9e,0x3d,0x17,0xf6,0x9c,0xb,0x44,0xb2,0x4a,
  0x5c,0x24,0x1,0xf8,0x21,0x65,0x4f,0x11,0x92,0xf7,0x7a,0xc5,0x6f,0x84,0x84,0xa3,
  0x7f,0xe,0xaa,0x1e,0x78,0x6,0x6e,0x43,0xfc,0xee,0x87,0x90,0x4,0xe0,0x3,0x4d,
  0xf9,0x31,0xf4,0xdb,0xf0,0x75,0x58,0x75,0x98,0x47,0xe6,0xa3,0xfe,0xae,0xd9,0xe0,
  0x65,0xf1,0xfd,0x13,0xc7,0xb7,0x75,0x31,0x20,0xa1,0xa1,0x6,0x59,0xcb,0x3f,0x10,
  0x3c,0xe8,0xa3,0x8c,0xc,0x4d,0x13,0x26,0xa3,0xe5,0xfa,0x5b,0x45,0xb6,0x2c,0x32,
  0x48,0x2,0xe8,0x82,0xa2,0xad,0x5,0xb9,0x9f,0x2e,0x80,0xcc,0xe1,0x75,0xc2,0x4b,
  0x50,0xb0,0xba,0x24,0xd4,0xdc,0xf7,0x38,0x6c,0x17,0xc,0x11,0xd9,0xb2,0xc8,0x21,
  0x9,0xe0,0xdf,0xc8,0x6c,0x1d,0xc8,0xf9,0x6c,0x21,0xe4,0x2,0x47,0xfc,0xf6,0x1,
  0x83,0x50,0x3d,0xf3,0x9,0xb0,0xfa,0x98,0x1d,0x5,0x28,0x8,0x49,0x0,0x0,0x88,
  0xdb,0x85,0xec,0x65,0xef,0x23,0xa1,0xc9,0xef,0xe,0xaa,0x6e,0x89,0xc7,0xf9,0x7d,
  0xb0,0x9c,0xf7,0x2,0x20,0x94,0x47,0xd6,0x8a,0x42,0x24,0x56,0x94,0x85,0xfc,0x2c,
  0x9f,0xa0,0x42,0xed,0xb4,0x7,0x61,0x1d,0x3e,0x32,0x2,0x96,0x45,0x87,0xf3,0x5b,
  0x0,0x3c,0x45,0xc6,0xea,0xa5,0xd0,0xfd,0x11,0xfa,0x85,0x5b,0xce,0x7e,0x99,0xa8,
  0x9e,0x3d,0x17,0xce,0xbe,0x69,0x11,0x30,0x2c,0x7a,0x9c,0xb7,0x2,0x20,0x94,0x47,
  0xc6,0xea,0xa5,0x82,0xd6,0xf6,0xcd,0x57,0x5e,0x8b,0xba,0xbb,0x66,0x83,0x2a,0xbd,
  0x4e,0x5e,0xed,0x71,0x9c,0x97,0x2,0x20,0x94,0x47,0xff,0x6f,0x3f,0x47,0xd2,0xfe,
  0xd0,0x5e,0x3e,0x2f,0x93,0xa3,0xf1,0xb6,0xa9,0x30,0x8d,0xba,0x31,0x42,0x96,0x45,
  0x9f,0xf3,0x4e,0x0,0x84,0xf2,0xc8,0x58,0xb9,0x4,0x49,0x7,0x42,0xb,0xe8,0x74,
  0x1b,0x92,0x51,0x33,0x6b,0x2e,0xec,0xd9,0x3,0x23,0x64,0x59,0x6c,0x38,0xaf,0x4,
  0x70,0xe6,0xe5,0x7f,0x6,0xc3,0x81,0x5f,0x43,0x7a,0xae,0xfd,0xa2,0xe1,0xa8,0x9d,
  0xf1,0x28,0xb8,0x44,0x91,0x6f,0x77,0x8b,0x3,0xce,0x1b,0x1,0x10,0x8e,0x43,0xe6,
  0xd7,0x9f,0x40,0x7f,0xe4,0xf7,0xa0,0x9f,0xa1,0x32,0x19,0x9a,0x26,0x4c,0x41,0xcb,
  0x98,0x9,0x0,0x89,0xfd,0x49,0xaf,0x91,0xe0,0xbc,0x10,0x0,0xc3,0xb1,0xc8,0xfc,
  0xf2,0x5f,0xd0,0x95,0x1e,0xc,0xfa,0x19,0x57,0x6a,0x1a,0x6a,0xee,0x9d,0x73,0x26,
  0x4a,0xb7,0x17,0xd3,0xeb,0x5,0x20,0x73,0xd8,0x91,0xb5,0xec,0xfd,0x90,0xf6,0xef,
  0x59,0x87,0x8f,0x44,0xdd,0xd4,0xfb,0xc1,0xa9,0xbc,0x8e,0xfc,0xed,0x75,0xf4,0x6a,
  0x1,0xc8,0x2d,0x6d,0xc8,0x59,0xfa,0x1e,0x54,0x75,0xc1,0x6d,0xa6,0xe0,0x13,0x54,
  0xa8,0x9f,0x3c,0x13,0xe6,0x11,0xd7,0x45,0xd8,0xb2,0xf8,0xa1,0xd7,0xa,0x20,0xa1,
  0xa1,0x6,0xb9,0x9f,0xbd,0x7,0xb9,0xc5,0x14,0x54,0xf9,0xce,0xac,0x1,0xa8,0xb9,
  0x77,0xe,0x5c,0xa9,0x3d,0xdb,0xb1,0x13,0x2a,0xbd,0x52,0x0,0x9a,0xb2,0x3f,0x91,
  0xfd,0xc5,0x7,0x60,0x1c,0x81,0xf,0xe2,0xa2,0x8c,0xc,0xad,0x63,0x6e,0x46,0xd3,
  0x4d,0x93,0x41,0xe5,0x3d,0xcf,0x97,0x1f,0x2e,0xbd,0x4e,0x0,0x86,0xdf,0x77,0x23,
  0x63,0xcd,0x32,0x10,0x2e,0xf0,0x7a,0xbe,0x2b,0x25,0x15,0xb5,0xd3,0x1f,0x81,0x7d,
  0xe0,0xe0,0x88,0xd9,0xc3,0x52,0xe,0x27,0x3a,0x1a,0x70,0xd4,0x5a,0x8f,0x9a,0x4e,
  0x13,0x6a,0xed,0x6d,0x68,0x75,0xdb,0xe0,0xe4,0xdc,0xb0,0x73,0x67,0x36,0x1,0x6b,
  0xe4,0x2a,0xa8,0x18,0x39,0x8c,0x2a,0x1d,0xfa,0xab,0x52,0xc0,0x39,0x95,0x90,0xa9,
  0x1d,0xe0,0x3a,0x55,0x11,0xb3,0xeb,0x2c,0xbd,0x47,0x0,0x94,0xa2,0xef,0x8e,0xd,
  0x30,0xee,0xf8,0x2e,0x70,0x59,0x42,0xd0,0x76,0xf5,0x18,0x34,0x4c,0x9a,0x6,0x5e,
  0x29,0xfe,0x8f,0xec,0xe2,0x59,0xec,0x33,0x9d,0x46,0x51,0xcb,0x31,0x1c,0xb1,0xd4,
  0xc0,0xc5,0x77,0x7f,0x88,0x87,0x8d,0x75,0xc0,0x6,0xa0,0xd5,0xd5,0x81,0xa3,0xd6,
  0x33,0x2b,0x92,0xda,0x41,0x0,0xe5,0x64,0x60,0xdb,0x75,0x70,0xb5,0x19,0xc0,0x76,
  0x68,0x43,0x38,0xf9,0x27,0x78,0x7a,0x85,0x0,0x18,0xd6,0x8d,0xf4,0x35,0xcb,0x61,
  0x8,0xc2,0xb5,0xcb,0xea,0xd,0xa8,0x9d,0xfe,0x10,0x3a,0x6,0x5f,0x22,0xba,0x1d,
  0x16,0x77,0x27,0xbe,0xaf,0x3f,0x88,0x6d,0x8d,0x47,0x60,0x63,0x43,0xda,0xe2,0xef,
  0x13,0x22,0xe3,0xa0,0x30,0x98,0xa1,0x30,0x98,0xc1,0xbb,0x15,0x70,0x36,0xa7,0xc2,
  0x6d,0x4a,0x6,0xe5,0xc5,0x3b,0xd7,0xa3,0xc7,0xb,0x40,0x61,0x6e,0x43,0xd6,0x17,
  0x1f,0x4,0x15,0xbd,0x6b,0x1d,0x3e,0x12,0x75,0x53,0x66,0x81,0xd3,0x68,0x3,0x96,
  0xd,0x5,0x7,0xe7,0xc6,0xea,0xda,0x7d,0xd8,0x5c,0x7f,0x18,0xce,0x0,0xff,0xdb,
  0x85,0xc2,0x28,0xdc,0x50,0x67,0xd4,0x43,0x65,0x6c,0x82,0xb3,0x29,0xd,0xce,0xd6,
  0x14,0x51,0xbe,0x8,0x3d,0x5a,0x0,0xda,0x13,0xa5,0xc8,0x5c,0xf1,0x9,0x64,0xb6,
  0x8e,0x6e,0xcb,0xb1,0x5a,0x1d,0x1a,0xee,0x98,0x9,0xcb,0xe5,0xe2,0xaf,0xdb,0xff,
  0xde,0x76,0x1a,0x85,0xa7,0x7e,0x46,0x8b,0x4b,0x9c,0x3d,0x83,0x81,0x20,0x72,0xe,
  0xaa,0x8c,0x3a,0x28,0x92,0x4d,0xe8,0xac,0xe9,0xf,0xae,0x53,0x1d,0x56,0x7d,0x3d,
  0x53,0x0,0x94,0x22,0xb5,0x68,0xb,0x8c,0x5b,0xd6,0x6,0x3c,0x9d,0xcb,0x3a,0x7c,
  0x24,0xea,0xa7,0xcc,0x4,0xab,0x11,0x77,0x2b,0x16,0x47,0x79,0xac,0xa8,0xfe,0x15,
  0xeb,0x6b,0xf,0x80,0x46,0xa2,0x73,0xe,0x80,0x4c,0xed,0x80,0x76,0xd0,0x29,0x38,
  0xea,0x8d,0x70,0xb6,0xf4,0x15,0x5c,0x4f,0x8f,0x13,0x0,0xe3,0x74,0xa0,0xff,0xaa,
  0xa5,0xd0,0x97,0x74,0xef,0xd3,0x77,0x27,0xa7,0xa2,0xee,0xee,0xd9,0x11,0xe9,0xeb,
  0xdb,0xdd,0x9d,0x78,0xf3,0xd8,0x46,0x94,0x75,0x34,0x88,0x5e,0x77,0x68,0x50,0xa8,
  0xd2,0x1b,0x21,0x53,0x3b,0xc0,0x23,0x4d,0xd0,0xbb,0xec,0x51,0x2,0x50,0x57,0x9f,
  0x46,0xe6,0x8a,0xc2,0xee,0x4f,0xe7,0x60,0x8,0x4c,0x79,0x37,0xa0,0x71,0xc2,0xe4,
  0x88,0x8c,0xf0,0x9b,0x9d,0xed,0x78,0xfd,0xcf,0xef,0x50,0xe7,0x68,0x13,0xbd,0x6e,
  0xa1,0x28,0xc,0x16,0xec,0xc3,0x9e,0x7,0x52,0x16,0xdf,0xb2,0xc8,0xf4,0xcc,0x96,
  0x90,0xae,0xa7,0xeb,0x19,0x2,0xa0,0x14,0x29,0xc5,0x3f,0xa0,0xdf,0xe6,0x55,0xdd,
  0xc6,0xeb,0x77,0x66,0xe6,0xa2,0xe1,0xce,0xfb,0x22,0xb6,0xd,0xcb,0xe4,0xb2,0xe1,
  0xb5,0xd2,0xb5,0x68,0x72,0xc6,0xfc,0xa,0x40,0x2f,0x1c,0xb0,0xf,0x54,0x72,0x9,
  0x9b,0x32,0x17,0x4c,0xbd,0xa9,0x66,0xde,0xea,0xce,0x60,0x9f,0x8b,0x7b,0x1,0xc8,
  0xdb,0x2d,0xe8,0xbf,0x72,0x9,0xb4,0x27,0xfe,0xf0,0x5b,0x86,0x4b,0xd4,0xa0,0xe9,
  0x86,0xdb,0x61,0xca,0xbb,0x1,0x60,0x22,0xb3,0x6c,0x6b,0x63,0x5d,0x78,0xeb,0xe8,
  0xf7,0x21,0xbf,0x7c,0xa3,0x4a,0xf,0xd,0x93,0x80,0xea,0x4e,0x13,0x58,0x1a,0xfe,
  0xe,0xe3,0xee,0xa0,0x14,0xf9,0x6e,0xb8,0x57,0xa1,0x60,0xec,0x64,0x14,0x14,0x5,
  0x35,0x1d,0x89,0x6b,0x1,0xe8,0xfe,0x38,0x80,0xfe,0x6b,0x96,0xf9,0x1f,0xe5,0x33,
  0x4,0xe6,0x2b,0xae,0x45,0xe3,0xa4,0xe9,0xa2,0xf,0xf2,0xba,0x42,0x41,0xb1,0xf8,
  0xe4,0xe,0x9c,0xb6,0xfb,0xbc,0x76,0xc7,0x27,0x6a,0x99,0x12,0xcf,0x5e,0x78,0x23,
  0x46,0xa6,0x9c,0x89,0x20,0x6a,0x73,0xd9,0xf0,0x59,0xc5,0x4e,0xec,0x69,0xf5,0xba,
  0xba,0x4f,0x6c,0x26,0xa6,0x25,0x25,0xbf,0xd9,0x8,0xfc,0x33,0x98,0xc2,0x71,0x29,
  0x0,0x99,0xdd,0x86,0xf4,0xd,0x2b,0x91,0xb4,0xdf,0xff,0x1,0xcc,0xb6,0x41,0x17,
  0xa3,0x61,0xe2,0x74,0x38,0x32,0xb2,0x22,0x6e,0xcf,0xba,0xda,0xfd,0xd8,0x67,0xf2,
  0xba,0x74,0xb3,0x5b,0x66,0xe7,0xe4,0xfd,0xf5,0xf2,0x1,0x20,0x59,0xa9,0xc1,0xb,
  0x83,0x6f,0xc1,0xd6,0x86,0x23,0xf8,0xbc,0x72,0x17,0xdc,0x7c,0x4,0xbf,0x6,0x94,
  0xbe,0x98,0xb6,0x60,0xf2,0x9e,0xc6,0x79,0xeb,0x2,0xba,0x45,0xe3,0x4e,0x0,0xba,
  0x3f,0xf,0x21,0x63,0xed,0x97,0x7f,0x5d,0xbb,0xe2,0x89,0xd3,0x98,0x8e,0xa6,0x9b,
  0xef,0x8c,0x5a,0x2c,0x7e,0x85,0xbd,0x5,0xdf,0x54,0xff,0x16,0xb8,0xa0,0x7,0xd7,
  0xf6,0xf1,0x3d,0xe,0x99,0xd0,0xef,0x52,0xc,0xd5,0xa7,0x63,0xfe,0x89,0xad,0xa8,
  0xed,0x8c,0xd8,0x40,0x92,0x0,0xb4,0x30,0xfb,0xed,0xdb,0x76,0x56,0xbd,0xb4,0xa9,
  0xdb,0x46,0xe2,0x46,0x0,0xf2,0x76,0x2b,0xd2,0x36,0xad,0xf2,0xeb,0xce,0x65,0x93,
  0x92,0xd1,0x74,0xc3,0x24,0x98,0xaf,0x1e,0xd,0x4a,0xa2,0x73,0xc4,0x31,0x5,0xc5,
  0x92,0xd3,0x3b,0xc1,0x5,0x79,0x12,0x78,0x57,0x12,0x65,0xfe,0x43,0xc6,0x73,0x13,
  0x53,0x31,0x7f,0xf8,0xc,0x7c,0x55,0xf5,0xb,0x36,0xd6,0x1f,0xe,0xc7,0xc4,0xee,
  0x30,0x3a,0x12,0x14,0x6f,0x2,0x98,0xdb,0x5d,0xa1,0xd8,0xb,0x80,0x52,0x24,0x1d,
  0xf8,0x5,0xe9,0x1b,0x56,0xfa,0x3c,0x77,0x97,0x4b,0xd4,0xa0,0x75,0xcc,0x4,0xb4,
  0xe4,0xdf,0x8,0xaa,0xf4,0x71,0x27,0x73,0x4,0xd9,0xd5,0x52,0x86,0x52,0x6b,0xad,
  0xa0,0x67,0x3,0xd,0x45,0x95,0x8c,0x1c,0xf,0xe5,0x8e,0xc6,0x40,0x8d,0x11,0x85,
  0xa7,0x8a,0xe0,0xe0,0xdd,0x82,0xda,0x9,0x60,0xc3,0xe3,0xc6,0xf7,0x6e,0xff,0xa4,
  0xe9,0xd9,0xd,0x7e,0x4f,0xb7,0x8a,0xa9,0x0,0x12,0x9a,0xea,0x91,0xbe,0xfe,0x6b,
  0x68,0xca,0xfe,0xf4,0xca,0xe3,0x13,0x54,0x30,0x5d,0x37,0xe,0x2d,0xe3,0x6e,0x8d,
  0x49,0x68,0x16,0x5,0xc5,0xda,0x9a,0xe0,0x3,0x48,0xbd,0x9f,0xf,0x8e,0xb1,0x7d,
  0x87,0x62,0xb0,0x2e,0xd,0xf3,0x8f,0x6f,0xb,0x69,0x90,0x19,0x24,0xc,0xe1,0x99,
  0x57,0x0,0x4c,0xf7,0x57,0x20,0x26,0x2,0x60,0x1c,0x9d,0x30,0x6e,0x5b,0x8f,0x94,
  0x5f,0x7e,0x2,0xf1,0x18,0xc,0xf1,0x4a,0x15,0x4c,0x79,0xe3,0xd0,0x72,0xfd,0x2d,
  0xe0,0xd4,0xb1,0xb,0xc3,0xfe,0xcd,0x74,0xa,0x55,0x9d,0xad,0x82,0x9f,0x67,0x42,
  0x88,0x22,0xce,0x50,0x25,0xe3,0x9d,0xe1,0x53,0xf1,0x45,0xe5,0x6e,0x6c,0xaa,0x2f,
  0x11,0xdb,0xb5,0x7c,0x77,0xc6,0x7b,0xb7,0xf,0xa9,0x7b,0x76,0x83,0xcf,0xa0,0xc8,
  0xe8,0xa,0x80,0x52,0x18,0xf6,0xef,0x41,0xda,0xe6,0x55,0x90,0xb7,0x9f,0x3b,0x9f,
  0xe6,0xd4,0x1a,0x98,0xf2,0xc6,0xc1,0x94,0x7f,0x43,0x44,0xa7,0x74,0xc1,0xb2,0xbd,
  0xd1,0xbf,0xdf,0x21,0x12,0xc8,0x89,0xc,0xf,0xe5,0x8e,0xc6,0x25,0xfa,0x4c,0x7c,
  0x70,0xf2,0x7,0x74,0xb0,0x41,0xdd,0xf9,0x14,0xc,0xc,0xcb,0x93,0x87,0x1,0xbc,
  0xe8,0xb3,0x5d,0xb1,0x5a,0x9,0x84,0xaa,0xbe,0xa,0x3,0xd7,0x7d,0x8,0x75,0x4d,
  0xc5,0x39,0xe9,0xac,0x4e,0xf,0xd3,0x35,0xd7,0xc3,0x34,0xfa,0xc6,0xb8,0x89,0xc2,
  0x35,0xb9,0x6c,0x28,0x31,0x87,0x79,0x2a,0x37,0x25,0x81,0x7,0x2,0x3e,0xb8,0x2a,
  0x65,0x20,0x16,0x68,0xef,0xc1,0xc2,0x13,0xdb,0x70,0xb4,0x5d,0xd8,0x76,0x75,0x4f,
  0x8,0x21,0xf7,0x61,0xd5,0xd4,0x97,0x30,0x6d,0xb5,0xd7,0xdc,0x33,0x6a,0x2,0x30,
  0x6e,0x59,0xb,0xb5,0xed,0xef,0x1,0x95,0xd3,0x98,0x8e,0x96,0xb1,0x13,0x60,0xb9,
  0xe2,0xba,0xb8,0x8b,0xc5,0xfb,0xa5,0xb5,0x1c,0x7c,0xb8,0x9f,0x61,0x42,0x21,0x48,
  0x1,0x0,0x52,0x95,0x3a,0xbc,0x3e,0x6c,0xa,0x56,0x54,0xed,0xc1,0x77,0x75,0x7,
  0xc3,0xef,0x12,0x28,0x32,0xfa,0xd5,0xb0,0xf9,0xd,0xc0,0xcf,0x9e,0x59,0xd1,0xed,
  0x2,0x8,0x41,0xc7,0xa0,0x61,0x68,0x1d,0x7d,0x13,0x3a,0x6,0xf,0x8b,0xdb,0xdd,
  0x36,0x25,0x96,0xf0,0xcf,0xe4,0xf,0xf7,0x5f,0x26,0x27,0xc,0x66,0xe7,0xe4,0xe1,
  0x72,0x43,0x36,0x16,0x95,0xef,0x40,0x9b,0x2b,0xcc,0xfb,0x25,0x29,0x1d,0x8f,0x58,
  0xa,0xc0,0x76,0xe1,0x45,0x28,0xbf,0xe1,0x71,0x38,0xfb,0xf5,0xf,0x5c,0x38,0x86,
  0xf0,0xa0,0x38,0xda,0x2e,0x6c,0xea,0x17,0x9,0x86,0x27,0x65,0x61,0xc1,0xf0,0x7b,
  0xb0,0xb8,0x6c,0x7,0xe,0x5a,0x84,0xdf,0x39,0x4d,0x9,0xc6,0x3,0xf8,0x2f,0xcf,
  0xf4,0xa8,0x5d,0x1a,0xd5,0x3a,0xfa,0xe6,0xb8,0x7f,0xf9,0x0,0xd0,0xe0,0x30,0x8b,
  0x13,0xcf,0x17,0xf6,0x37,0xe0,0x6f,0x92,0x14,0x6a,0xbc,0x7a,0xf1,0x24,0x3c,0x9c,
  0x3b,0x1a,0x72,0xe1,0x4e,0xb0,0x2b,0xe0,0x71,0x5f,0x21,0x20,0xdd,0x1a,0xe6,0x45,
  0xad,0x3d,0x7e,0xd6,0xf9,0xbb,0x42,0x40,0x70,0x5b,0xfa,0x65,0x78,0xeb,0x92,0xbb,
  0x60,0x4c,0xd0,0x7,0x7e,0xc0,0x1b,0x75,0xba,0xb6,0xc4,0x6b,0xe1,0x44,0x12,0x80,
  0x7,0xb5,0x8e,0xf0,0xce,0x5,0x8e,0x34,0x83,0xb4,0xfd,0xf0,0xee,0xa5,0xd3,0xf0,
  0x1f,0xc9,0xb9,0x21,0x3f,0xcb,0x31,0xbc,0xd7,0xf9,0x75,0x21,0x9,0xa0,0x39,0x6f,
  0x88,0xce,0x92,0x9f,0xf3,0xe4,0xdd,0x3b,0x57,0x3d,0x17,0x72,0xeb,0x3d,0x84,0xe,
  0x36,0xf0,0x6e,0xa2,0x58,0xa3,0x53,0xa8,0xf1,0xd2,0xd0,0x89,0x98,0xd0,0x6f,0x78,
  0x48,0xcf,0x11,0x82,0x3e,0x9e,0x69,0x41,0xd,0x2,0xad,0xd7,0xe6,0xe,0xe5,0x65,
  0x78,0x0,0x70,0xcc,0xa1,0x80,0xd5,0xa4,0x49,0x2e,0x7,0x60,0xc,0xa9,0xf5,0x1e,
  0x42,0x27,0x17,0xbe,0x4f,0x5e,0xcc,0xfe,0xbf,0xbb,0x36,0x1e,0xcc,0xc9,0x47,0x71,
  0xcb,0xf1,0x50,0x9c,0x46,0x5e,0x1e,0x36,0xbf,0x5f,0x80,0xf6,0xeb,0x2e,0x30,0x5a,
  0x46,0x65,0x3f,0x6d,0xce,0xcf,0xd9,0xc3,0xcb,0xe8,0x7a,0x50,0xca,0x51,0x6,0xe3,
  0xd,0xc5,0x95,0xb9,0x3f,0x8d,0xb8,0xf1,0x7b,0xa1,0x86,0xc7,0x3b,0x81,0x76,0xf1,
  0xc4,0x13,0xa,0x46,0x86,0x6c,0x75,0x6a,0xf0,0xf,0xf0,0xf0,0xf2,0xb4,0x9d,0xf3,
  0x5,0x68,0xb8,0x29,0x4d,0xa3,0xb6,0xa9,0xee,0xe4,0x9,0xee,0xe1,0xe0,0xee,0x4b,
  0x79,0x66,0x2b,0x95,0xb1,0x73,0x52,0x76,0xd6,0x1c,0x9,0xdf,0xdc,0x9e,0x81,0x92,
  0x9,0x7f,0x66,0x4c,0x48,0x74,0xc2,0xc4,0x29,0x68,0x68,0xfb,0x11,0x18,0x78,0x9d,
  0x81,0x2b,0xa7,0xb7,0x5c,0x98,0x60,0xb5,0xba,0xc7,0x83,0x60,0x3c,0xb5,0x53,0xd,
  0x18,0x5a,0x2c,0xe7,0x14,0xf,0xe9,0x7e,0x39,0xd9,0x24,0xa6,0xb1,0x3d,0x5,0xb5,
  0x4c,0x11,0x6b,0x13,0x82,0xe6,0xe7,0xe6,0xe3,0xa1,0xc6,0x28,0x7a,0xa9,0x45,0x6e,
  0xed,0x70,0xcd,0xa1,0xc,0xd9,0x9d,0xb4,0xab,0xf2,0x79,0x12,0x91,0xed,0x87,0x3d,
  0xb,0xad,0x5c,0x84,0x50,0x72,0x1a,0xd9,0x31,0x0,0x5,0xc5,0xc6,0xfa,0x43,0xf8,
  0xb2,0x32,0xb4,0x63,0xee,0x28,0x85,0xd7,0xf2,0xa6,0x3c,0x69,0x57,0xd5,0xfb,0xa2,
  0x59,0xd6,0xb,0xc8,0x50,0x85,0x7f,0xd8,0x33,0x89,0xa0,0x8b,0xdb,0xc6,0xba,0xf0,
  0xd1,0xa9,0x1f,0x5,0x5,0x97,0x32,0x4,0x27,0x3c,0xd3,0xa2,0xe6,0xa,0x3e,0xd9,
  0xda,0x1,0xb9,0x2c,0xfe,0xdd,0xe,0x66,0x77,0x7c,0x2d,0x4c,0x75,0xa5,0xac,0xa3,
  0x11,0xf3,0xcb,0xb6,0xa2,0xc9,0x21,0x64,0x5f,0x2,0x75,0x34,0xf4,0x57,0x7a,0x2d,
  0x72,0x44,0x4d,0x0,0x4b,0xf6,0x86,0x16,0x55,0x1b,0x3b,0x28,0xf4,0x97,0x30,0x20,
  0x4c,0xe8,0x71,0x80,0x67,0x11,0xfb,0xff,0x3f,0x5,0xc5,0xe6,0xfa,0x12,0x2c,0xaf,
  0x2c,0x6,0x2b,0x20,0x3e,0xf1,0xc,0xe4,0x60,0x4c,0x97,0x83,0x7b,0xe,0x4,0xac,
  0x4d,0x3,0x85,0x2e,0x3a,0xbb,0x7d,0x3,0x61,0x65,0x3b,0xb1,0xa8,0x6c,0x7,0xe,
  0x9a,0x85,0x2f,0x4,0xfd,0x9b,0x1f,0x7d,0x25,0x4a,0x2,0xf0,0x1,0xdb,0xae,0xd,
  0x4f,0x0,0x22,0x7d,0x2,0x4a,0xad,0xb5,0x58,0x58,0xb6,0xd,0xa6,0x70,0x97,0x82,
  0x1,0x10,0xca,0xff,0xe4,0x2b,0x5d,0x12,0x80,0xf,0xdc,0x16,0x3d,0xd4,0xe9,0xf5,
  0xe2,0x7f,0xcb,0x83,0x84,0x7,0xc5,0xaa,0xea,0xbd,0x58,0x53,0xbb,0x17,0xbc,0x38,
  0xf3,0xb2,0xfa,0x86,0xac,0x4,0x9f,0x57,0xa0,0x49,0x2,0xf0,0x1,0x75,0x2b,0xc0,
  0xda,0xb4,0x90,0x6b,0xbb,0x3f,0x78,0xc2,0x7f,0x5,0xc2,0x95,0x63,0x76,0xdb,0xb1,
  0xa8,0x7c,0x3b,0xe,0x87,0x1b,0x92,0xd6,0x5,0x2,0xac,0xf0,0xd5,0xff,0x3,0x92,
  0x0,0xfc,0xe2,0x6a,0x4d,0x11,0x2e,0x0,0x81,0x1c,0xb6,0x54,0x63,0x71,0xf9,0x76,
  0xb4,0xb9,0x84,0x5d,0x5a,0xe5,0x7,0x9e,0x10,0xb2,0xc4,0x5f,0xa6,0xb0,0x43,0x5,
  0x18,0x45,0x8b,0x70,0x7b,0x7a,0x6,0x6e,0x8b,0x1e,0x9c,0x43,0x5,0x99,0x2a,0xf4,
  0xd5,0xc1,0x50,0xdd,0x0,0x2c,0xe5,0xf1,0x75,0xd5,0x1e,0x6c,0x10,0x23,0xfe,0xcf,
  0x3,0xa,0xb2,0xb6,0xfe,0xb9,0x75,0x47,0xfd,0xe5,0xb,0x12,0x80,0x56,0xc5,0xef,
  0x64,0x8,0x1,0x4f,0x7b,0xb7,0xe3,0xd0,0xd9,0x9c,0x8a,0xc4,0xac,0x9a,0x88,0xb6,
  0xd1,0xea,0xec,0xc0,0x82,0xb2,0xad,0xa2,0x45,0x0,0x7b,0xc0,0x53,0x42,0xdf,0xea,
  0xae,0x80,0x20,0xcf,0xcc,0xa7,0x4f,0xcd,0x39,0x31,0xd4,0xa8,0x13,0xbe,0x6b,0xa2,
  0x87,0xe0,0x36,0x1b,0xc0,0xd9,0x42,0xf,0x55,0xf,0x76,0x39,0x78,0xaf,0xe9,0x14,
  0x9e,0x2b,0x59,0x11,0xa9,0x97,0xf,0x10,0xf2,0x69,0xf3,0x73,0xeb,0xf,0x75,0x57,
  0x44,0xb0,0x6b,0xee,0x92,0x74,0xfd,0xb3,0xa,0x26,0xfe,0x3d,0x7b,0x61,0x41,0x1,
  0x7b,0x5d,0x6,0x42,0x9d,0xe,0xf0,0x94,0xef,0xf6,0x53,0xce,0x52,0xe,0x9f,0x9d,
  0xde,0x89,0x77,0x8e,0x6f,0x16,0x73,0x3,0x88,0x27,0x2d,0xa,0x2a,0x7f,0x39,0x50,
  0x21,0xc1,0x7e,0xcf,0xc3,0x5b,0x37,0x96,0xdc,0x71,0xef,0xb4,0xd4,0xd3,0xad,0xf6,
  0xab,0x7a,0x73,0x57,0x40,0xd9,0x33,0xbd,0xa4,0x5c,0x1b,0xfc,0x5c,0x9c,0x7,0xc5,
  0x35,0x29,0x17,0xc0,0xa0,0xf4,0xfe,0x7a,0xd4,0x3b,0xcc,0x78,0xe3,0xe8,0x6,0xec,
  0x6d,0x8b,0xa8,0x67,0x94,0x52,0x82,0x99,0xf5,0xf3,0xd6,0x6,0xbc,0x20,0x21,0x2c,
  0xc7,0xf7,0x9f,0x3b,0x36,0x6f,0x99,0x71,0xff,0x3d,0x27,0x29,0xc5,0x98,0x56,0xbb,
  0x2b,0xb1,0xb7,0xca,0x80,0xb3,0x69,0x20,0x4f,0xb4,0x83,0x49,0x8,0x3e,0x5a,0xb8,
  0xa6,0xb3,0xd,0x79,0xa9,0x83,0xce,0x89,0xe2,0x2d,0x6e,0x29,0xc3,0xdb,0xc7,0x36,
  0xa2,0xc9,0x19,0x59,0x2f,0x23,0x1,0x16,0x34,0xce,0x5b,0xbf,0x38,0xc8,0xb2,0xe2,
  0xf0,0xcc,0xa2,0xcf,0x7,0x99,0x59,0xd7,0x38,0x37,0xe5,0x93,0xc4,0xaa,0x33,0x9e,
  0x70,0xc0,0xa9,0xfa,0x9d,0xf9,0xf5,0x71,0x17,0x1c,0xe9,0xc1,0x3e,0x93,0xa1,0x4a,
  0xc2,0xd8,0xbe,0x17,0x43,0x2d,0x53,0x60,0xbf,0xb9,0x2,0x87,0xcc,0x55,0x91,0x34,
  0xf1,0x2c,0x9b,0x1b,0xad,0xe6,0x3b,0x82,0x3d,0x23,0x28,0x3e,0xb7,0xe6,0xc4,0x29,
  0x7d,0x16,0x4c,0xec,0x2f,0x87,0x7c,0x37,0x80,0x9c,0x58,0xdb,0xe2,0x87,0xbd,0x7c,
  0x82,0x62,0x7c,0xf3,0xdc,0xd5,0x41,0x3b,0x30,0x7a,0xf9,0x28,0x4e,0x5c,0x5a,0xe7,
  0x6d,0xac,0x5,0xc7,0x5d,0x4f,0xe0,0xbd,0xae,0x1e,0x7b,0xe8,0xaf,0x72,0x25,0xb9,
  0x35,0x94,0x97,0xf,0x48,0x2,0x8,0x99,0xc6,0x17,0xbe,0x3f,0xcd,0x33,0xfc,0x68,
  0x0,0xc2,0x4f,0x8f,0x10,0x19,0x2,0xfc,0x9f,0xda,0x9a,0x7c,0x7d,0xed,0x53,0xeb,
  0x42,0x9e,0x9a,0x4b,0x2,0x10,0x40,0xd3,0xb3,0x1b,0x1a,0x75,0x72,0x67,0x3e,0x40,
  0x83,0x1a,0x68,0x45,0x10,0x96,0x50,0xbc,0xde,0x60,0xbd,0x7c,0x5a,0x45,0xc1,0x32,
  0x41,0x1b,0x1a,0xa4,0x31,0x40,0x98,0x18,0x17,0x4e,0x9e,0x42,0x28,0x16,0x3,0x34,
  0xca,0x1b,0x1f,0x49,0x9,0x18,0x7e,0x4e,0xe3,0xb3,0xdf,0x85,0x7e,0x84,0x59,0x17,
  0xe2,0x37,0xfe,0xa9,0x87,0x60,0xdb,0x76,0xec,0xa8,0x7a,0xdc,0xe0,0x4f,0x65,0x32,
  0xa2,0x4,0x30,0x2,0x91,0x5f,0x60,0x33,0x81,0xe2,0xe5,0xc6,0x76,0xf3,0x23,0xb6,
  0x7f,0x6e,0xb,0x7b,0xc9,0x50,0xfa,0x2,0x88,0x48,0xea,0x3b,0xb7,0x67,0xc8,0x14,
  0xb2,0xe7,0x1,0xfa,0x28,0x0,0x71,0x6f,0xa5,0x0,0x1a,0x9,0xa5,0xb,0x59,0x96,
  0x7e,0xd4,0xf2,0x8f,0xd,0xa2,0x39,0x12,0x24,0x1,0x44,0x80,0xbe,0x1f,0x4e,0xd5,
  0x12,0x97,0x7b,0x32,0xa1,0x98,0x9,0x60,0xc,0x0,0xa1,0xf7,0xcc,0xb7,0x83,0x60,
  0x33,0x78,0xf2,0x55,0xa3,0xb6,0xef,0x36,0x3c,0x56,0x28,0xfa,0x59,0x72,0x92,0x0,
  0x22,0x4c,0xc6,0x27,0x93,0x12,0xd9,0x76,0x79,0x1e,0xc3,0xf0,0xf9,0x94,0x90,0x8b,
  0x40,0x31,0x18,0x4,0xd9,0xa0,0xd0,0xe3,0xef,0x2e,0xd8,0x5,0xc0,0x2,0x8a,0xa,
  0x10,0x1c,0x7,0x48,0x29,0x25,0xf8,0xb9,0xc9,0xd2,0xb6,0x2f,0x58,0x87,0x8e,0x44,
  0xf,0x24,0x73,0xc1,0x54,0xf5,0xb0,0x82,0xa9,0xd1,0x3d,0xfd,0x52,0x42,0x42,0x42,
  0x42,0x42,0xe2,0xc,0xff,0xf,0xac,0xfa,0x53,0x3,0x91,0x8f,0xf5,0xd6,0x0,0x0,
  0x0,0x0,0x49,0x45,0x4e,0x44,0xae,0x42,0x60,0x82,
    // /home/wangyunxin2/workspace/omnetpp-6.0/src/qtenv/icons/objects/gate.svg
  0x0,0x0,0x0,0xaa,
  0x3c,
  0x73,0x76,0x67,0x20,0x78,0x6d,0x6c,0x6e,0x73,0x3d,0x22,0x68,0x74,0x74,0x70,0x3a,
  0x2f,0x2f,0x77,0x77,0x77,0x2e,0x77,0x33,0x2e,0x6f,0x72,0x67,0x2f,0x32,0x30,0x30,
  0x30,0x2f,0x73,0x76,0x67,0x22,0x20,0x76,0x69,0x65,0x77,0x42,0x6f,0x78,0x3d,0x22,
  0x30,0x20,0x30,0x20,0x32,0x34,0x20,0x32,0x34,0x22,0x20,0x66,0x69,0x6c,0x6c,0x3d,
  0x22,0x23,0x43,0x30,0x43,0x30,0x30,0x30,0x22,0x20,0x77,0x69,0x64,0x74,0x68,0x3d,
  0x22,0x31,0x38,0x70,0x78,0x22,0x20,0x68,0x65,0x69,0x67,0x68,0x74,0x3d,0x22,0x31,
  0x38,0x70,0x78,0x22,0x3e,0x3c,0x70,0x61,0x74,0x68,0x20,0x64,0x3d,0x22,0x4d,0x30,
  0x20,0x30,0x68,0x32,0x34,0x76,0x32,0x34,0x48,0x30,0x7a,0x22,0x20,0x66,0x69,0x6c,
  0x6c,0x3d,0x22,0x6e,0x6f,0x6e,0x65,0x22,0x2f,0x3e,0x3c,0x70,0x61,0x74,0x68,0x20,
  0x64,0x3d,0x22,0x4d,0x36,0x20,0x36,0x68,0x31,0x32,0x76,0x31,0x32,0x48,0x36,0x7a,
  0x22,0x2f,0x3e,0x3c,0x2f,0x73,0x76,0x67,0x3e,
    // /home/wangyunxin2/workspace/omnetpp-6.0/src/qtenv/icons/objects/queue.svg
  0x0,0x0,0x2,0xb3,
  0x3c,
  0x73,0x76,0x67,0x20,0x78,0x6d,0x6c,0x6e,0x73,0x3d,0x22,0x68,0x74,0x74,0x70,0x3a,
  0x2f,0x2f,0x77,0x77,0x77,0x2e,0x77,0x33,0x2e,0x6f,0x72,0x67,0x2f,0x32,0x30,0x30,
  0x30,0x2f,0x73,0x76,0x67,0x22,0x20,0x65,0x6e,0x61,0x62,0x6c,0x65,0x2d,0x62,0x61,
  0x63,0x6b,0x67,0x72,0x6f,0x75,0x6e,0x64,0x3d,0x22,0x6e,0x65,0x77,0x20,0x30,0x20,
  0x30,0x20,0x32,0x34,0x20,0x32,0x34,0x22,0x20,0x76,0x69,0x65,0x77,0x42,0x6f,0x78,
  0x3d,0x22,0x30,0x20,0x30,0x20,0x32,0x34,0x20,0x32,0x34,0x22,0x20,0x66,0x69,0x6c,
  0x6c,0x3d,0x22,0x23,0x34,0x30,0x34,0x30,0x34,0x30,0x22,0x20,0x77,0x69,0x64,0x74,
  0x68,0x3d,0x22,0x31,0x38,0x70,0x78,0x22,0x20,0x68,0x65,0x69,0x67,0x68,0x74,0x3d,
  0x22,0x31,0x38,0x70,0x78,0x22,0x3e,0x3c,0x67,0x3e,0x3c,0x72,0x65,0x63,0x74,0x20,
  0x66,0x69,0x6c,0x6c,0x3d,0x22,0x6e,0x6f,0x6e,0x65,0x22,0x20,0x68,0x65,0x69,0x67,
  0x68,0x74,0x3d,0x22,0x32,0x34,0x22,0x20,0x77,0x69,0x64,0x74,0x68,0x3d,0x22,0x32,
  0x34,0x22,0x2f,0x3e,0x3c,0x2f,0x67,0x3e,0x3c,0x67,0x3e,0x3c,0x67,0x2f,0x3e,0x3c,
  0x67,0x3e,0x3c,0x70,0x61,0x74,0x68,0x20,0x64,0x3d,0x22,0x4d,0x38,0x2c,0x38,0x48,
  0x36,0x76,0x37,0x63,0x30,0x2c,0x31,0x2e,0x31,0x2c,0x30,0x2e,0x39,0x2c,0x32,0x2c,
  0x32,0x2c,0x32,0x68,0x39,0x76,0x2d,0x32,0x48,0x38,0x56,0x38,0x7a,0x22,0x2f,0x3e,
  0x3c,0x70,0x61,0x74,0x68,0x20,0x64,0x3d,0x22,0x4d,0x32,0x30,0x2c,0x33,0x68,0x2d,
  0x38,0x63,0x2d,0x31,0x2e,0x31,0x2c,0x30,0x2d,0x32,0x2c,0x30,0x2e,0x39,0x2d,0x32,
  0x2c,0x32,0x76,0x36,0x63,0x30,0x2c,0x31,0x2e,0x31,0x2c,0x30,0x2e,0x39,0x2c,0x32,
  0x2c,0x32,0x2c,0x32,0x68,0x38,0x63,0x31,0x2e,0x31,0x2c,0x30,0x2c,0x32,0x2d,0x30,
  0x2e,0x39,0x2c,0x32,0x2d,0x32,0x56,0x35,0x43,0x32,0x32,0x2c,0x33,0x2e,0x39,0x2c,
  0x32,0x31,0x2e,0x31,0x2c,0x33,0x2c,0x32,0x30,0x2c,0x33,0x7a,0x20,0x4d,0x32,0x30,
  0x2c,0x31,0x31,0x68,0x2d,0x38,0x56,0x37,0x68,0x38,0x56,0x31,0x31,0x7a,0x22,0x2f,
  0x3e,0x3c,0x70,0x61,0x74,0x68,0x20,0x64,0x3d,0x22,0x4d,0x34,0x2c,0x31,0x32,0x48,
  0x32,0x76,0x37,0x63,0x30,0x2c,0x31,0x2e,0x31,0x2c,0x30,0x2e,0x39,0x2c,0x32,0x2c,
  0x32,0x2c,0x32,0x68,0x39,0x76,0x2d,0x32,0x48,0x34,0x56,0x31,0x32,0x7a,0x22,0x2f,
  0x3e,0x3c,0x2f,0x67,0x3e,0x3c,0x2f,0x67,0x3e,0x3c,0x67,0x20,0x64,0x69,0x73,0x70,
  0x6c,0x61,0x79,0x3d,0x22,0x6e,0x6f,0x6e,0x65,0x22,0x3e,0x3c,0x67,0x20,0x64,0x69,
  0x73,0x70,0x6c,0x61,0x79,0x3d,0x22,0x69,0x6e,0x6c,0x69,0x6e,0x65,0x22,0x2f,0x3e,
  0x3c,0x67,0x20,0x64,0x69,0x73,0x70,0x6c,0x61,0x79,0x3d,0x22,0x69,0x6e,0x6c,0x69,
  0x6e,0x65,0x22,0x3e,0x3c,0x70,0x61,0x74,0x68,0x20,0x64,0x3d,0x22,0x4d,0x38,0x2c,
  0x38,0x48,0x36,0x76,0x37,0x63,0x30,0x2c,0x31,0x2e,0x31,0x2c,0x30,0x2e,0x39,0x2c,
  0x32,0x2c,0x32,0x2c,0x32,0x68,0x39,0x76,0x2d,0x32,0x48,0x38,0x56,0x38,0x7a,0x22,
  0x2f,0x3e,0x3c,0x70,0x61,0x74,0x68,0x20,0x64,0x3d,0x22,0x4d,0x32,0x30,0x2c,0x33,
  0x68,0x2d,0x38,0x63,0x2d,0x31,0x2e,0x31,0x2c,0x30,0x2d,0x32,0x2c,0x30,0x2e,0x39,
  0x2d,0x32,0x2c,0x32,0x76,0x36,0x63,0x30,0x2c,0x31,0x2e,0x31,0x2c,0x30,0x2e,0x39,
  0x2c,0x32,0x2c,0x32,0x2c,0x32,0x68,0x38,0x63,0x31,0x2e,0x31,0x2c,0x30,0x2c,0x32,
  0x2d,0x30,0x2e,0x39,0x2c,0x32,0x2d,0x32,0x56,0x35,0x43,0x32,0x32,0x2c,0x33,0x2e,
  0x39,0x2c,0x32,0x31,0x2e,0x31,0x2c,0x33,0x2c,0x32,0x30,0x2c,0x33,0x7a,0x20,0x4d,
  0x32,0x30,0x2c,0x31,0x31,0x68,0x2d,0x38,0x56,0x37,0x68,0x38,0x56,0x31,0x31,0x7a,
  0x22,0x2f,0x3e,0x3c,0x70,0x61,0x74,0x68,0x20,0x64,0x3d,0x22,0x4d,0x34,0x2c,0x31,
  0x32,0x48,0x32,0x76,0x37,0x63,0x30,0x2c,0x31,0x2e,0x31,0x2c,0x30,0x2e,0x39,0x2c,
  0x32,0x2c,0x32,0x2c,0x32,0x68,0x39,0x76,0x2d,0x32,0x48,0x34,0x56,0x31,0x32,0x7a,
  0x22,0x2f,0x3e,0x3c,0x2f,0x67,0x3e,0x3c,0x2f,0x67,0x3e,0x3c,0x2f,0x73,0x76,0x67,
  0x3e,0xa,
    // /home/wangyunxin2/workspace/omnetpp-6.0/src/qtenv/icons/objects/simple.svg
  0x0,0x0,0x0,0xfc,
  0x3c,
  0x73,0x76,0x67,0x20,0x78,0x6d,0x6c,0x6e,0x73,0x3d,0x22,0x68,0x74,0x74,0x70,0x3a,
  0x2f,0x2f,0x77,0x77,0x77,0x2e,0x77,0x33,0x2e,0x6f,0x72,0x67,0x2f,0x32,0x30,0x30,
  0x30,0x2f,0x73,0x76,0x67,0x22,0x20,0x76,0x69,0x65,0x77,0x42,0x6f,0x78,0x3d,0x22,
  0x30,0x20,0x30,0x20,0x32,0x34,0x20,0x32,0x34,0x22,0x20,0x66,0x69,0x6c,0x6c,0x3d,
  0x22,0x23,0x36,0x30,0x36,0x30,0x46,0x46,0x22,0x20,0x77,0x69,0x64,0x74,0x68,0x3d,
  0x22,0x31,0x38,0x70,0x78,0x22,0x20,0x68,0x65,0x69,0x67,0x68,0x74,0x3d,0x22,0x31,
  0x38,0x70,0x78,0x22,0x3e,0x3c,0x70,0x61,0x74,0x68,0x20,0x64,0x3d,0x22,0x4d,0x30,
  0x20,0x30,0x68,0x32,0x34,0x76,0x32,0x34,0x48,0x30,0x7a,0x22,0x20,0x66,0x69,0x6c,
  0x6c,0x3d,0x22,0x6e,0x6f,0x6e,0x65,0x22,0x2f,0x3e,0x3c,0x70,0x61,0x74,0x68,0x20,
  0x64,0x3d,0x22,0x4d,0x31,0x39,0x20,0x34,0x48,0x35,0x63,0x2d,0x31,0x2e,0x31,0x31,
  0x20,0x30,0x2d,0x32,0x20,0x2e,0x39,0x2d,0x32,0x20,0x32,0x76,0x31,0x32,0x63,0x30,
  0x20,0x31,0x2e,0x31,0x2e,0x38,0x39,0x20,0x32,0x20,0x32,0x20,0x32,0x68,0x31,0x34,
  0x63,0x31,0x2e,0x31,0x20,0x30,0x20,0x32,0x2d,0x2e,0x39,0x20,0x32,0x2d,0x32,0x56,
  0x36,0x63,0x30,0x2d,0x31,0x2e,0x31,0x2d,0x2e,0x38,0x39,0x2d,0x32,0x2d,0x32,0x2d,
  0x32,0x7a,0x6d,0x30,0x20,0x31,0x34,0x48,0x35,0x56,0x38,0x68,0x31,0x34,0x76,0x31,
  0x30,0x7a,0x22,0x2f,0x3e,0x3c,0x2f,0x73,0x76,0x67,0x3e,
    // /home/wangyunxin2/workspace/omnetpp-6.0/src/qtenv/icons/objects/figure.svg
  0x0,0x0,0x0,0xec,
  0x3c,
  0x73,0x76,0x67,0x20,0x78,0x6d,0x6c,0x6e,0x73,0x3d,0x22,0x68,0x74,0x74,0x70,0x3a,
  0x2f,0x2f,0x77,0x77,0x77,0x2e,0x77,0x33,0x2e,0x6f,0x72,0x67,0x2f,0x32,0x30,0x30,
  0x30,0x2f,0x73,0x76,0x67,0x22,0x20,0x76,0x69,0x65,0x77,0x42,0x6f,0x78,0x3d,0x22,
  0x30,0x20,0x30,0x20,0x32,0x34,0x20,0x32,0x34,0x22,0x20,0x66,0x69,0x6c,0x6c,0x3d,
  0x22,0x23,0x43,0x30,0x30,0x30,0x43,0x30,0x22,0x20,0x77,0x69,0x64,0x74,0x68,0x3d,
  0x22,0x31,0x38,0x70,0x78,0x22,0x20,0x68,0x65,0x69,0x67,0x68,0x74,0x3d,0x22,0x31,
  0x38,0x70,0x78,0x22,0x3e,0x3c,0x70,0x61,0x74,0x68,0x20,0x64,0x3d,0x22,0x4d,0x30,
  0x20,0x30,0x68,0x32,0x34,0x76,0x32,0x34,0x48,0x30,0x7a,0x22,0x20,0x66,0x69,0x6c,
  0x6c,0x3d,0x22,0x6e,0x6f,0x6e,0x65,0x22,0x2f,0x3e,0x3c,0x70,0x61,0x74,0x68,0x20,
  0x64,0x3d,0x22,0x4d,0x31,0x32,0x20,0x32,0x6c,0x2d,0x35,0x2e,0x35,0x20,0x39,0x68,
  0x31,0x31,0x7a,0x22,0x2f,0x3e,0x3c,0x63,0x69,0x72,0x63,0x6c,0x65,0x20,0x63,0x78,
  0x3d,0x22,0x31,0x37,0x2e,0x35,0x22,0x20,0x63,0x79,0x3d,0x22,0x31,0x37,0x2e,0x35,
  0x22,0x20,0x72,0x3d,0x22,0x34,0x2e,0x35,0x22,0x2f,0x3e,0x3c,0x70,0x61,0x74,0x68,
  0x20,0x64,0x3d,0x22,0x4d,0x33,0x20,0x31,0x33,0x2e,0x35,0x68,0x38,0x76,0x38,0x48,
  0x33,0x7a,0x22,0x2f,0x3e,0x3c,0x2f,0x73,0x76,0x67,0x3e,
    // /home/wangyunxin2/workspace/omnetpp-6.0/src/qtenv/icons/objects/container.svg
  0x0,0x0,0x1,0x9f,
  0x3c,
  0x73,0x76,0x67,0x20,0x78,0x6d,0x6c,0x6e,0x73,0x3d,0x22,0x68,0x74,0x74,0x70,0x3a,
  0x2f,0x2f,0x77,0x77,0x77,0x2e,0x77,0x33,0x2e,0x6f,0x72,0x67,0x2f,0x32,0x30,0x30,
  0x30,0x2f,0x73,0x76,0x67,0x22,0x20,0x76,0x69,0x65,0x77,0x42,0x6f,0x78,0x3d,0x22,
  0x30,0x20,0x30,0x20,0x32,0x34,0x20,0x32,0x34,0x22,0x20,0x66,0x69,0x6c,0x6c,0x3d,
  0x22,0x23,0x34,0x30,0x34,0x30,0x34,0x30,0x22,0x20,0x77,0x69,0x64,0x74,0x68,0x3d,
  0x22,0x31,0x38,0x70,0x78,0x22,0x20,0x68,0x65,0x69,0x67,0x68,0x74,0x3d,0x22,0x31,
  0x38,0x70,0x78,0x22,0x3e,0x3c,0x70,0x61,0x74,0x68,0x20,0x64,0x3d,0x22,0x4d,0x30,
  0x20,0x30,0x68,0x32,0x34,0x76,0x32,0x34,0x48,0x30,0x7a,0x22,0x20,0x66,0x69,0x6c,
  0x6c,0x3d,0x22,0x6e,0x6f,0x6e,0x65,0x22,0x2f,0x3e,0x3c,0x70,0x61,0x74,0x68,0x20,
  0x64,0x3d,0x22,0x4d,0x32,0x30,0x20,0x31,0x33,0x48,0x34,0x63,0x2d,0x2e,0x35,0x35,
  0x20,0x30,0x2d,0x31,0x20,0x2e,0x34,0x35,0x2d,0x31,0x20,0x31,0x76,0x36,0x63,0x30,
  0x20,0x2e,0x35,0x35,0x2e,0x34,0x35,0x20,0x31,0x20,0x31,0x20,0x31,0x68,0x31,0x36,
  0x63,0x2e,0x35,0x35,0x20,0x30,0x20,0x31,0x2d,0x2e,0x34,0x35,0x20,0x31,0x2d,0x31,
  0x76,0x2d,0x36,0x63,0x30,0x2d,0x2e,0x35,0x35,0x2d,0x2e,0x34,0x35,0x2d,0x31,0x2d,
  0x31,0x2d,0x31,0x7a,0x4d,0x37,0x20,0x31,0x39,0x63,0x2d,0x31,0x2e,0x31,0x20,0x30,
  0x2d,0x32,0x2d,0x2e,0x39,0x2d,0x32,0x2d,0x32,0x73,0x2e,0x39,0x2d,0x32,0x20,0x32,
  0x2d,0x32,0x20,0x32,0x20,0x2e,0x39,0x20,0x32,0x20,0x32,0x2d,0x2e,0x39,0x20,0x32,
  0x2d,0x32,0x20,0x32,0x7a,0x4d,0x32,0x30,0x20,0x33,0x48,0x34,0x63,0x2d,0x2e,0x35,
  0x35,0x20,0x30,0x2d,0x31,0x20,0x2e,0x34,0x35,0x2d,0x31,0x20,0x31,0x76,0x36,0x63,
  0x30,0x20,0x2e,0x35,0x35,0x2e,0x34,0x35,0x20,0x31,0x20,0x31,0x20,0x31,0x68,0x31,
  0x36,0x63,0x2e,0x35,0x35,0x20,0x30,0x20,0x31,0x2d,0x2e,0x34,0x35,0x20,0x31,0x2d,
  0x31,0x56,0x34,0x63,0x30,0x2d,0x2e,0x35,0x35,0x2d,0x2e,0x34,0x35,0x2d,0x31,0x2d,
  0x31,0x2d,0x31,0x7a,0x4d,0x37,0x20,0x39,0x63,0x2d,0x31,0x2e,0x31,0x20,0x30,0x2d,
  0x32,0x2d,0x2e,0x39,0x2d,0x32,0x2d,0x32,0x73,0x2e,0x39,0x2d,0x32,0x20,0x32,0x2d,
  0x32,0x20,0x32,0x20,0x2e,0x39,0x20,0x32,0x20,0x32,0x2d,0x2e,0x39,0x20,0x32,0x2d,
  0x32,0x20,0x32,0x7a,0x22,0x2f,0x3e,0x3c,0x2f,0x73,0x76,0x67,0x3e,0xa,
    // /home/wangyunxin2/workspace/omnetpp-6.0/src/qtenv/icons/objects/list.svg
  0x0,0x0,0x0,0xf4,
  0x3c,
  0x73,0x76,0x67,0x20,0x78,0x6d,0x6c,0x6e,0x73,0x3d,0x22,0x68,0x74,0x74,0x70,0x3a,
  0x2f,0x2f,0x77,0x77,0x77,0x2e,0x77,0x33,0x2e,0x6f,0x72,0x67,0x2f,0x32,0x30,0x30,
  0x30,0x2f,0x73,0x76,0x67,0x22,0x20,0x76,0x69,0x65,0x77,0x42,0x6f,0x78,0x3d,0x22,
  0x30,0x20,0x30,0x20,0x32,0x34,0x20,0x32,0x34,0x22,0x20,0x66,0x69,0x6c,0x6c,0x3d,
  0x22,0x23,0x34,0x30,0x34,0x30,0x34,0x30,0x22,0x20,0x77,0x69,0x64,0x74,0x68,0x3d,
  0x22,0x31,0x38,0x70,0x78,0x22,0x20,0x68,0x65,0x69,0x67,0x68,0x74,0x3d,0x22,0x31,
  0x38,0x70,0x78,0x22,0x3e,0x3c,0x70,0x61,0x74,0x68,0x20,0x64,0x3d,0x22,0x4d,0x30,
  0x20,0x30,0x68,0x32,0x34,0x76,0x32,0x34,0x48,0x30,0x7a,0x22,0x20,0x66,0x69,0x6c,
  0x6c,0x3d,0x22,0x6e,0x6f,0x6e,0x65,0x22,0x2f,0x3e,0x3c,0x70,0x61,0x74,0x68,0x20,
  0x64,0x3d,0x22,0x4d,0x33,0x20,0x31,0x33,0x68,0x32,0x76,0x2d,0x32,0x48,0x33,0x76,
  0x32,0x7a,0x6d,0x30,0x20,0x34,0x68,0x32,0x76,0x2d,0x32,0x48,0x33,0x76,0x32,0x7a,
  0x6d,0x30,0x2d,0x38,0x68,0x32,0x56,0x37,0x48,0x33,0x76,0x32,0x7a,0x6d,0x34,0x20,
  0x34,0x68,0x31,0x34,0x76,0x2d,0x32,0x48,0x37,0x76,0x32,0x7a,0x6d,0x30,0x20,0x34,
  0x68,0x31,0x34,0x76,0x2d,0x32,0x48,0x37,0x76,0x32,0x7a,0x4d,0x37,0x20,0x37,0x76,
  0x32,0x68,0x31,0x34,0x56,0x37,0x48,0x37,0x7a,0x22,0x2f,0x3e,0x3c,0x2f,0x73,0x76,
  0x67,0x3e,0xa,
    // /home/wangyunxin2/workspace/omnetpp-6.0/src/qtenv/icons/objects/listener.svg
  0x0,0x0,0x2,0xc6,
  0x3c,
  0x73,0x76,0x67,0x20,0x78,0x6d,0x6c,0x6e,0x73,0x3d,0x22,0x68,0x74,0x74,0x70,0x3a,
  0x2f,0x2f,0x77,0x77,0x77,0x2e,0x77,0x33,0x2e,0x6f,0x72,0x67,0x2f,0x32,0x30,0x30,
  0x30,0x2f,0x73,0x76,0x67,0x22,0x20,0x76,0x69,0x65,0x77,0x42,0x6f,0x78,0x3d,0x22,
  0x30,0x20,0x30,0x20,0x32,0x34,0x20,0x32,0x34,0x22,0x20,0x66,0x69,0x6c,0x6c,0x3d,
  0x22,0x23,0x33,0x37,0x39,0x31,0x34,0x33,0x22,0x20,0x77,0x69,0x64,0x74,0x68,0x3d,
  0x22,0x31,0x38,0x70,0x78,0x22,0x20,0x68,0x65,0x69,0x67,0x68,0x74,0x3d,0x22,0x31,
  0x38,0x70,0x78,0x22,0x3e,0x3c,0x70,0x61,0x74,0x68,0x20,0x64,0x3d,0x22,0x4d,0x30,
  0x20,0x30,0x68,0x32,0x34,0x76,0x32,0x34,0x48,0x30,0x56,0x30,0x7a,0x22,0x20,0x66,
  0x69,0x6c,0x6c,0x3d,0x22,0x6e,0x6f,0x6e,0x65,0x22,0x2f,0x3e,0x3c,0x70,0x61,0x74,
  0x68,0x20,0x64,0x3d,0x22,0x4d,0x31,0x37,0x20,0x32,0x30,0x63,0x2d,0x2e,0x32,0x39,
  0x20,0x30,0x2d,0x2e,0x35,0x36,0x2d,0x2e,0x30,0x36,0x2d,0x2e,0x37,0x36,0x2d,0x2e,
  0x31,0x35,0x2d,0x2e,0x37,0x31,0x2d,0x2e,0x33,0x37,0x2d,0x31,0x2e,0x32,0x31,0x2d,
  0x2e,0x38,0x38,0x2d,0x31,0x2e,0x37,0x31,0x2d,0x32,0x2e,0x33,0x38,0x2d,0x2e,0x35,
  0x31,0x2d,0x31,0x2e,0x35,0x36,0x2d,0x31,0x2e,0x34,0x37,0x2d,0x32,0x2e,0x32,0x39,
  0x2d,0x32,0x2e,0x33,0x39,0x2d,0x33,0x2d,0x2e,0x37,0x39,0x2d,0x2e,0x36,0x31,0x2d,
  0x31,0x2e,0x36,0x31,0x2d,0x31,0x2e,0x32,0x34,0x2d,0x32,0x2e,0x33,0x32,0x2d,0x32,
  0x2e,0x35,0x33,0x43,0x39,0x2e,0x32,0x39,0x20,0x31,0x30,0x2e,0x39,0x38,0x20,0x39,
  0x20,0x39,0x2e,0x39,0x33,0x20,0x39,0x20,0x39,0x63,0x30,0x2d,0x32,0x2e,0x38,0x20,
  0x32,0x2e,0x32,0x2d,0x35,0x20,0x35,0x2d,0x35,0x73,0x35,0x20,0x32,0x2e,0x32,0x20,
  0x35,0x20,0x35,0x68,0x32,0x63,0x30,0x2d,0x33,0x2e,0x39,0x33,0x2d,0x33,0x2e,0x30,
  0x37,0x2d,0x37,0x2d,0x37,0x2d,0x37,0x53,0x37,0x20,0x35,0x2e,0x30,0x37,0x20,0x37,
  0x20,0x39,0x63,0x30,0x20,0x31,0x2e,0x32,0x36,0x2e,0x33,0x38,0x20,0x32,0x2e,0x36,
  0x35,0x20,0x31,0x2e,0x30,0x37,0x20,0x33,0x2e,0x39,0x2e,0x39,0x31,0x20,0x31,0x2e,
  0x36,0x35,0x20,0x31,0x2e,0x39,0x38,0x20,0x32,0x2e,0x34,0x38,0x20,0x32,0x2e,0x38,
  0x35,0x20,0x33,0x2e,0x31,0x35,0x2e,0x38,0x31,0x2e,0x36,0x32,0x20,0x31,0x2e,0x33,
  0x39,0x20,0x31,0x2e,0x30,0x37,0x20,0x31,0x2e,0x37,0x31,0x20,0x32,0x2e,0x30,0x35,
  0x2e,0x36,0x20,0x31,0x2e,0x38,0x32,0x20,0x31,0x2e,0x33,0x37,0x20,0x32,0x2e,0x38,
  0x34,0x20,0x32,0x2e,0x37,0x33,0x20,0x33,0x2e,0x35,0x35,0x2e,0x35,0x31,0x2e,0x32,
  0x33,0x20,0x31,0x2e,0x30,0x37,0x2e,0x33,0x35,0x20,0x31,0x2e,0x36,0x34,0x2e,0x33,
  0x35,0x20,0x32,0x2e,0x32,0x31,0x20,0x30,0x20,0x34,0x2d,0x31,0x2e,0x37,0x39,0x20,
  0x34,0x2d,0x34,0x68,0x2d,0x32,0x63,0x30,0x20,0x31,0x2e,0x31,0x2d,0x2e,0x39,0x20,
  0x32,0x2d,0x32,0x20,0x32,0x7a,0x4d,0x37,0x2e,0x36,0x34,0x20,0x32,0x2e,0x36,0x34,
  0x4c,0x36,0x2e,0x32,0x32,0x20,0x31,0x2e,0x32,0x32,0x43,0x34,0x2e,0x32,0x33,0x20,
  0x33,0x2e,0x32,0x31,0x20,0x33,0x20,0x35,0x2e,0x39,0x36,0x20,0x33,0x20,0x39,0x73,
  0x31,0x2e,0x32,0x33,0x20,0x35,0x2e,0x37,0x39,0x20,0x33,0x2e,0x32,0x32,0x20,0x37,
  0x2e,0x37,0x38,0x6c,0x31,0x2e,0x34,0x31,0x2d,0x31,0x2e,0x34,0x31,0x43,0x36,0x2e,
  0x30,0x31,0x20,0x31,0x33,0x2e,0x37,0x34,0x20,0x35,0x20,0x31,0x31,0x2e,0x34,0x39,
  0x20,0x35,0x20,0x39,0x73,0x31,0x2e,0x30,0x31,0x2d,0x34,0x2e,0x37,0x34,0x20,0x32,
  0x2e,0x36,0x34,0x2d,0x36,0x2e,0x33,0x36,0x7a,0x4d,0x31,0x31,0x2e,0x35,0x20,0x39,
  0x63,0x30,0x20,0x31,0x2e,0x33,0x38,0x20,0x31,0x2e,0x31,0x32,0x20,0x32,0x2e,0x35,
  0x20,0x32,0x2e,0x35,0x20,0x32,0x2e,0x35,0x73,0x32,0x2e,0x35,0x2d,0x31,0x2e,0x31,
  0x32,0x20,0x32,0x2e,0x35,0x2d,0x32,0x2e,0x35,0x2d,0x31,0x2e,0x31,0x32,0x2d,0x32,
  0x2e,0x35,0x2d,0x32,0x2e,0x35,0x2d,0x32,0x2e,0x35,0x2d,0x32,0x2e,0x35,0x20,0x31,
  0x2e,0x31,0x32,0x2d,0x32,0x2e,0x35,0x20,0x32,0x2e,0x35,0x7a,0x22,0x2f,0x3e,0x3c,
  0x2f,0x73,0x76,0x67,0x3e,
    // /home/wangyunxin2/workspace/omnetpp-6.0/src/qtenv/icons/objects/outvect.svg
  0x0,0x0,0x2,0xdb,
  0x3c,
  0x73,0x76,0x67,0x20,0x78,0x6d,0x6c,0x6e,0x73,0x3d,0x22,0x68,0x74,0x74,0x70,0x3a,
  0x2f,0x2f,0x77,0x77,0x77,0x2e,0x77,0x33,0x2e,0x6f,0x72,0x67,0x2f,0x32,0x30,0x30,
  0x30,0x2f,0x73,0x76,0x67,0x22,0x20,0x65,0x6e,0x61,0x62,0x6c,0x65,0x2d,0x62,0x61,
  0x63,0x6b,0x67,0x72,0x6f,0x75,0x6e,0x64,0x3d,0x22,0x6e,0x65,0x77,0x20,0x30,0x20,
  0x30,0x20,0x32,0x34,0x20,0x32,0x34,0x22,0x20,0x76,0x69,0x65,0x77,0x42,0x6f,0x78,
  0x3d,0x22,0x30,0x20,0x30,0x20,0x32,0x34,0x20,0x32,0x34,0x22,0x20,0x66,0x69,0x6c,
  0x6c,0x3d,0x22,0x23,0x33,0x37,0x39,0x31,0x34,0x33,0x22,0x20,0x77,0x69,0x64,0x74,
  0x68,0x3d,0x22,0x31,0x38,0x70,0x78,0x22,0x20,0x68,0x65,0x69,0x67,0x68,0x74,0x3d,
  0x22,0x31,0x38,0x70,0x78,0x22,0x3e,0x3c,0x67,0x3e,0x3c,0x72,0x65,0x63,0x74,0x20,
  0x66,0x69,0x6c,0x6c,0x3d,0x22,0x6e,0x6f,0x6e,0x65,0x22,0x20,0x68,0x65,0x69,0x67,
  0x68,0x74,0x3d,0x22,0x32,0x34,0x22,0x20,0x77,0x69,0x64,0x74,0x68,0x3d,0x22,0x32,
  0x34,0x22,0x2f,0x3e,0x3c,0x2f,0x67,0x3e,0x3c,0x67,0x3e,0x3c,0x67,0x3e,0x3c,0x67,
  0x3e,0x3c,0x70,0x61,0x74,0x68,0x20,0x64,0x3d,0x22,0x4d,0x32,0x33,0x2c,0x38,0x63,
  0x30,0x2c,0x31,0x2e,0x31,0x2d,0x30,0x2e,0x39,0x2c,0x32,0x2d,0x32,0x2c,0x32,0x63,
  0x2d,0x30,0x2e,0x31,0x38,0x2c,0x30,0x2d,0x30,0x2e,0x33,0x35,0x2d,0x30,0x2e,0x30,
  0x32,0x2d,0x30,0x2e,0x35,0x31,0x2d,0x30,0x2e,0x30,0x37,0x6c,0x2d,0x33,0x2e,0x35,
  0x36,0x2c,0x33,0x2e,0x35,0x35,0x43,0x31,0x36,0x2e,0x39,0x38,0x2c,0x31,0x33,0x2e,
  0x36,0x34,0x2c,0x31,0x37,0x2c,0x31,0x33,0x2e,0x38,0x32,0x2c,0x31,0x37,0x2c,0x31,
  0x34,0x63,0x30,0x2c,0x31,0x2e,0x31,0x2d,0x30,0x2e,0x39,0x2c,0x32,0x2d,0x32,0x2c,
  0x32,0x73,0x2d,0x32,0x2d,0x30,0x2e,0x39,0x2d,0x32,0x2d,0x32,0x20,0x63,0x30,0x2d,
  0x30,0x2e,0x31,0x38,0x2c,0x30,0x2e,0x30,0x32,0x2d,0x30,0x2e,0x33,0x36,0x2c,0x30,
  0x2e,0x30,0x37,0x2d,0x30,0x2e,0x35,0x32,0x6c,0x2d,0x32,0x2e,0x35,0x35,0x2d,0x32,
  0x2e,0x35,0x35,0x43,0x31,0x30,0x2e,0x33,0x36,0x2c,0x31,0x30,0x2e,0x39,0x38,0x2c,
  0x31,0x30,0x2e,0x31,0x38,0x2c,0x31,0x31,0x2c,0x31,0x30,0x2c,0x31,0x31,0x73,0x2d,
  0x30,0x2e,0x33,0x36,0x2d,0x30,0x2e,0x30,0x32,0x2d,0x30,0x2e,0x35,0x32,0x2d,0x30,
  0x2e,0x30,0x37,0x6c,0x2d,0x34,0x2e,0x35,0x35,0x2c,0x34,0x2e,0x35,0x36,0x43,0x34,
  0x2e,0x39,0x38,0x2c,0x31,0x35,0x2e,0x36,0x35,0x2c,0x35,0x2c,0x31,0x35,0x2e,0x38,
  0x32,0x2c,0x35,0x2c,0x31,0x36,0x20,0x63,0x30,0x2c,0x31,0x2e,0x31,0x2d,0x30,0x2e,
  0x39,0x2c,0x32,0x2d,0x32,0x2c,0x32,0x73,0x2d,0x32,0x2d,0x30,0x2e,0x39,0x2d,0x32,
  0x2d,0x32,0x73,0x30,0x2e,0x39,0x2d,0x32,0x2c,0x32,0x2d,0x32,0x63,0x30,0x2e,0x31,
  0x38,0x2c,0x30,0x2c,0x30,0x2e,0x33,0x35,0x2c,0x30,0x2e,0x30,0x32,0x2c,0x30,0x2e,
  0x35,0x31,0x2c,0x30,0x2e,0x30,0x37,0x6c,0x34,0x2e,0x35,0x36,0x2d,0x34,0x2e,0x35,
  0x35,0x43,0x38,0x2e,0x30,0x32,0x2c,0x39,0x2e,0x33,0x36,0x2c,0x38,0x2c,0x39,0x2e,
  0x31,0x38,0x2c,0x38,0x2c,0x39,0x63,0x30,0x2d,0x31,0x2e,0x31,0x2c,0x30,0x2e,0x39,
  0x2d,0x32,0x2c,0x32,0x2d,0x32,0x73,0x32,0x2c,0x30,0x2e,0x39,0x2c,0x32,0x2c,0x32,
  0x20,0x63,0x30,0x2c,0x30,0x2e,0x31,0x38,0x2d,0x30,0x2e,0x30,0x32,0x2c,0x30,0x2e,
  0x33,0x36,0x2d,0x30,0x2e,0x30,0x37,0x2c,0x30,0x2e,0x35,0x32,0x6c,0x32,0x2e,0x35,
  0x35,0x2c,0x32,0x2e,0x35,0x35,0x43,0x31,0x34,0x2e,0x36,0x34,0x2c,0x31,0x32,0x2e,
  0x30,0x32,0x2c,0x31,0x34,0x2e,0x38,0x32,0x2c,0x31,0x32,0x2c,0x31,0x35,0x2c,0x31,
  0x32,0x73,0x30,0x2e,0x33,0x36,0x2c,0x30,0x2e,0x30,0x32,0x2c,0x30,0x2e,0x35,0x32,
  0x2c,0x30,0x2e,0x30,0x37,0x6c,0x33,0x2e,0x35,0x35,0x2d,0x33,0x2e,0x35,0x36,0x43,
  0x31,0x39,0x2e,0x30,0x32,0x2c,0x38,0x2e,0x33,0x35,0x2c,0x31,0x39,0x2c,0x38,0x2e,
  0x31,0x38,0x2c,0x31,0x39,0x2c,0x38,0x20,0x63,0x30,0x2d,0x31,0x2e,0x31,0x2c,0x30,
  0x2e,0x39,0x2d,0x32,0x2c,0x32,0x2d,0x32,0x53,0x32,0x33,0x2c,0x36,0x2e,0x39,0x2c,
  0x32,0x33,0x2c,0x38,0x7a,0x22,0x2f,0x3e,0x3c,0x2f,0x67,0x3e,0x3c,0x2f,0x67,0x3e,
  0x3c,0x2f,0x67,0x3e,0x3c,0x2f,0x73,0x76,0x67,0x3e,
    // /home/wangyunxin2/workspace/omnetpp-6.0/src/qtenv/icons/objects/filter.svg
  0x0,0x0,0x1,0xa5,
  0x3c,
  0x73,0x76,0x67,0x20,0x78,0x6d,0x6c,0x6e,0x73,0x3d,0x22,0x68,0x74,0x74,0x70,0x3a,
  0x2f,0x2f,0x77,0x77,0x77,0x2e,0x77,0x33,0x2e,0x6f,0x72,0x67,0x2f,0x32,0x30,0x30,
  0x30,0x2f,0x73,0x76,0x67,0x22,0x20,0x65,0x6e,0x61,0x62,0x6c,0x65,0x2d,0x62,0x61,
  0x63,0x6b,0x67,0x72,0x6f,0x75,0x6e,0x64,0x3d,0x22,0x6e,0x65,0x77,0x20,0x30,0x20,
  0x30,0x20,0x32,0x34,0x20,0x32,0x34,0x22,0x20,0x76,0x69,0x65,0x77,0x42,0x6f,0x78,
  0x3d,0x22,0x30,0x20,0x30,0x20,0x32,0x34,0x20,0x32,0x34,0x22,0x20,0x66,0x69,0x6c,
  0x6c,0x3d,0x22,0x23,0x33,0x37,0x39,0x31,0x34,0x33,0x22,0x20,0x77,0x69,0x64,0x74,
  0x68,0x3d,0x22,0x31,0x38,0x70,0x78,0x22,0x20,0x68,0x65,0x69,0x67,0x68,0x74,0x3d,
  0x22,0x31,0x38,0x70,0x78,0x22,0x3e,0x3c,0x67,0x3e,0x3c,0x70,0x61,0x74,0x68,0x20,
  0x64,0x3d,0x22,0x4d,0x30,0x2c,0x30,0x68,0x32,0x34,0x20,0x4d,0x32,0x34,0x2c,0x32,
  0x34,0x48,0x30,0x22,0x20,0x66,0x69,0x6c,0x6c,0x3d,0x22,0x6e,0x6f,0x6e,0x65,0x22,
  0x2f,0x3e,0x3c,0x70,0x61,0x74,0x68,0x20,0x64,0x3d,0x22,0x4d,0x37,0x2c,0x36,0x68,
  0x31,0x30,0x6c,0x2d,0x35,0x2e,0x30,0x31,0x2c,0x36,0x2e,0x33,0x4c,0x37,0x2c,0x36,
  0x7a,0x20,0x4d,0x34,0x2e,0x32,0x35,0x2c,0x35,0x2e,0x36,0x31,0x43,0x36,0x2e,0x32,
  0x37,0x2c,0x38,0x2e,0x32,0x2c,0x31,0x30,0x2c,0x31,0x33,0x2c,0x31,0x30,0x2c,0x31,
  0x33,0x76,0x36,0x63,0x30,0x2c,0x30,0x2e,0x35,0x35,0x2c,0x30,0x2e,0x34,0x35,0x2c,
  0x31,0x2c,0x31,0x2c,0x31,0x68,0x32,0x63,0x30,0x2e,0x35,0x35,0x2c,0x30,0x2c,0x31,
  0x2d,0x30,0x2e,0x34,0x35,0x2c,0x31,0x2d,0x31,0x76,0x2d,0x36,0x20,0x63,0x30,0x2c,
  0x30,0x2c,0x33,0x2e,0x37,0x32,0x2d,0x34,0x2e,0x38,0x2c,0x35,0x2e,0x37,0x34,0x2d,
  0x37,0x2e,0x33,0x39,0x43,0x32,0x30,0x2e,0x32,0x35,0x2c,0x34,0x2e,0x39,0x35,0x2c,
  0x31,0x39,0x2e,0x37,0x38,0x2c,0x34,0x2c,0x31,0x38,0x2e,0x39,0x35,0x2c,0x34,0x48,
  0x35,0x2e,0x30,0x34,0x43,0x34,0x2e,0x32,0x31,0x2c,0x34,0x2c,0x33,0x2e,0x37,0x34,
  0x2c,0x34,0x2e,0x39,0x35,0x2c,0x34,0x2e,0x32,0x35,0x2c,0x35,0x2e,0x36,0x31,0x7a,
  0x22,0x2f,0x3e,0x3c,0x70,0x61,0x74,0x68,0x20,0x64,0x3d,0x22,0x4d,0x30,0x2c,0x30,
  0x68,0x32,0x34,0x76,0x32,0x34,0x48,0x30,0x56,0x30,0x7a,0x22,0x20,0x66,0x69,0x6c,
  0x6c,0x3d,0x22,0x6e,0x6f,0x6e,0x65,0x22,0x2f,0x3e,0x3c,0x2f,0x67,0x3e,0x3c,0x2f,
  0x73,0x76,0x67,0x3e,
    // /home/wangyunxin2/workspace/omnetpp-6.0/src/qtenv/icons/objects/packet.svg
  0x0,0x0,0x0,0x95,
  0x3c,
  0x73,0x76,0x67,0x20,0x66,0x69,0x6c,0x6c,0x3d,0x22,0x23,0x43,0x30,0x30,0x30,0x30,
  0x30,0x22,0x20,0x76,0x65,0x72,0x73,0x69,0x6f,0x6e,0x3d,0x22,0x31,0x2e,0x31,0x22,
  0x20,0x76,0x69,0x65,0x77,0x42,0x6f,0x78,0x3d,0x22,0x30,0x20,0x30,0x20,0x31,0x38,
  0x20,0x31,0x38,0x22,0x20,0x78,0x6d,0x6c,0x6e,0x73,0x3d,0x22,0x68,0x74,0x74,0x70,
  0x3a,0x2f,0x2f,0x77,0x77,0x77,0x2e,0x77,0x33,0x2e,0x6f,0x72,0x67,0x2f,0x32,0x30,
  0x30,0x30,0x2f,0x73,0x76,0x67,0x22,0x3e,0xa,0x20,0x20,0x3c,0x72,0x65,0x63,0x74,
  0x20,0x78,0x3d,0x22,0x31,0x22,0x20,0x79,0x3d,0x22,0x34,0x22,0x20,0x77,0x69,0x64,
  0x74,0x68,0x3d,0x22,0x31,0x36,0x22,0x20,0x68,0x65,0x69,0x67,0x68,0x74,0x3d,0x22,
  0x31,0x30,0x22,0x20,0x72,0x79,0x3d,0x22,0x32,0x22,0x2f,0x3e,0xa,0x3c,0x2f,0x73,
  0x76,0x67,0x3e,0xa,
    // /home/wangyunxin2/workspace/omnetpp-6.0/src/qtenv/icons/objects/event.svg
  0x0,0x0,0x1,0x5,
  0x3c,
  0x73,0x76,0x67,0x20,0x77,0x69,0x64,0x74,0x68,0x3d,0x22,0x31,0x38,0x70,0x78,0x22,
  0x20,0x68,0x65,0x69,0x67,0x68,0x74,0x3d,0x22,0x31,0x38,0x70,0x78,0x22,0x20,0x66,
  0x69,0x6c,0x6c,0x3d,0x22,0x23,0x43,0x30,0x30,0x30,0x30,0x30,0x22,0x20,0x76,0x65,
  0x72,0x73,0x69,0x6f,0x6e,0x3d,0x22,0x31,0x2e,0x31,0x22,0x20,0x76,0x69,0x65,0x77,
  0x42,0x6f,0x78,0x3d,0x22,0x30,0x20,0x30,0x20,0x31,0x38,0x20,0x31,0x38,0x22,0x20,
  0x78,0x6d,0x6c,0x6e,0x73,0x3d,0x22,0x68,0x74,0x74,0x70,0x3a,0x2f,0x2f,0x77,0x77,
  0x77,0x2e,0x77,0x33,0x2e,0x6f,0x72,0x67,0x2f,0x32,0x30,0x30,0x30,0x2f,0x73,0x76,
  0x67,0x22,0x3e,0xa,0x20,0x20,0x3c,0x70,0x61,0x74,0x68,0x20,0x64,0x3d,0x22,0x6d,
  0x39,0x20,0x33,0x61,0x36,0x20,0x36,0x20,0x30,0x20,0x30,0x20,0x30,0x2d,0x36,0x20,
  0x36,0x20,0x36,0x20,0x36,0x20,0x30,0x20,0x30,0x20,0x30,0x20,0x36,0x20,0x36,0x20,
  0x36,0x20,0x36,0x20,0x30,0x20,0x30,0x20,0x30,0x20,0x36,0x2d,0x36,0x20,0x36,0x20,
  0x36,0x20,0x30,0x20,0x30,0x20,0x30,0x2d,0x36,0x2d,0x36,0x7a,0x6d,0x30,0x20,0x33,
  0x61,0x33,0x20,0x33,0x20,0x30,0x20,0x30,0x20,0x31,0x20,0x33,0x20,0x33,0x20,0x33,
  0x20,0x33,0x20,0x30,0x20,0x30,0x20,0x31,0x2d,0x33,0x20,0x33,0x20,0x33,0x20,0x33,
  0x20,0x30,0x20,0x30,0x20,0x31,0x2d,0x33,0x2d,0x33,0x20,0x33,0x20,0x33,0x20,0x30,
  0x20,0x30,0x20,0x31,0x20,0x33,0x2d,0x33,0x7a,0x22,0x2f,0x3e,0xa,0x3c,0x2f,0x73,
  0x76,0x67,0x3e,0xa,
    // /home/wangyunxin2/workspace/omnetpp-6.0/src/qtenv/icons/objects/defaulticon.svg
  0x0,0x0,0x0,0xb7,
  0x3c,
  0x73,0x76,0x67,0x20,0x66,0x69,0x6c,0x6c,0x3d,0x22,0x23,0x64,0x30,0x64,0x30,0x64,
  0x30,0x22,0x20,0x76,0x65,0x72,0x73,0x69,0x6f,0x6e,0x3d,0x22,0x31,0x2e,0x31,0x22,
  0x20,0x76,0x69,0x65,0x77,0x42,0x6f,0x78,0x3d,0x22,0x30,0x20,0x30,0x20,0x34,0x30,
  0x20,0x34,0x30,0x22,0x20,0x78,0x6d,0x6c,0x6e,0x73,0x3d,0x22,0x68,0x74,0x74,0x70,
  0x3a,0x2f,0x2f,0x77,0x77,0x77,0x2e,0x77,0x33,0x2e,0x6f,0x72,0x67,0x2f,0x32,0x30,
  0x30,0x30,0x2f,0x73,0x76,0x67,0x22,0x3e,0xa,0x20,0x20,0x3c,0x72,0x65,0x63,0x74,
  0x20,0x78,0x3d,0x22,0x31,0x22,0x20,0x79,0x3d,0x22,0x31,0x22,0x20,0x77,0x69,0x64,
  0x74,0x68,0x3d,0x22,0x33,0x38,0x22,0x20,0x68,0x65,0x69,0x67,0x68,0x74,0x3d,0x22,
  0x33,0x38,0x22,0x20,0x72,0x79,0x3d,0x22,0x35,0x2e,0x35,0x22,0x20,0x20,0x73,0x74,
  0x72,0x6f,0x6b,0x65,0x3d,0x22,0x23,0x30,0x30,0x30,0x22,0x20,0x73,0x74,0x72,0x6f,
  0x6b,0x65,0x2d,0x77,0x69,0x64,0x74,0x68,0x3d,0x22,0x32,0x22,0x2f,0x3e,0xa,0x3c,
  0x2f,0x73,0x76,0x67,0x3e,0xa,
    // /home/wangyunxin2/workspace/omnetpp-6.0/src/qtenv/icons/objects/chan.svg
  0x0,0x0,0x1,0x55,
  0x3c,
  0x73,0x76,0x67,0x20,0x78,0x6d,0x6c,0x6e,0x73,0x3d,0x22,0x68,0x74,0x74,0x70,0x3a,
  0x2f,0x2f,0x77,0x77,0x77,0x2e,0x77,0x33,0x2e,0x6f,0x72,0x67,0x2f,0x32,0x30,0x30,
  0x30,0x2f,0x73,0x76,0x67,0x22,0x20,0x76,0x69,0x65,0x77,0x42,0x6f,0x78,0x3d,0x22,
  0x30,0x20,0x30,0x20,0x32,0x34,0x20,0x32,0x34,0x22,0x20,0x66,0x69,0x6c,0x6c,0x3d,
  0x22,0x23,0x36,0x30,0x36,0x30,0x46,0x46,0x22,0x20,0x77,0x69,0x64,0x74,0x68,0x3d,
  0x22,0x31,0x38,0x70,0x78,0x22,0x20,0x68,0x65,0x69,0x67,0x68,0x74,0x3d,0x22,0x31,
  0x38,0x70,0x78,0x22,0x3e,0x3c,0x70,0x61,0x74,0x68,0x20,0x64,0x3d,0x22,0x4d,0x30,
  0x20,0x30,0x68,0x32,0x34,0x76,0x32,0x34,0x48,0x30,0x7a,0x22,0x20,0x66,0x69,0x6c,
  0x6c,0x3d,0x22,0x6e,0x6f,0x6e,0x65,0x22,0x2f,0x3e,0x3c,0x70,0x61,0x74,0x68,0x20,
  0x64,0x3d,0x22,0x4d,0x37,0x2e,0x37,0x37,0x20,0x36,0x2e,0x37,0x36,0x4c,0x36,0x2e,
  0x32,0x33,0x20,0x35,0x2e,0x34,0x38,0x2e,0x38,0x32,0x20,0x31,0x32,0x6c,0x35,0x2e,
  0x34,0x31,0x20,0x36,0x2e,0x35,0x32,0x20,0x31,0x2e,0x35,0x34,0x2d,0x31,0x2e,0x32,
  0x38,0x4c,0x33,0x2e,0x34,0x32,0x20,0x31,0x32,0x6c,0x34,0x2e,0x33,0x35,0x2d,0x35,
  0x2e,0x32,0x34,0x7a,0x4d,0x37,0x20,0x31,0x33,0x68,0x32,0x76,0x2d,0x32,0x48,0x37,
  0x76,0x32,0x7a,0x6d,0x31,0x30,0x2d,0x32,0x68,0x2d,0x32,0x76,0x32,0x68,0x32,0x76,
  0x2d,0x32,0x7a,0x6d,0x2d,0x36,0x20,0x32,0x68,0x32,0x76,0x2d,0x32,0x68,0x2d,0x32,
  0x76,0x32,0x7a,0x6d,0x36,0x2e,0x37,0x37,0x2d,0x37,0x2e,0x35,0x32,0x6c,0x2d,0x31,
  0x2e,0x35,0x34,0x20,0x31,0x2e,0x32,0x38,0x4c,0x32,0x30,0x2e,0x35,0x38,0x20,0x31,
  0x32,0x6c,0x2d,0x34,0x2e,0x33,0x35,0x20,0x35,0x2e,0x32,0x34,0x20,0x31,0x2e,0x35,
  0x34,0x20,0x31,0x2e,0x32,0x38,0x4c,0x32,0x33,0x2e,0x31,0x38,0x20,0x31,0x32,0x6c,
  0x2d,0x35,0x2e,0x34,0x31,0x2d,0x36,0x2e,0x35,0x32,0x7a,0x22,0x2f,0x3e,0x3c,0x2f,
  0x73,0x76,0x67,0x3e,
    // /home/wangyunxin2/workspace/omnetpp-6.0/src/qtenv/icons/objects/message.svg
  0x0,0x0,0x0,0x9c,
  0x3c,
  0x73,0x76,0x67,0x20,0x77,0x69,0x64,0x74,0x68,0x3d,0x22,0x31,0x38,0x70,0x78,0x22,
  0x20,0x68,0x65,0x69,0x67,0x68,0x74,0x3d,0x22,0x31,0x38,0x70,0x78,0x22,0x20,0x66,
  0x69,0x6c,0x6c,0x3d,0x22,0x23,0x43,0x30,0x30,0x30,0x30,0x30,0x22,0x20,0x76,0x65,
  0x72,0x73,0x69,0x6f,0x6e,0x3d,0x22,0x31,0x2e,0x31,0x22,0x20,0x76,0x69,0x65,0x77,
  0x42,0x6f,0x78,0x3d,0x22,0x30,0x20,0x30,0x20,0x31,0x38,0x20,0x31,0x38,0x22,0x20,
  0x78,0x6d,0x6c,0x6e,0x73,0x3d,0x22,0x68,0x74,0x74,0x70,0x3a,0x2f,0x2f,0x77,0x77,
  0x77,0x2e,0x77,0x33,0x2e,0x6f,0x72,0x67,0x2f,0x32,0x30,0x30,0x30,0x2f,0x73,0x76,
  0x67,0x22,0x3e,0xa,0x20,0x20,0x3c,0x63,0x69,0x72,0x63,0x6c,0x65,0x20,0x63,0x78,
  0x3d,0x22,0x39,0x22,0x20,0x63,0x79,0x3d,0x22,0x39,0x22,0x20,0x72,0x3d,0x22,0x36,
  0x22,0x2f,0x3e,0xa,0x3c,0x2f,0x73,0x76,0x67,0x3e,0xa,
    // /home/wangyunxin2/workspace/omnetpp-6.0/src/qtenv/icons/objects/watch.svg
  0x0,0x0,0x1,0x6e,
  0x3c,
  0x73,0x76,0x67,0x20,0x78,0x6d,0x6c,0x6e,0x73,0x3d,0x22,0x68,0x74,0x74,0x70,0x3a,
  0x2f,0x2f,0x77,0x77,0x77,0x2e,0x77,0x33,0x2e,0x6f,0x72,0x67,0x2f,0x32,0x30,0x30,
  0x30,0x2f,0x73,0x76,0x67,0x22,0x20,0x76,0x69,0x65,0x77,0x42,0x6f,0x78,0x3d,0x22,
  0x30,0x20,0x30,0x20,0x32,0x34,0x20,0x32,0x34,0x22,0x20,0x66,0x69,0x6c,0x6c,0x3d,
  0x22,0x23,0x33,0x37,0x39,0x31,0x34,0x33,0x22,0x20,0x77,0x69,0x64,0x74,0x68,0x3d,
  0x22,0x31,0x38,0x70,0x78,0x22,0x20,0x68,0x65,0x69,0x67,0x68,0x74,0x3d,0x22,0x31,
  0x38,0x70,0x78,0x22,0x3e,0x3c,0x70,0x61,0x74,0x68,0x20,0x64,0x3d,0x22,0x4d,0x30,
  0x20,0x30,0x68,0x32,0x34,0x76,0x32,0x34,0x48,0x30,0x7a,0x22,0x20,0x66,0x69,0x6c,
  0x6c,0x3d,0x22,0x6e,0x6f,0x6e,0x65,0x22,0x2f,0x3e,0x3c,0x70,0x61,0x74,0x68,0x20,
  0x64,0x3d,0x22,0x4d,0x31,0x32,0x20,0x34,0x2e,0x35,0x43,0x37,0x20,0x34,0x2e,0x35,
  0x20,0x32,0x2e,0x37,0x33,0x20,0x37,0x2e,0x36,0x31,0x20,0x31,0x20,0x31,0x32,0x63,
  0x31,0x2e,0x37,0x33,0x20,0x34,0x2e,0x33,0x39,0x20,0x36,0x20,0x37,0x2e,0x35,0x20,
  0x31,0x31,0x20,0x37,0x2e,0x35,0x73,0x39,0x2e,0x32,0x37,0x2d,0x33,0x2e,0x31,0x31,
  0x20,0x31,0x31,0x2d,0x37,0x2e,0x35,0x63,0x2d,0x31,0x2e,0x37,0x33,0x2d,0x34,0x2e,
  0x33,0x39,0x2d,0x36,0x2d,0x37,0x2e,0x35,0x2d,0x31,0x31,0x2d,0x37,0x2e,0x35,0x7a,
  0x4d,0x31,0x32,0x20,0x31,0x37,0x63,0x2d,0x32,0x2e,0x37,0x36,0x20,0x30,0x2d,0x35,
  0x2d,0x32,0x2e,0x32,0x34,0x2d,0x35,0x2d,0x35,0x73,0x32,0x2e,0x32,0x34,0x2d,0x35,
  0x20,0x35,0x2d,0x35,0x20,0x35,0x20,0x32,0x2e,0x32,0x34,0x20,0x35,0x20,0x35,0x2d,
  0x32,0x2e,0x32,0x34,0x20,0x35,0x2d,0x35,0x20,0x35,0x7a,0x6d,0x30,0x2d,0x38,0x63,
  0x2d,0x31,0x2e,0x36,0x36,0x20,0x30,0x2d,0x33,0x20,0x31,0x2e,0x33,0x34,0x2d,0x33,
  0x20,0x33,0x73,0x31,0x2e,0x33,0x34,0x20,0x33,0x20,0x33,0x20,0x33,0x20,0x33,0x2d,
  0x31,0x2e,0x33,0x34,0x20,0x33,0x2d,0x33,0x2d,0x31,0x2e,0x33,0x34,0x2d,0x33,0x2d,
  0x33,0x2d,0x33,0x7a,0x22,0x2f,0x3e,0x3c,0x2f,0x73,0x76,0x67,0x3e,
    // /home/wangyunxin2/workspace/omnetpp-6.0/src/qtenv/icons/objects/canvas.svg
  0x0,0x0,0x1,0x93,
  0x3c,
  0x73,0x76,0x67,0x20,0x78,0x6d,0x6c,0x6e,0x73,0x3d,0x22,0x68,0x74,0x74,0x70,0x3a,
  0x2f,0x2f,0x77,0x77,0x77,0x2e,0x77,0x33,0x2e,0x6f,0x72,0x67,0x2f,0x32,0x30,0x30,
  0x30,0x2f,0x73,0x76,0x67,0x22,0x20,0x76,0x69,0x65,0x77,0x42,0x6f,0x78,0x3d,0x22,
  0x30,0x20,0x30,0x20,0x32,0x34,0x20,0x32,0x34,0x22,0x20,0x66,0x69,0x6c,0x6c,0x3d,
  0x22,0x23,0x43,0x30,0x30,0x30,0x43,0x30,0x22,0x20,0x77,0x69,0x64,0x74,0x68,0x3d,
  0x22,0x31,0x38,0x70,0x78,0x22,0x20,0x68,0x65,0x69,0x67,0x68,0x74,0x3d,0x22,0x31,
  0x38,0x70,0x78,0x22,0x3e,0x3c,0x70,0x61,0x74,0x68,0x20,0x64,0x3d,0x22,0x4d,0x30,
  0x20,0x30,0x68,0x32,0x34,0x76,0x32,0x34,0x48,0x30,0x7a,0x22,0x20,0x66,0x69,0x6c,
  0x6c,0x3d,0x22,0x6e,0x6f,0x6e,0x65,0x22,0x2f,0x3e,0x3c,0x70,0x61,0x74,0x68,0x20,
  0x64,0x3d,0x22,0x4d,0x34,0x20,0x34,0x68,0x37,0x56,0x32,0x48,0x34,0x63,0x2d,0x31,
  0x2e,0x31,0x20,0x30,0x2d,0x32,0x20,0x2e,0x39,0x2d,0x32,0x20,0x32,0x76,0x37,0x68,
  0x32,0x56,0x34,0x7a,0x6d,0x36,0x20,0x39,0x6c,0x2d,0x34,0x20,0x35,0x68,0x31,0x32,
  0x6c,0x2d,0x33,0x2d,0x34,0x2d,0x32,0x2e,0x30,0x33,0x20,0x32,0x2e,0x37,0x31,0x4c,
  0x31,0x30,0x20,0x31,0x33,0x7a,0x6d,0x37,0x2d,0x34,0x2e,0x35,0x63,0x30,0x2d,0x2e,
  0x38,0x33,0x2d,0x2e,0x36,0x37,0x2d,0x31,0x2e,0x35,0x2d,0x31,0x2e,0x35,0x2d,0x31,
  0x2e,0x35,0x53,0x31,0x34,0x20,0x37,0x2e,0x36,0x37,0x20,0x31,0x34,0x20,0x38,0x2e,
  0x35,0x73,0x2e,0x36,0x37,0x20,0x31,0x2e,0x35,0x20,0x31,0x2e,0x35,0x20,0x31,0x2e,
  0x35,0x53,0x31,0x37,0x20,0x39,0x2e,0x33,0x33,0x20,0x31,0x37,0x20,0x38,0x2e,0x35,
  0x7a,0x4d,0x32,0x30,0x20,0x32,0x68,0x2d,0x37,0x76,0x32,0x68,0x37,0x76,0x37,0x68,
  0x32,0x56,0x34,0x63,0x30,0x2d,0x31,0x2e,0x31,0x2d,0x2e,0x39,0x2d,0x32,0x2d,0x32,
  0x2d,0x32,0x7a,0x6d,0x30,0x20,0x31,0x38,0x68,0x2d,0x37,0x76,0x32,0x68,0x37,0x63,
  0x31,0x2e,0x31,0x20,0x30,0x20,0x32,0x2d,0x2e,0x39,0x20,0x32,0x2d,0x32,0x76,0x2d,
  0x37,0x68,0x2d,0x32,0x76,0x37,0x7a,0x4d,0x34,0x20,0x31,0x33,0x48,0x32,0x76,0x37,
  0x63,0x30,0x20,0x31,0x2e,0x31,0x2e,0x39,0x20,0x32,0x20,0x32,0x20,0x32,0x68,0x37,
  0x76,0x2d,0x32,0x48,0x34,0x76,0x2d,0x37,0x7a,0x22,0x2f,0x3e,0x3c,0x2f,0x73,0x76,
  0x67,0x3e,
    // /home/wangyunxin2/workspace/omnetpp-6.0/src/qtenv/icons/objects/placeholder.svg
  0x0,0x0,0x0,0xeb,
  0x3c,
  0x73,0x76,0x67,0x20,0x78,0x6d,0x6c,0x6e,0x73,0x3d,0x22,0x68,0x74,0x74,0x70,0x3a,
  0x2f,0x2f,0x77,0x77,0x77,0x2e,0x77,0x33,0x2e,0x6f,0x72,0x67,0x2f,0x32,0x30,0x30,
  0x30,0x2f,0x73,0x76,0x67,0x22,0x20,0x76,0x69,0x65,0x77,0x42,0x6f,0x78,0x3d,0x22,
  0x30,0x20,0x30,0x20,0x32,0x34,0x20,0x32,0x34,0x22,0x20,0x66,0x69,0x6c,0x6c,0x3d,
  0x22,0x23,0x36,0x30,0x36,0x30,0x46,0x46,0x22,0x20,0x77,0x69,0x64,0x74,0x68,0x3d,
  0x22,0x31,0x38,0x70,0x78,0x22,0x20,0x68,0x65,0x69,0x67,0x68,0x74,0x3d,0x22,0x31,
  0x38,0x70,0x78,0x22,0x3e,0x3c,0x70,0x61,0x74,0x68,0x20,0x64,0x3d,0x22,0x4d,0x30,
  0x20,0x30,0x68,0x32,0x34,0x76,0x32,0x34,0x48,0x30,0x7a,0x22,0x20,0x66,0x69,0x6c,
  0x6c,0x3d,0x22,0x6e,0x6f,0x6e,0x65,0x22,0x2f,0x3e,0x3c,0x70,0x61,0x74,0x68,0x20,
  0x64,0x3d,0x22,0x4d,0x37,0x20,0x31,0x34,0x48,0x35,0x76,0x35,0x68,0x35,0x76,0x2d,
  0x32,0x48,0x37,0x76,0x2d,0x33,0x7a,0x6d,0x2d,0x32,0x2d,0x34,0x68,0x32,0x56,0x37,
  0x68,0x33,0x56,0x35,0x48,0x35,0x76,0x35,0x7a,0x6d,0x31,0x32,0x20,0x37,0x68,0x2d,
  0x33,0x76,0x32,0x68,0x35,0x76,0x2d,0x35,0x68,0x2d,0x32,0x76,0x33,0x7a,0x4d,0x31,
  0x34,0x20,0x35,0x76,0x32,0x68,0x33,0x76,0x33,0x68,0x32,0x56,0x35,0x68,0x2d,0x35,
  0x7a,0x22,0x2f,0x3e,0x3c,0x2f,0x73,0x76,0x67,0x3e,
    // /home/wangyunxin2/workspace/omnetpp-6.0/src/qtenv/icons/objects/none.svg
  0x0,0x0,0x1,0xe9,
  0x3c,
  0x73,0x76,0x67,0x20,0x78,0x6d,0x6c,0x6e,0x73,0x3d,0x22,0x68,0x74,0x74,0x70,0x3a,
  0x2f,0x2f,0x77,0x77,0x77,0x2e,0x77,0x33,0x2e,0x6f,0x72,0x67,0x2f,0x32,0x30,0x30,
  0x30,0x2f,0x73,0x76,0x67,0x22,0x20,0x76,0x69,0x65,0x77,0x42,0x6f,0x78,0x3d,0x22,
  0x30,0x20,0x30,0x20,0x32,0x34,0x20,0x32,0x34,0x22,0x20,0x66,0x69,0x6c,0x6c,0x3d,
  0x22,0x23,0x34,0x30,0x34,0x30,0x34,0x30,0x22,0x20,0x77,0x69,0x64,0x74,0x68,0x3d,
  0x22,0x31,0x38,0x70,0x78,0x22,0x20,0x68,0x65,0x69,0x67,0x68,0x74,0x3d,0x22,0x31,
  0x38,0x70,0x78,0x22,0x3e,0x3c,0x70,0x61,0x74,0x68,0x20,0x64,0x3d,0x22,0x4d,0x30,
  0x20,0x30,0x68,0x32,0x34,0x76,0x32,0x34,0x48,0x30,0x7a,0x22,0x20,0x66,0x69,0x6c,
  0x6c,0x3d,0x22,0x6e,0x6f,0x6e,0x65,0x22,0x2f,0x3e,0x3c,0x70,0x61,0x74,0x68,0x20,
  0x64,0x3d,0x22,0x4d,0x32,0x31,0x20,0x31,0x39,0x2e,0x31,0x48,0x33,0x56,0x35,0x68,
  0x31,0x38,0x76,0x31,0x34,0x2e,0x31,0x7a,0x4d,0x32,0x31,0x20,0x33,0x48,0x33,0x63,
  0x2d,0x31,0x2e,0x31,0x20,0x30,0x2d,0x32,0x20,0x2e,0x39,0x2d,0x32,0x20,0x32,0x76,
  0x31,0x34,0x63,0x30,0x20,0x31,0x2e,0x31,0x2e,0x39,0x20,0x32,0x20,0x32,0x20,0x32,
  0x68,0x31,0x38,0x63,0x31,0x2e,0x31,0x20,0x30,0x20,0x32,0x2d,0x2e,0x39,0x20,0x32,
  0x2d,0x32,0x56,0x35,0x63,0x30,0x2d,0x31,0x2e,0x31,0x2d,0x2e,0x39,0x2d,0x32,0x2d,
  0x32,0x2d,0x32,0x7a,0x22,0x2f,0x3e,0x3c,0x70,0x61,0x74,0x68,0x20,0x64,0x3d,0x22,
  0x4d,0x32,0x31,0x20,0x31,0x39,0x2e,0x31,0x48,0x33,0x56,0x35,0x68,0x31,0x38,0x76,
  0x31,0x34,0x2e,0x31,0x7a,0x4d,0x32,0x31,0x20,0x33,0x48,0x33,0x63,0x2d,0x31,0x2e,
  0x31,0x20,0x30,0x2d,0x32,0x20,0x2e,0x39,0x2d,0x32,0x20,0x32,0x76,0x31,0x34,0x63,
  0x30,0x20,0x31,0x2e,0x31,0x2e,0x39,0x20,0x32,0x20,0x32,0x20,0x32,0x68,0x31,0x38,
  0x63,0x31,0x2e,0x31,0x20,0x30,0x20,0x32,0x2d,0x2e,0x39,0x20,0x32,0x2d,0x32,0x56,
  0x35,0x63,0x30,0x2d,0x31,0x2e,0x31,0x2d,0x2e,0x39,0x2d,0x32,0x2d,0x32,0x2d,0x32,
  0x7a,0x22,0x20,0x66,0x69,0x6c,0x6c,0x3d,0x22,0x6e,0x6f,0x6e,0x65,0x22,0x2f,0x3e,
  0x3c,0x70,0x61,0x74,0x68,0x20,0x64,0x3d,0x22,0x4d,0x31,0x34,0x2e,0x35,0x39,0x20,
  0x38,0x4c,0x31,0x32,0x20,0x31,0x30,0x2e,0x35,0x39,0x20,0x39,0x2e,0x34,0x31,0x20,
  0x38,0x20,0x38,0x20,0x39,0x2e,0x34,0x31,0x20,0x31,0x30,0x2e,0x35,0x39,0x20,0x31,
  0x32,0x20,0x38,0x20,0x31,0x34,0x2e,0x35,0x39,0x20,0x39,0x2e,0x34,0x31,0x20,0x31,
  0x36,0x20,0x31,0x32,0x20,0x31,0x33,0x2e,0x34,0x31,0x20,0x31,0x34,0x2e,0x35,0x39,
  0x20,0x31,0x36,0x20,0x31,0x36,0x20,0x31,0x34,0x2e,0x35,0x39,0x20,0x31,0x33,0x2e,
  0x34,0x31,0x20,0x31,0x32,0x20,0x31,0x36,0x20,0x39,0x2e,0x34,0x31,0x7a,0x22,0x2f,
  0x3e,0x3c,0x2f,0x73,0x76,0x67,0x3e,0xa,
    // /home/wangyunxin2/workspace/omnetpp-6.0/src/qtenv/icons/objects/compound.svg
  0x0,0x0,0x1,0x56,
  0x3c,
  0x73,0x76,0x67,0x20,0x65,0x6e,0x61,0x62,0x6c,0x65,0x2d,0x62,0x61,0x63,0x6b,0x67,
  0x72,0x6f,0x75,0x6e,0x64,0x3d,0x22,0x6e,0x65,0x77,0x20,0x30,0x20,0x30,0x20,0x32,
  0x34,0x20,0x32,0x34,0x22,0x20,0x66,0x69,0x6c,0x6c,0x3d,0x22,0x23,0x36,0x30,0x36,
  0x30,0x46,0x46,0x22,0x20,0x76,0x65,0x72,0x73,0x69,0x6f,0x6e,0x3d,0x22,0x31,0x2e,
  0x31,0x22,0x20,0x76,0x69,0x65,0x77,0x42,0x6f,0x78,0x3d,0x22,0x30,0x20,0x30,0x20,
  0x32,0x34,0x20,0x32,0x34,0x22,0x20,0x78,0x6d,0x6c,0x6e,0x73,0x3d,0x22,0x68,0x74,
  0x74,0x70,0x3a,0x2f,0x2f,0x77,0x77,0x77,0x2e,0x77,0x33,0x2e,0x6f,0x72,0x67,0x2f,
  0x32,0x30,0x30,0x30,0x2f,0x73,0x76,0x67,0x22,0x3e,0x3c,0x72,0x65,0x63,0x74,0x20,
  0x77,0x69,0x64,0x74,0x68,0x3d,0x22,0x32,0x34,0x22,0x20,0x68,0x65,0x69,0x67,0x68,
  0x74,0x3d,0x22,0x32,0x34,0x22,0x20,0x66,0x69,0x6c,0x6c,0x3d,0x22,0x6e,0x6f,0x6e,
  0x65,0x22,0x2f,0x3e,0x3c,0x70,0x61,0x74,0x68,0x20,0x64,0x3d,0x22,0x6d,0x32,0x32,
  0x20,0x31,0x31,0x76,0x2d,0x38,0x68,0x2d,0x37,0x76,0x33,0x68,0x2d,0x34,0x76,0x2d,
  0x33,0x68,0x2d,0x39,0x76,0x39,0x2e,0x39,0x36,0x34,0x38,0x63,0x32,0x2e,0x37,0x38,
  0x32,0x33,0x20,0x30,0x2e,0x30,0x33,0x38,0x38,0x32,0x20,0x30,0x2e,0x33,0x38,0x30,
  0x34,0x33,0x20,0x30,0x2e,0x30,0x33,0x35,0x31,0x37,0x37,0x20,0x34,0x20,0x30,0x2e,
  0x30,0x33,0x35,0x31,0x37,0x37,0x76,0x35,0x68,0x39,0x76,0x33,0x68,0x37,0x76,0x2d,
  0x38,0x68,0x2d,0x37,0x76,0x33,0x68,0x2d,0x37,0x76,0x2d,0x33,0x68,0x33,0x76,0x2d,
  0x35,0x68,0x34,0x76,0x33,0x7a,0x6d,0x2d,0x31,0x33,0x20,0x30,0x2d,0x35,0x2d,0x30,
  0x2e,0x30,0x33,0x35,0x31,0x37,0x37,0x76,0x2d,0x35,0x2e,0x39,0x36,0x34,0x38,0x68,
  0x35,0x7a,0x6d,0x38,0x20,0x34,0x68,0x33,0x76,0x34,0x68,0x2d,0x33,0x7a,0x6d,0x30,
  0x2d,0x31,0x30,0x68,0x33,0x76,0x34,0x68,0x2d,0x33,0x7a,0x22,0x2f,0x3e,0x3c,0x2f,
  0x73,0x76,0x67,0x3e,0xa,
    // /home/wangyunxin2/workspace/omnetpp-6.0/src/qtenv/icons/objects/unknown.svg
  0x0,0x0,0x2,0xd2,
  0x3c,
  0x73,0x76,0x67,0x20,0x78,0x6d,0x6c,0x6e,0x73,0x3d,0x22,0x68,0x74,0x74,0x70,0x3a,
  0x2f,0x2f,0x77,0x77,0x77,0x2e,0x77,0x33,0x2e,0x6f,0x72,0x67,0x2f,0x32,0x30,0x30,
  0x30,0x2f,0x73,0x76,0x67,0x22,0x20,0x65,0x6e,0x61,0x62,0x6c,0x65,0x2d,0x62,0x61,
  0x63,0x6b,0x67,0x72,0x6f,0x75,0x6e,0x64,0x3d,0x22,0x6e,0x65,0x77,0x20,0x30,0x20,
  0x30,0x20,0x32,0x34,0x20,0x32,0x34,0x22,0x20,0x76,0x69,0x65,0x77,0x42,0x6f,0x78,
  0x3d,0x22,0x30,0x20,0x30,0x20,0x32,0x34,0x20,0x32,0x34,0x22,0x20,0x66,0x69,0x6c,
  0x6c,0x3d,0x22,0x23,0x46,0x46,0x30,0x30,0x30,0x30,0x22,0x20,0x77,0x69,0x64,0x74,
  0x68,0x3d,0x22,0x34,0x38,0x70,0x78,0x22,0x20,0x68,0x65,0x69,0x67,0x68,0x74,0x3d,
  0x22,0x34,0x38,0x70,0x78,0x22,0x3e,0x3c,0x67,0x3e,0x3c,0x72,0x65,0x63,0x74,0x20,
  0x66,0x69,0x6c,0x6c,0x3d,0x22,0x6e,0x6f,0x6e,0x65,0x22,0x20,0x68,0x65,0x69,0x67,
  0x68,0x74,0x3d,0x22,0x32,0x34,0x22,0x20,0x77,0x69,0x64,0x74,0x68,0x3d,0x22,0x32,
  0x34,0x22,0x2f,0x3e,0x3c,0x70,0x61,0x74,0x68,0x20,0x64,0x3d,0x22,0x4d,0x31,0x33,
  0x2e,0x32,0x35,0x2c,0x31,0x36,0x2e,0x37,0x34,0x63,0x30,0x2c,0x30,0x2e,0x36,0x39,
  0x2d,0x30,0x2e,0x35,0x33,0x2c,0x31,0x2e,0x32,0x36,0x2d,0x31,0x2e,0x32,0x35,0x2c,
  0x31,0x2e,0x32,0x36,0x63,0x2d,0x30,0x2e,0x37,0x2c,0x30,0x2d,0x31,0x2e,0x32,0x36,
  0x2d,0x30,0x2e,0x35,0x36,0x2d,0x31,0x2e,0x32,0x36,0x2d,0x31,0x2e,0x32,0x36,0x63,
  0x30,0x2d,0x30,0x2e,0x37,0x31,0x2c,0x30,0x2e,0x35,0x36,0x2d,0x31,0x2e,0x32,0x35,
  0x2c,0x31,0x2e,0x32,0x36,0x2d,0x31,0x2e,0x32,0x35,0x20,0x43,0x31,0x32,0x2e,0x37,
  0x31,0x2c,0x31,0x35,0x2e,0x34,0x39,0x2c,0x31,0x33,0x2e,0x32,0x35,0x2c,0x31,0x36,
  0x2e,0x30,0x34,0x2c,0x31,0x33,0x2e,0x32,0x35,0x2c,0x31,0x36,0x2e,0x37,0x34,0x7a,
  0x20,0x4d,0x31,0x31,0x2e,0x39,0x39,0x2c,0x36,0x63,0x2d,0x31,0x2e,0x37,0x37,0x2c,
  0x30,0x2d,0x32,0x2e,0x39,0x38,0x2c,0x31,0x2e,0x31,0x35,0x2d,0x33,0x2e,0x34,0x33,
  0x2c,0x32,0x2e,0x34,0x39,0x6c,0x31,0x2e,0x36,0x34,0x2c,0x30,0x2e,0x36,0x39,0x63,
  0x30,0x2e,0x32,0x32,0x2d,0x30,0x2e,0x36,0x37,0x2c,0x30,0x2e,0x37,0x34,0x2d,0x31,
  0x2e,0x34,0x38,0x2c,0x31,0x2e,0x38,0x2d,0x31,0x2e,0x34,0x38,0x20,0x63,0x31,0x2e,
  0x36,0x32,0x2c,0x30,0x2c,0x31,0x2e,0x39,0x34,0x2c,0x31,0x2e,0x35,0x32,0x2c,0x31,
  0x2e,0x33,0x37,0x2c,0x32,0x2e,0x33,0x33,0x63,0x2d,0x30,0x2e,0x35,0x34,0x2c,0x30,
  0x2e,0x37,0x37,0x2d,0x31,0x2e,0x34,0x37,0x2c,0x31,0x2e,0x32,0x39,0x2d,0x31,0x2e,
  0x39,0x36,0x2c,0x32,0x2e,0x31,0x36,0x63,0x2d,0x30,0x2e,0x33,0x39,0x2c,0x30,0x2e,
  0x36,0x39,0x2d,0x30,0x2e,0x33,0x31,0x2c,0x31,0x2e,0x34,0x39,0x2d,0x30,0x2e,0x33,
  0x31,0x2c,0x31,0x2e,0x39,0x38,0x68,0x31,0x2e,0x38,0x32,0x63,0x30,0x2d,0x30,0x2e,
  0x39,0x33,0x2c,0x30,0x2e,0x30,0x37,0x2d,0x31,0x2e,0x31,0x32,0x2c,0x30,0x2e,0x32,
  0x32,0x2d,0x31,0x2e,0x34,0x31,0x20,0x63,0x30,0x2e,0x33,0x39,0x2d,0x30,0x2e,0x37,
  0x32,0x2c,0x31,0x2e,0x31,0x31,0x2d,0x31,0x2e,0x30,0x36,0x2c,0x31,0x2e,0x38,0x37,
  0x2d,0x32,0x2e,0x31,0x37,0x63,0x30,0x2e,0x36,0x38,0x2d,0x31,0x2c,0x30,0x2e,0x34,
  0x32,0x2d,0x32,0x2e,0x33,0x36,0x2d,0x30,0x2e,0x30,0x32,0x2d,0x33,0x2e,0x30,0x38,
  0x43,0x31,0x34,0x2e,0x34,0x38,0x2c,0x36,0x2e,0x36,0x37,0x2c,0x31,0x33,0x2e,0x34,
  0x37,0x2c,0x36,0x2c,0x31,0x31,0x2e,0x39,0x39,0x2c,0x36,0x7a,0x20,0x4d,0x31,0x39,
  0x2c,0x35,0x48,0x35,0x76,0x31,0x34,0x68,0x31,0x34,0x56,0x35,0x20,0x4d,0x31,0x39,
  0x2c,0x33,0x63,0x31,0x2e,0x31,0x2c,0x30,0x2c,0x32,0x2c,0x30,0x2e,0x39,0x2c,0x32,
  0x2c,0x32,0x76,0x31,0x34,0x20,0x63,0x30,0x2c,0x31,0x2e,0x31,0x2d,0x30,0x2e,0x39,
  0x2c,0x32,0x2d,0x32,0x2c,0x32,0x48,0x35,0x63,0x2d,0x31,0x2e,0x31,0x2c,0x30,0x2d,
  0x32,0x2d,0x30,0x2e,0x39,0x2d,0x32,0x2d,0x32,0x56,0x35,0x63,0x30,0x2d,0x31,0x2e,
  0x31,0x2c,0x30,0x2e,0x39,0x2d,0x32,0x2c,0x32,0x2d,0x32,0x48,0x31,0x39,0x4c,0x31,
  0x39,0x2c,0x33,0x7a,0x22,0x2f,0x3e,0x3c,0x2f,0x67,0x3e,0x3c,0x2f,0x73,0x76,0x67,
  0x3e,
    // /home/wangyunxin2/workspace/omnetpp-6.0/src/qtenv/icons/objects/param.svg
  0x0,0x0,0x1,0x97,
  0x3c,
  0x73,0x76,0x67,0x20,0x78,0x6d,0x6c,0x6e,0x73,0x3d,0x22,0x68,0x74,0x74,0x70,0x3a,
  0x2f,0x2f,0x77,0x77,0x77,0x2e,0x77,0x33,0x2e,0x6f,0x72,0x67,0x2f,0x32,0x30,0x30,
  0x30,0x2f,0x73,0x76,0x67,0x22,0x20,0x76,0x69,0x65,0x77,0x42,0x6f,0x78,0x3d,0x22,
  0x30,0x20,0x30,0x20,0x32,0x34,0x20,0x32,0x34,0x22,0x20,0x66,0x69,0x6c,0x6c,0x3d,
  0x22,0x23,0x30,0x30,0x38,0x30,0x38,0x30,0x22,0x20,0x77,0x69,0x64,0x74,0x68,0x3d,
  0x22,0x31,0x38,0x70,0x78,0x22,0x20,0x68,0x65,0x69,0x67,0x68,0x74,0x3d,0x22,0x31,
  0x38,0x70,0x78,0x22,0x3e,0x3c,0x70,0x61,0x74,0x68,0x20,0x64,0x3d,0x22,0x4d,0x30,
  0x20,0x30,0x68,0x32,0x34,0x76,0x32,0x34,0x48,0x30,0x7a,0x22,0x20,0x66,0x69,0x6c,
  0x6c,0x3d,0x22,0x6e,0x6f,0x6e,0x65,0x22,0x2f,0x3e,0x3c,0x70,0x61,0x74,0x68,0x20,
  0x64,0x3d,0x22,0x4d,0x31,0x35,0x2e,0x35,0x34,0x20,0x35,0x2e,0x35,0x34,0x4c,0x31,
  0x33,0x2e,0x37,0x37,0x20,0x37,0x2e,0x33,0x20,0x31,0x32,0x20,0x35,0x2e,0x35,0x34,
  0x20,0x31,0x30,0x2e,0x32,0x33,0x20,0x37,0x2e,0x33,0x20,0x38,0x2e,0x34,0x36,0x20,
  0x35,0x2e,0x35,0x34,0x20,0x31,0x32,0x20,0x32,0x7a,0x6d,0x32,0x2e,0x39,0x32,0x20,
  0x31,0x30,0x6c,0x2d,0x31,0x2e,0x37,0x36,0x2d,0x31,0x2e,0x37,0x37,0x4c,0x31,0x38,
  0x2e,0x34,0x36,0x20,0x31,0x32,0x6c,0x2d,0x31,0x2e,0x37,0x36,0x2d,0x31,0x2e,0x37,
  0x37,0x20,0x31,0x2e,0x37,0x36,0x2d,0x31,0x2e,0x37,0x37,0x4c,0x32,0x32,0x20,0x31,
  0x32,0x7a,0x6d,0x2d,0x31,0x30,0x20,0x32,0x2e,0x39,0x32,0x6c,0x31,0x2e,0x37,0x37,
  0x2d,0x31,0x2e,0x37,0x36,0x4c,0x31,0x32,0x20,0x31,0x38,0x2e,0x34,0x36,0x6c,0x31,
  0x2e,0x37,0x37,0x2d,0x31,0x2e,0x37,0x36,0x20,0x31,0x2e,0x37,0x37,0x20,0x31,0x2e,
  0x37,0x36,0x4c,0x31,0x32,0x20,0x32,0x32,0x7a,0x6d,0x2d,0x32,0x2e,0x39,0x32,0x2d,
  0x31,0x30,0x6c,0x31,0x2e,0x37,0x36,0x20,0x31,0x2e,0x37,0x37,0x4c,0x35,0x2e,0x35,
  0x34,0x20,0x31,0x32,0x6c,0x31,0x2e,0x37,0x36,0x20,0x31,0x2e,0x37,0x37,0x2d,0x31,
  0x2e,0x37,0x36,0x20,0x31,0x2e,0x37,0x37,0x4c,0x32,0x20,0x31,0x32,0x7a,0x22,0x2f,
  0x3e,0x3c,0x63,0x69,0x72,0x63,0x6c,0x65,0x20,0x63,0x78,0x3d,0x22,0x31,0x32,0x22,
  0x20,0x63,0x79,0x3d,0x22,0x31,0x32,0x22,0x20,0x72,0x3d,0x22,0x33,0x22,0x2f,0x3e,
  0x3c,0x2f,0x73,0x76,0x67,0x3e,
    // /home/wangyunxin2/workspace/omnetpp-6.0/src/qtenv/icons/objects/stat.svg
  0x0,0x0,0x1,0x31,
  0x3c,
  0x73,0x76,0x67,0x20,0x78,0x6d,0x6c,0x6e,0x73,0x3d,0x22,0x68,0x74,0x74,0x70,0x3a,
  0x2f,0x2f,0x77,0x77,0x77,0x2e,0x77,0x33,0x2e,0x6f,0x72,0x67,0x2f,0x32,0x30,0x30,
  0x30,0x2f,0x73,0x76,0x67,0x22,0x20,0x76,0x69,0x65,0x77,0x42,0x6f,0x78,0x3d,0x22,
  0x30,0x20,0x30,0x20,0x32,0x34,0x20,0x32,0x34,0x22,0x20,0x66,0x69,0x6c,0x6c,0x3d,
  0x22,0x23,0x33,0x37,0x39,0x31,0x34,0x33,0x22,0x20,0x77,0x69,0x64,0x74,0x68,0x3d,
  0x22,0x31,0x38,0x70,0x78,0x22,0x20,0x68,0x65,0x69,0x67,0x68,0x74,0x3d,0x22,0x31,
  0x38,0x70,0x78,0x22,0x3e,0x3c,0x70,0x61,0x74,0x68,0x20,0x64,0x3d,0x22,0x4d,0x30,
  0x20,0x30,0x68,0x32,0x34,0x76,0x32,0x34,0x48,0x30,0x7a,0x22,0x20,0x66,0x69,0x6c,
  0x6c,0x3d,0x22,0x6e,0x6f,0x6e,0x65,0x22,0x2f,0x3e,0x3c,0x70,0x61,0x74,0x68,0x20,
  0x64,0x3d,0x22,0x4d,0x39,0x20,0x31,0x37,0x48,0x37,0x76,0x2d,0x37,0x68,0x32,0x76,
  0x37,0x7a,0x6d,0x34,0x20,0x30,0x68,0x2d,0x32,0x56,0x37,0x68,0x32,0x76,0x31,0x30,
  0x7a,0x6d,0x34,0x20,0x30,0x68,0x2d,0x32,0x76,0x2d,0x34,0x68,0x32,0x76,0x34,0x7a,
  0x6d,0x32,0x2e,0x35,0x20,0x32,0x2e,0x31,0x68,0x2d,0x31,0x35,0x56,0x35,0x68,0x31,
  0x35,0x76,0x31,0x34,0x2e,0x31,0x7a,0x6d,0x30,0x2d,0x31,0x36,0x2e,0x31,0x68,0x2d,
  0x31,0x35,0x63,0x2d,0x31,0x2e,0x31,0x20,0x30,0x2d,0x32,0x20,0x2e,0x39,0x2d,0x32,
  0x20,0x32,0x76,0x31,0x34,0x63,0x30,0x20,0x31,0x2e,0x31,0x2e,0x39,0x20,0x32,0x20,
  0x32,0x20,0x32,0x68,0x31,0x35,0x63,0x31,0x2e,0x31,0x20,0x30,0x20,0x32,0x2d,0x2e,
  0x39,0x20,0x32,0x2d,0x32,0x56,0x35,0x63,0x30,0x2d,0x31,0x2e,0x31,0x2d,0x2e,0x39,
  0x2d,0x32,0x2d,0x32,0x2d,0x32,0x7a,0x22,0x2f,0x3e,0x3c,0x2f,0x73,0x76,0x67,0x3e,
  
    // /home/wangyunxin2/workspace/omnetpp-6.0/src/qtenv/icons/objects/cogwheel.svg
  0x0,0x0,0x4,0x23,
  0x3c,
  0x73,0x76,0x67,0x20,0x78,0x6d,0x6c,0x6e,0x73,0x3d,0x22,0x68,0x74,0x74,0x70,0x3a,
  0x2f,0x2f,0x77,0x77,0x77,0x2e,0x77,0x33,0x2e,0x6f,0x72,0x67,0x2f,0x32,0x30,0x30,
  0x30,0x2f,0x73,0x76,0x67,0x22,0x20,0x65,0x6e,0x61,0x62,0x6c,0x65,0x2d,0x62,0x61,
  0x63,0x6b,0x67,0x72,0x6f,0x75,0x6e,0x64,0x3d,0x22,0x6e,0x65,0x77,0x20,0x30,0x20,
  0x30,0x20,0x32,0x34,0x20,0x32,0x34,0x22,0x20,0x76,0x69,0x65,0x77,0x42,0x6f,0x78,
  0x3d,0x22,0x30,0x20,0x30,0x20,0x32,0x34,0x20,0x32,0x34,0x22,0x20,0x66,0x69,0x6c,
  0x6c,0x3d,0x22,0x23,0x34,0x30,0x34,0x30,0x34,0x30,0x22,0x20,0x77,0x69,0x64,0x74,
  0x68,0x3d,0x22,0x31,0x38,0x70,0x78,0x22,0x20,0x68,0x65,0x69,0x67,0x68,0x74,0x3d,
  0x22,0x31,0x38,0x70,0x78,0x22,0x3e,0x3c,0x67,0x3e,0x3c,0x70,0x61,0x74,0x68,0x20,
  0x64,0x3d,0x22,0x4d,0x30,0x2c,0x30,0x68,0x32,0x34,0x76,0x32,0x34,0x48,0x30,0x56,
  0x30,0x7a,0x22,0x20,0x66,0x69,0x6c,0x6c,0x3d,0x22,0x6e,0x6f,0x6e,0x65,0x22,0x2f,
  0x3e,0x3c,0x70,0x61,0x74,0x68,0x20,0x64,0x3d,0x22,0x4d,0x31,0x39,0x2e,0x31,0x34,
  0x2c,0x31,0x32,0x2e,0x39,0x34,0x63,0x30,0x2e,0x30,0x34,0x2d,0x30,0x2e,0x33,0x2c,
  0x30,0x2e,0x30,0x36,0x2d,0x30,0x2e,0x36,0x31,0x2c,0x30,0x2e,0x30,0x36,0x2d,0x30,
  0x2e,0x39,0x34,0x63,0x30,0x2d,0x30,0x2e,0x33,0x32,0x2d,0x30,0x2e,0x30,0x32,0x2d,
  0x30,0x2e,0x36,0x34,0x2d,0x30,0x2e,0x30,0x37,0x2d,0x30,0x2e,0x39,0x34,0x6c,0x32,
  0x2e,0x30,0x33,0x2d,0x31,0x2e,0x35,0x38,0x63,0x30,0x2e,0x31,0x38,0x2d,0x30,0x2e,
  0x31,0x34,0x2c,0x30,0x2e,0x32,0x33,0x2d,0x30,0x2e,0x34,0x31,0x2c,0x30,0x2e,0x31,
  0x32,0x2d,0x30,0x2e,0x36,0x31,0x20,0x6c,0x2d,0x31,0x2e,0x39,0x32,0x2d,0x33,0x2e,
  0x33,0x32,0x63,0x2d,0x30,0x2e,0x31,0x32,0x2d,0x30,0x2e,0x32,0x32,0x2d,0x30,0x2e,
  0x33,0x37,0x2d,0x30,0x2e,0x32,0x39,0x2d,0x30,0x2e,0x35,0x39,0x2d,0x30,0x2e,0x32,
  0x32,0x6c,0x2d,0x32,0x2e,0x33,0x39,0x2c,0x30,0x2e,0x39,0x36,0x63,0x2d,0x30,0x2e,
  0x35,0x2d,0x30,0x2e,0x33,0x38,0x2d,0x31,0x2e,0x30,0x33,0x2d,0x30,0x2e,0x37,0x2d,
  0x31,0x2e,0x36,0x32,0x2d,0x30,0x2e,0x39,0x34,0x4c,0x31,0x34,0x2e,0x34,0x2c,0x32,
  0x2e,0x38,0x31,0x63,0x2d,0x30,0x2e,0x30,0x34,0x2d,0x30,0x2e,0x32,0x34,0x2d,0x30,
  0x2e,0x32,0x34,0x2d,0x30,0x2e,0x34,0x31,0x2d,0x30,0x2e,0x34,0x38,0x2d,0x30,0x2e,
  0x34,0x31,0x20,0x68,0x2d,0x33,0x2e,0x38,0x34,0x63,0x2d,0x30,0x2e,0x32,0x34,0x2c,
  0x30,0x2d,0x30,0x2e,0x34,0x33,0x2c,0x30,0x2e,0x31,0x37,0x2d,0x30,0x2e,0x34,0x37,
  0x2c,0x30,0x2e,0x34,0x31,0x4c,0x39,0x2e,0x32,0x35,0x2c,0x35,0x2e,0x33,0x35,0x43,
  0x38,0x2e,0x36,0x36,0x2c,0x35,0x2e,0x35,0x39,0x2c,0x38,0x2e,0x31,0x32,0x2c,0x35,
  0x2e,0x39,0x32,0x2c,0x37,0x2e,0x36,0x33,0x2c,0x36,0x2e,0x32,0x39,0x4c,0x35,0x2e,
  0x32,0x34,0x2c,0x35,0x2e,0x33,0x33,0x63,0x2d,0x30,0x2e,0x32,0x32,0x2d,0x30,0x2e,
  0x30,0x38,0x2d,0x30,0x2e,0x34,0x37,0x2c,0x30,0x2d,0x30,0x2e,0x35,0x39,0x2c,0x30,
  0x2e,0x32,0x32,0x4c,0x32,0x2e,0x37,0x34,0x2c,0x38,0x2e,0x38,0x37,0x20,0x43,0x32,
  0x2e,0x36,0x32,0x2c,0x39,0x2e,0x30,0x38,0x2c,0x32,0x2e,0x36,0x36,0x2c,0x39,0x2e,
  0x33,0x34,0x2c,0x32,0x2e,0x38,0x36,0x2c,0x39,0x2e,0x34,0x38,0x6c,0x32,0x2e,0x30,
  0x33,0x2c,0x31,0x2e,0x35,0x38,0x43,0x34,0x2e,0x38,0x34,0x2c,0x31,0x31,0x2e,0x33,
  0x36,0x2c,0x34,0x2e,0x38,0x2c,0x31,0x31,0x2e,0x36,0x39,0x2c,0x34,0x2e,0x38,0x2c,
  0x31,0x32,0x73,0x30,0x2e,0x30,0x32,0x2c,0x30,0x2e,0x36,0x34,0x2c,0x30,0x2e,0x30,
  0x37,0x2c,0x30,0x2e,0x39,0x34,0x6c,0x2d,0x32,0x2e,0x30,0x33,0x2c,0x31,0x2e,0x35,
  0x38,0x20,0x63,0x2d,0x30,0x2e,0x31,0x38,0x2c,0x30,0x2e,0x31,0x34,0x2d,0x30,0x2e,
  0x32,0x33,0x2c,0x30,0x2e,0x34,0x31,0x2d,0x30,0x2e,0x31,0x32,0x2c,0x30,0x2e,0x36,
  0x31,0x6c,0x31,0x2e,0x39,0x32,0x2c,0x33,0x2e,0x33,0x32,0x63,0x30,0x2e,0x31,0x32,
  0x2c,0x30,0x2e,0x32,0x32,0x2c,0x30,0x2e,0x33,0x37,0x2c,0x30,0x2e,0x32,0x39,0x2c,
  0x30,0x2e,0x35,0x39,0x2c,0x30,0x2e,0x32,0x32,0x6c,0x32,0x2e,0x33,0x39,0x2d,0x30,
  0x2e,0x39,0x36,0x63,0x30,0x2e,0x35,0x2c,0x30,0x2e,0x33,0x38,0x2c,0x31,0x2e,0x30,
  0x33,0x2c,0x30,0x2e,0x37,0x2c,0x31,0x2e,0x36,0x32,0x2c,0x30,0x2e,0x39,0x34,0x6c,
  0x30,0x2e,0x33,0x36,0x2c,0x32,0x2e,0x35,0x34,0x20,0x63,0x30,0x2e,0x30,0x35,0x2c,
  0x30,0x2e,0x32,0x34,0x2c,0x30,0x2e,0x32,0x34,0x2c,0x30,0x2e,0x34,0x31,0x2c,0x30,
  0x2e,0x34,0x38,0x2c,0x30,0x2e,0x34,0x31,0x68,0x33,0x2e,0x38,0x34,0x63,0x30,0x2e,
  0x32,0x34,0x2c,0x30,0x2c,0x30,0x2e,0x34,0x34,0x2d,0x30,0x2e,0x31,0x37,0x2c,0x30,
  0x2e,0x34,0x37,0x2d,0x30,0x2e,0x34,0x31,0x6c,0x30,0x2e,0x33,0x36,0x2d,0x32,0x2e,
  0x35,0x34,0x63,0x30,0x2e,0x35,0x39,0x2d,0x30,0x2e,0x32,0x34,0x2c,0x31,0x2e,0x31,
  0x33,0x2d,0x30,0x2e,0x35,0x36,0x2c,0x31,0x2e,0x36,0x32,0x2d,0x30,0x2e,0x39,0x34,
  0x6c,0x32,0x2e,0x33,0x39,0x2c,0x30,0x2e,0x39,0x36,0x20,0x63,0x30,0x2e,0x32,0x32,
  0x2c,0x30,0x2e,0x30,0x38,0x2c,0x30,0x2e,0x34,0x37,0x2c,0x30,0x2c,0x30,0x2e,0x35,
  0x39,0x2d,0x30,0x2e,0x32,0x32,0x6c,0x31,0x2e,0x39,0x32,0x2d,0x33,0x2e,0x33,0x32,
  0x63,0x30,0x2e,0x31,0x32,0x2d,0x30,0x2e,0x32,0x32,0x2c,0x30,0x2e,0x30,0x37,0x2d,
  0x30,0x2e,0x34,0x37,0x2d,0x30,0x2e,0x31,0x32,0x2d,0x30,0x2e,0x36,0x31,0x4c,0x31,
  0x39,0x2e,0x31,0x34,0x2c,0x31,0x32,0x2e,0x39,0x34,0x7a,0x20,0x4d,0x31,0x32,0x2c,
  0x31,0x35,0x2e,0x36,0x63,0x2d,0x31,0x2e,0x39,0x38,0x2c,0x30,0x2d,0x33,0x2e,0x36,
  0x2d,0x31,0x2e,0x36,0x32,0x2d,0x33,0x2e,0x36,0x2d,0x33,0x2e,0x36,0x20,0x73,0x31,
  0x2e,0x36,0x32,0x2d,0x33,0x2e,0x36,0x2c,0x33,0x2e,0x36,0x2d,0x33,0x2e,0x36,0x73,
  0x33,0x2e,0x36,0x2c,0x31,0x2e,0x36,0x32,0x2c,0x33,0x2e,0x36,0x2c,0x33,0x2e,0x36,
  0x53,0x31,0x33,0x2e,0x39,0x38,0x2c,0x31,0x35,0x2e,0x36,0x2c,0x31,0x32,0x2c,0x31,
  0x35,0x2e,0x36,0x7a,0x22,0x2f,0x3e,0x3c,0x2f,0x67,0x3e,0x3c,0x2f,0x73,0x76,0x67,
  0x3e,0xa,
    // /home/wangyunxin2/workspace/omnetpp-6.0/src/qtenv/icons/objects/fes.svg
  0x0,0x0,0x1,0x2a,
  0x3c,
  0x73,0x76,0x67,0x20,0x78,0x6d,0x6c,0x6e,0x73,0x3d,0x22,0x68,0x74,0x74,0x70,0x3a,
  0x2f,0x2f,0x77,0x77,0x77,0x2e,0x77,0x33,0x2e,0x6f,0x72,0x67,0x2f,0x32,0x30,0x30,
  0x30,0x2f,0x73,0x76,0x67,0x22,0x20,0x76,0x69,0x65,0x77,0x42,0x6f,0x78,0x3d,0x22,
  0x30,0x20,0x30,0x20,0x32,0x34,0x20,0x32,0x34,0x22,0x20,0x66,0x69,0x6c,0x6c,0x3d,
  0x22,0x23,0x43,0x30,0x30,0x30,0x30,0x30,0x22,0x20,0x77,0x69,0x64,0x74,0x68,0x3d,
  0x22,0x31,0x38,0x70,0x78,0x22,0x20,0x68,0x65,0x69,0x67,0x68,0x74,0x3d,0x22,0x31,
  0x38,0x70,0x78,0x22,0x3e,0x3c,0x70,0x61,0x74,0x68,0x20,0x64,0x3d,0x22,0x4d,0x32,
  0x34,0x20,0x32,0x34,0x48,0x30,0x56,0x30,0x68,0x32,0x34,0x76,0x32,0x34,0x7a,0x22,
  0x20,0x66,0x69,0x6c,0x6c,0x3d,0x22,0x6e,0x6f,0x6e,0x65,0x22,0x2f,0x3e,0x3c,0x67,
  0x3e,0x3c,0x63,0x69,0x72,0x63,0x6c,0x65,0x20,0x63,0x78,0x3d,0x22,0x39,0x22,0x20,
  0x63,0x79,0x3d,0x22,0x31,0x32,0x22,0x20,0x72,0x3d,0x22,0x38,0x22,0x2f,0x3e,0x3c,
  0x70,0x61,0x74,0x68,0x20,0x64,0x3d,0x22,0x4d,0x31,0x37,0x20,0x34,0x2e,0x32,0x36,
  0x76,0x32,0x2e,0x30,0x39,0x63,0x32,0x2e,0x33,0x33,0x2e,0x38,0x32,0x20,0x34,0x20,
  0x33,0x2e,0x30,0x34,0x20,0x34,0x20,0x35,0x2e,0x36,0x35,0x73,0x2d,0x31,0x2e,0x36,
  0x37,0x20,0x34,0x2e,0x38,0x33,0x2d,0x34,0x20,0x35,0x2e,0x36,0x35,0x76,0x32,0x2e,
  0x30,0x39,0x63,0x33,0x2e,0x34,0x35,0x2d,0x2e,0x38,0x39,0x20,0x36,0x2d,0x34,0x2e,
  0x30,0x31,0x20,0x36,0x2d,0x37,0x2e,0x37,0x34,0x73,0x2d,0x32,0x2e,0x35,0x35,0x2d,
  0x36,0x2e,0x38,0x35,0x2d,0x36,0x2d,0x37,0x2e,0x37,0x34,0x7a,0x22,0x2f,0x3e,0x3c,
  0x2f,0x67,0x3e,0x3c,0x2f,0x73,0x76,0x67,0x3e,
  
};

static const unsigned char qt_resource_name[] = {
  // objects
  0x0,0x7,
  0x5,0x90,0xba,0x53,
  0x0,0x6f,
  0x0,0x62,0x0,0x6a,0x0,0x65,0x0,0x63,0x0,0x74,0x0,0x73,
    // logo
  0x0,0x4,
  0x0,0x7,0x35,0xdf,
  0x0,0x6c,
  0x0,0x6f,0x0,0x67,0x0,0x6f,
    // tools
  0x0,0x5,
  0x0,0x7b,0x66,0x33,
  0x0,0x74,
  0x0,0x6f,0x0,0x6f,0x0,0x6c,0x0,0x73,
    // vertical
  0x0,0x8,
  0xc,0x9a,0xf6,0xfc,
  0x0,0x76,
  0x0,0x65,0x0,0x72,0x0,0x74,0x0,0x69,0x0,0x63,0x0,0x61,0x0,0x6c,
    // winconfig
  0x0,0x9,
  0x4,0xa6,0xb0,0xf7,
  0x0,0x77,
  0x0,0x69,0x0,0x6e,0x0,0x63,0x0,0x6f,0x0,0x6e,0x0,0x66,0x0,0x69,0x0,0x67,
    // step
  0x0,0x4,
  0x0,0x7,0xaa,0xc0,
  0x0,0x73,
  0x0,0x74,0x0,0x65,0x0,0x70,
    // copyptr
  0x0,0x7,
  0xa,0x68,0x7,0x72,
  0x0,0x63,
  0x0,0x6f,0x0,0x70,0x0,0x79,0x0,0x70,0x0,0x74,0x0,0x72,
    // treemode_packet
  0x0,0xf,
  0x1,0xee,0xfa,0x84,
  0x0,0x74,
  0x0,0x72,0x0,0x65,0x0,0x65,0x0,0x6d,0x0,0x6f,0x0,0x64,0x0,0x65,0x0,0x5f,0x0,0x70,0x0,0x61,0x0,0x63,0x0,0x6b,0x0,0x65,0x0,0x74,
    // forward
  0x0,0x7,
  0xd,0x69,0xd8,0x44,
  0x0,0x66,
  0x0,0x6f,0x0,0x72,0x0,0x77,0x0,0x61,0x0,0x72,0x0,0x64,
    // recordvideo
  0x0,0xb,
  0x8,0x4d,0x8e,0x7f,
  0x0,0x72,
  0x0,0x65,0x0,0x63,0x0,0x6f,0x0,0x72,0x0,0x64,0x0,0x76,0x0,0x69,0x0,0x64,0x0,0x65,0x0,0x6f,
    // finish
  0x0,0x6,
  0x6,0xd0,0x50,0x98,
  0x0,0x66,
  0x0,0x69,0x0,0x6e,0x0,0x69,0x0,0x73,0x0,0x68,
    // props
  0x0,0x5,
  0x0,0x77,0x96,0x73,
  0x0,0x70,
  0x0,0x72,0x0,0x6f,0x0,0x70,0x0,0x73,
    // zoomin
  0x0,0x6,
  0x8,0x16,0x63,0xfe,
  0x0,0x7a,
  0x0,0x6f,0x0,0x6f,0x0,0x6d,0x0,0x69,0x0,0x6e,
    // findobj
  0x0,0x7,
  0xd,0x4,0xb5,0x4a,
  0x0,0x66,
  0x0,0x69,0x0,0x6e,0x0,0x64,0x0,0x6f,0x0,0x62,0x0,0x6a,
    // redraw
  0x0,0x6,
  0x7,0x8b,0xb8,0x87,
  0x0,0x72,
  0x0,0x65,0x0,0x64,0x0,0x72,0x0,0x61,0x0,0x77,
    // save
  0x0,0x4,
  0x0,0x7,0x98,0xc5,
  0x0,0x73,
  0x0,0x61,0x0,0x76,0x0,0x65,
    // filter
  0x0,0x6,
  0x6,0xd0,0x3a,0xc2,
  0x0,0x66,
  0x0,0x69,0x0,0x6c,0x0,0x74,0x0,0x65,0x0,0x72,
    // debugger
  0x0,0x8,
  0xb,0x9b,0xd0,0x82,
  0x0,0x64,
  0x0,0x65,0x0,0x62,0x0,0x75,0x0,0x67,0x0,0x67,0x0,0x65,0x0,0x72,
    // copy
  0x0,0x4,
  0x0,0x6,0xa6,0x79,
  0x0,0x63,
  0x0,0x6f,0x0,0x70,0x0,0x79,
    // mfast
  0x0,0x5,
  0x0,0x73,0xc8,0xa4,
  0x0,0x6d,
  0x0,0x66,0x0,0x61,0x0,0x73,0x0,0x74,
    // zoomout
  0x0,0x7,
  0x1,0x66,0x47,0xc4,
  0x0,0x7a,
  0x0,0x6f,0x0,0x6f,0x0,0x6d,0x0,0x6f,0x0,0x75,0x0,0x74,
    // express
  0x0,0x7,
  0xc,0xf7,0x8c,0x63,
  0x0,0x65,
  0x0,0x78,0x0,0x70,0x0,0x72,0x0,0x65,0x0,0x73,0x0,0x73,
    // treemode_inher
  0x0,0xe,
  0xa,0x28,0xdb,0x62,
  0x0,0x74,
  0x0,0x72,0x0,0x65,0x0,0x65,0x0,0x6d,0x0,0x6f,0x0,0x64,0x0,0x65,0x0,0x5f,0x0,0x69,0x0,0x6e,0x0,0x68,0x0,0x65,0x0,0x72,
    // until
  0x0,0x5,
  0x0,0x7c,0x5a,0xfc,
  0x0,0x75,
  0x0,0x6e,0x0,0x74,0x0,0x69,0x0,0x6c,
    // newrun
  0x0,0x6,
  0x7,0x4c,0xe9,0xbe,
  0x0,0x6e,
  0x0,0x65,0x0,0x77,0x0,0x72,0x0,0x75,0x0,0x6e,
    // modulegraphics
  0x0,0xe,
  0x3,0xfe,0xa5,0x63,
  0x0,0x6d,
  0x0,0x6f,0x0,0x64,0x0,0x75,0x0,0x6c,0x0,0x65,0x0,0x67,0x0,0x72,0x0,0x61,0x0,0x70,0x0,0x68,0x0,0x69,0x0,0x63,0x0,0x73,
    // inspectas
  0x0,0x9,
  0xa,0x6b,0x4a,0x23,
  0x0,0x69,
  0x0,0x6e,0x0,0x73,0x0,0x70,0x0,0x65,0x0,0x63,0x0,0x74,0x0,0x61,0x0,0x73,
    // fes
  0x0,0x3,
  0x0,0x0,0x6c,0xc3,
  0x0,0x66,
  0x0,0x65,0x0,0x73,
    // treemode_grouped
  0x0,0x10,
  0x6,0x3,0x72,0xf4,
  0x0,0x74,
  0x0,0x72,0x0,0x65,0x0,0x65,0x0,0x6d,0x0,0x6f,0x0,0x64,0x0,0x65,0x0,0x5f,0x0,0x67,0x0,0x72,0x0,0x6f,0x0,0x75,0x0,0x70,0x0,0x65,0x0,0x64,
    // rebuild
  0x0,0x7,
  0x8,0xb9,0xc0,0xc4,
  0x0,0x72,
  0x0,0x65,0x0,0x62,0x0,0x75,0x0,0x69,0x0,0x6c,0x0,0x64,
    // config
  0x0,0x6,
  0x6,0xa6,0x4c,0xf7,
  0x0,0x63,
  0x0,0x6f,0x0,0x6e,0x0,0x66,0x0,0x69,0x0,0x67,
    // treemode_children
  0x0,0x11,
  0x7,0xd9,0xfc,0x9e,
  0x0,0x74,
  0x0,0x72,0x0,0x65,0x0,0x65,0x0,0x6d,0x0,0x6f,0x0,0x64,0x0,0x65,0x0,0x5f,0x0,0x63,0x0,0x68,0x0,0x69,0x0,0x6c,0x0,0x64,0x0,0x72,0x0,0x65,0x0,0x6e,
  
    // treemode_flat
  0x0,0xd,
  0xd,0xa2,0x5b,0xc4,
  0x0,0x74,
  0x0,0x72,0x0,0x65,0x0,0x65,0x0,0x6d,0x0,0x6f,0x0,0x64,0x0,0x65,0x0,0x5f,0x0,0x66,0x0,0x6c,0x0,0x61,0x0,0x74,
    // recordeventlog
  0x0,0xe,
  0xc,0x8,0xb8,0xf7,
  0x0,0x72,
  0x0,0x65,0x0,0x63,0x0,0x6f,0x0,0x72,0x0,0x64,0x0,0x65,0x0,0x76,0x0,0x65,0x0,0x6e,0x0,0x74,0x0,0x6c,0x0,0x6f,0x0,0x67,
    // parent
  0x0,0x6,
  0x7,0x68,0x8c,0x54,
  0x0,0x70,
  0x0,0x61,0x0,0x72,0x0,0x65,0x0,0x6e,0x0,0x74,
    // back
  0x0,0x4,
  0x0,0x6,0x87,0x9b,
  0x0,0x62,
  0x0,0x61,0x0,0x63,0x0,0x6b,
    // horizontal
  0x0,0xa,
  0x1,0x1b,0xb7,0x5c,
  0x0,0x68,
  0x0,0x6f,0x0,0x72,0x0,0x69,0x0,0x7a,0x0,0x6f,0x0,0x6e,0x0,0x74,0x0,0x61,0x0,0x6c,
    // stop
  0x0,0x4,
  0x0,0x7,0xab,0x60,
  0x0,0x73,
  0x0,0x74,0x0,0x6f,0x0,0x70,
    // loadned
  0x0,0x7,
  0x3,0x57,0xb4,0x54,
  0x0,0x6c,
  0x0,0x6f,0x0,0x61,0x0,0x64,0x0,0x6e,0x0,0x65,0x0,0x64,
    // fast
  0x0,0x4,
  0x0,0x6,0xc8,0xa4,
  0x0,0x66,
  0x0,0x61,0x0,0x73,0x0,0x74,
    // 3dscene
  0x0,0x7,
  0x9,0xb9,0x9c,0x25,
  0x0,0x33,
  0x0,0x64,0x0,0x73,0x0,0x63,0x0,0x65,0x0,0x6e,0x0,0x65,
    // debugnextevent
  0x0,0xe,
  0x8,0x9b,0x1b,0x74,
  0x0,0x64,
  0x0,0x65,0x0,0x62,0x0,0x75,0x0,0x67,0x0,0x6e,0x0,0x65,0x0,0x78,0x0,0x74,0x0,0x65,0x0,0x76,0x0,0x65,0x0,0x6e,0x0,0x74,
    // reset
  0x0,0x5,
  0x0,0x78,0xc9,0xc4,
  0x0,0x72,
  0x0,0x65,0x0,0x73,0x0,0x65,0x0,0x74,
    // mrun
  0x0,0x4,
  0x0,0x7,0x49,0xbe,
  0x0,0x6d,
  0x0,0x72,0x0,0x75,0x0,0x6e,
    // layers
  0x0,0x6,
  0x7,0x28,0xfc,0x93,
  0x0,0x6c,
  0x0,0x61,0x0,0x79,0x0,0x65,0x0,0x72,0x0,0x73,
    // pkheader
  0x0,0x8,
  0x1,0xeb,0x74,0x22,
  0x0,0x70,
  0x0,0x6b,0x0,0x68,0x0,0x65,0x0,0x61,0x0,0x64,0x0,0x65,0x0,0x72,
    // find
  0x0,0x4,
  0x0,0x6,0xd0,0x44,
  0x0,0x66,
  0x0,0x69,0x0,0x6e,0x0,0x64,
    // run
  0x0,0x3,
  0x0,0x0,0x79,0xbe,
  0x0,0x72,
  0x0,0x75,0x0,0x6e,
    // setupbins
  0x0,0x9,
  0xb,0xc6,0x7f,0xd3,
  0x0,0x73,
  0x0,0x65,0x0,0x74,0x0,0x75,0x0,0x70,0x0,0x62,0x0,0x69,0x0,0x6e,0x0,0x73,
    // log
  0x0,0x3,
  0x0,0x0,0x73,0x57,
  0x0,0x6c,
  0x0,0x6f,0x0,0x67,
    // logo128m
  0x0,0x8,
  0x5,0xe2,0x4b,0x8d,
  0x0,0x6c,
  0x0,0x6f,0x0,0x67,0x0,0x6f,0x0,0x31,0x0,0x32,0x0,0x38,0x0,0x6d,
    // gate
  0x0,0x4,
  0x0,0x6,0xd8,0xa5,
  0x0,0x67,
  0x0,0x61,0x0,0x74,0x0,0x65,
    // queue
  0x0,0x5,
  0x0,0x78,0xbc,0xb5,
  0x0,0x71,
  0x0,0x75,0x0,0x65,0x0,0x75,0x0,0x65,
    // simple
  0x0,0x6,
  0x7,0xa0,0x47,0x25,
  0x0,0x73,
  0x0,0x69,0x0,0x6d,0x0,0x70,0x0,0x6c,0x0,0x65,
    // figure
  0x0,0x6,
  0x6,0xcf,0xec,0x85,
  0x0,0x66,
  0x0,0x69,0x0,0x67,0x0,0x75,0x0,0x72,0x0,0x65,
    // container
  0x0,0x9,
  0x5,0xa7,0x50,0x2,
  0x0,0x63,
  0x0,0x6f,0x0,0x6e,0x0,0x74,0x0,0x61,0x0,0x69,0x0,0x6e,0x0,0x65,0x0,0x72,
    // list
  0x0,0x4,
  0x0,0x7,0x30,0xa4,
  0x0,0x6c,
  0x0,0x69,0x0,0x73,0x0,0x74,
    // listener
  0x0,0x8,
  0x0,0xaa,0xca,0xa2,
  0x0,0x6c,
  0x0,0x69,0x0,0x73,0x0,0x74,0x0,0x65,0x0,0x6e,0x0,0x65,0x0,0x72,
    // outvect
  0x0,0x7,
  0x6,0xcb,0xcb,0x44,
  0x0,0x6f,
  0x0,0x75,0x0,0x74,0x0,0x76,0x0,0x65,0x0,0x63,0x0,0x74,
    // packet
  0x0,0x6,
  0x7,0x67,0xa1,0xc4,
  0x0,0x70,
  0x0,0x61,0x0,0x63,0x0,0x6b,0x0,0x65,0x0,0x74,
    // event
  0x0,0x5,
  0x0,0x6c,0xcc,0x54,
  0x0,0x65,
  0x0,0x76,0x0,0x65,0x0,0x6e,0x0,0x74,
    // defaulticon
  0x0,0xb,
  0xc,0xef,0x83,0x5e,
  0x0,0x64,
  0x0,0x65,0x0,0x66,0x0,0x61,0x0,0x75,0x0,0x6c,0x0,0x74,0x0,0x69,0x0,0x63,0x0,0x6f,0x0,0x6e,
    // chan
  0x0,0x4,
  0x0,0x6,0x9e,0x7e,
  0x0,0x63,
  0x0,0x68,0x0,0x61,0x0,0x6e,
    // message
  0x0,0x7,
  0x3,0xca,0x97,0x35,
  0x0,0x6d,
  0x0,0x65,0x0,0x73,0x0,0x73,0x0,0x61,0x0,0x67,0x0,0x65,
    // watch
  0x0,0x5,
  0x0,0x7d,0x8a,0x98,
  0x0,0x77,
  0x0,0x61,0x0,0x74,0x0,0x63,0x0,0x68,
    // canvas
  0x0,0x6,
  0x6,0x98,0x5c,0x83,
  0x0,0x63,
  0x0,0x61,0x0,0x6e,0x0,0x76,0x0,0x61,0x0,0x73,
    // placeholder
  0x0,0xb,
  0xb,0x1c,0x65,0xe2,
  0x0,0x70,
  0x0,0x6c,0x0,0x61,0x0,0x63,0x0,0x65,0x0,0x68,0x0,0x6f,0x0,0x6c,0x0,0x64,0x0,0x65,0x0,0x72,
    // none
  0x0,0x4,
  0x0,0x7,0x56,0x45,
  0x0,0x6e,
  0x0,0x6f,0x0,0x6e,0x0,0x65,
    // compound
  0x0,0x8,
  0x6,0x47,0x69,0x4,
  0x0,0x63,
  0x0,0x6f,0x0,0x6d,0x0,0x70,0x0,0x6f,0x0,0x75,0x0,0x6e,0x0,0x64,
    // unknown
  0x0,0x7,
  0xc,0x52,0x56,0x3e,
  0x0,0x75,
  0x0,0x6e,0x0,0x6b,0x0,0x6e,0x0,0x6f,0x0,0x77,0x0,0x6e,
    // param
  0x0,0x5,
  0x0,0x76,0x88,0x7d,
  0x0,0x70,
  0x0,0x61,0x0,0x72,0x0,0x61,0x0,0x6d,
    // stat
  0x0,0x4,
  0x0,0x7,0xaa,0x84,
  0x0,0x73,
  0x0,0x74,0x0,0x61,0x0,0x74,
    // cogwheel
  0x0,0x8,
  0x5,0xed,0xe6,0xfc,
  0x0,0x63,
  0x0,0x6f,0x0,0x67,0x0,0x77,0x0,0x68,0x0,0x65,0x0,0x65,0x0,0x6c,
  
};

static const unsigned char qt_resource_struct[] = {
  // :
  0x0,0x0,0x0,0x0,0x0,0x2,0x0,0x0,0x0,0x3,0x0,0x0,0x0,0x1,
0x0,0x0,0x0,0x0,0x0,0x0,0x0,0x0,
  // :/logo
  0x0,0x0,0x0,0x14,0x0,0x2,0x0,0x0,0x0,0x1,0x0,0x0,0x0,0x4b,
0x0,0x0,0x0,0x0,0x0,0x0,0x0,0x0,
  // :/tools
  0x0,0x0,0x0,0x22,0x0,0x2,0x0,0x0,0x0,0x2f,0x0,0x0,0x0,0x1c,
0x0,0x0,0x0,0x0,0x0,0x0,0x0,0x0,
  // :/objects
  0x0,0x0,0x0,0x0,0x0,0x2,0x0,0x0,0x0,0x18,0x0,0x0,0x0,0x4,
0x0,0x0,0x0,0x0,0x0,0x0,0x0,0x0,
  // :/objects/fes
  0x0,0x0,0x2,0x2a,0x0,0x0,0x0,0x0,0x0,0x1,0x0,0x0,0x8b,0x71,
0x0,0x0,0x1,0x98,0x7e,0xbb,0x75,0xd3,
  // :/objects/chan
  0x0,0x0,0x4,0xf6,0x0,0x0,0x0,0x0,0x0,0x1,0x0,0x0,0x78,0x6c,
0x0,0x0,0x1,0x98,0x7e,0xbb,0x75,0xd3,
  // :/objects/gate
  0x0,0x0,0x4,0x26,0x0,0x0,0x0,0x0,0x0,0x1,0x0,0x0,0x66,0xcd,
0x0,0x0,0x1,0x98,0x7e,0xbb,0x75,0xd3,
  // :/objects/list
  0x0,0x0,0x4,0x80,0x0,0x0,0x0,0x0,0x0,0x1,0x0,0x0,0x6d,0xc5,
0x0,0x0,0x1,0x98,0x7e,0xbb,0x75,0xd3,
  // :/objects/none
  0x0,0x0,0x5,0x56,0x0,0x0,0x0,0x0,0x0,0x1,0x0,0x0,0x7e,0x5d,
0x0,0x0,0x1,0x98,0x7e,0xbb,0x75,0xd3,
  // :/objects/stat
  0x0,0x0,0x5,0x9e,0x0,0x0,0x0,0x0,0x0,0x1,0x0,0x0,0x86,0x15,
0x0,0x0,0x1,0x98,0x7e,0xbb,0x75,0xd3,
  // :/objects/event
  0x0,0x0,0x4,0xca,0x0,0x0,0x0,0x0,0x0,0x1,0x0,0x0,0x76,0xa8,
0x0,0x0,0x1,0x98,0x7e,0xbb,0x75,0xd3,
  // :/objects/param
  0x0,0x0,0x5,0x8e,0x0,0x0,0x0,0x0,0x0,0x1,0x0,0x0,0x84,0x7a,
0x0,0x0,0x1,0x98,0x7e,0xbb,0x75,0xd3,
  // :/objects/queue
  0x0,0x0,0x4,0x34,0x0,0x0,0x0,0x0,0x0,0x1,0x0,0x0,0x67,0x7b,
0x0,0x0,0x1,0x98,0x7e,0xbb,0x75,0xd3,
  // :/objects/watch
  0x0,0x0,0x5,0x18,0x0,0x0,0x0,0x0,0x0,0x1,0x0,0x0,0x7a,0x65,
0x0,0x0,0x1,0x98,0x7e,0xbb,0x75,0xd3,
  // :/objects/listener
  0x0,0x0,0x4,0x8e,0x0,0x0,0x0,0x0,0x0,0x1,0x0,0x0,0x6e,0xbd,
0x0,0x0,0x1,0x98,0x7e,0xbb,0x75,0xd3,
  // :/objects/message
  0x0,0x0,0x5,0x4,0x0,0x0,0x0,0x0,0x0,0x1,0x0,0x0,0x79,0xc5,
0x0,0x0,0x1,0x98,0x7e,0xbb,0x75,0xd3,
  // :/objects/container
  0x0,0x0,0x4,0x68,0x0,0x0,0x0,0x0,0x0,0x1,0x0,0x0,0x6c,0x22,
0x0,0x0,0x1,0x98,0x7e,0xbb,0x75,0xd3,
  // :/objects/cogwheel
  0x0,0x0,0x5,0xac,0x0,0x0,0x0,0x0,0x0,0x1,0x0,0x0,0x87,0x4a,
0x0,0x0,0x1,0x98,0x7e,0xbb,0x75,0xd3,
  // :/objects/compound
  0x0,0x0,0x5,0x64,0x0,0x0,0x0,0x0,0x0,0x1,0x0,0x0,0x80,0x4a,
0x0,0x0,0x1,0x98,0x7e,0xbb,0x75,0xd3,
  // :/objects/canvas
  0x0,0x0,0x5,0x28,0x0,0x0,0x0,0x0,0x0,0x1,0x0,0x0,0x7b,0xd7,
0x0,0x0,0x1,0x98,0x7e,0xbb,0x75,0xd3,
  // :/objects/outvect
  0x0,0x0,0x4,0xa4,0x0,0x0,0x0,0x0,0x0,0x1,0x0,0x0,0x71,0x87,
0x0,0x0,0x1,0x98,0x7e,0xbb,0x75,0xd3,
  // :/objects/figure
  0x0,0x0,0x4,0x56,0x0,0x0,0x0,0x0,0x0,0x1,0x0,0x0,0x6b,0x32,
0x0,0x0,0x1,0x98,0x7e,0xbb,0x75,0xd3,
  // :/objects/filter
  0x0,0x0,0x1,0x3e,0x0,0x0,0x0,0x0,0x0,0x1,0x0,0x0,0x74,0x66,
0x0,0x0,0x1,0x98,0x7e,0xbb,0x75,0xd3,
  // :/objects/packet
  0x0,0x0,0x4,0xb8,0x0,0x0,0x0,0x0,0x0,0x1,0x0,0x0,0x76,0xf,
0x0,0x0,0x1,0x98,0x7e,0xbb,0x75,0xd3,
  // :/objects/simple
  0x0,0x0,0x4,0x44,0x0,0x0,0x0,0x0,0x0,0x1,0x0,0x0,0x6a,0x32,
0x0,0x0,0x1,0x98,0x7e,0xbb,0x75,0xd3,
  // :/objects/placeholder
  0x0,0x0,0x5,0x3a,0x0,0x0,0x0,0x0,0x0,0x1,0x0,0x0,0x7d,0x6e,
0x0,0x0,0x1,0x98,0x7e,0xbb,0x75,0xd3,
  // :/objects/unknown
  0x0,0x0,0x5,0x7a,0x0,0x0,0x0,0x0,0x0,0x1,0x0,0x0,0x81,0xa4,
0x0,0x0,0x1,0x98,0x7e,0xbb,0x75,0xd3,
  // :/objects/defaulticon
  0x0,0x0,0x4,0xda,0x0,0x0,0x0,0x0,0x0,0x1,0x0,0x0,0x77,0xb1,
0x0,0x0,0x1,0x98,0x7e,0xbb,0x75,0xd3,
  // :/tools/fes
  0x0,0x0,0x2,0x2a,0x0,0x0,0x0,0x0,0x0,0x1,0x0,0x0,0x29,0x4e,
0x0,0x0,0x1,0x98,0x7e,0xbb,0x75,0xd3,
  // :/tools/log
  0x0,0x0,0x4,0x4,0x0,0x0,0x0,0x0,0x0,0x1,0x0,0x0,0x50,0xe6,
0x0,0x0,0x1,0x98,0x7e,0xbb,0x75,0xd3,
  // :/tools/run
  0x0,0x0,0x3,0xe0,0x0,0x0,0x0,0x0,0x0,0x1,0x0,0x0,0x4e,0x8c,
0x0,0x0,0x1,0x98,0x7e,0xbb,0x75,0xd3,
  // :/tools/back
  0x0,0x0,0x2,0xfe,0x0,0x0,0x0,0x0,0x0,0x1,0x0,0x0,0x39,0x3a,
0x0,0x0,0x1,0x98,0x7e,0xbb,0x75,0xd3,
  // :/tools/copy
  0x0,0x0,0x1,0x66,0x0,0x0,0x0,0x0,0x0,0x1,0x0,0x0,0x1d,0x64,
0x0,0x0,0x1,0x98,0x7e,0xbb,0x75,0xd3,
  // :/tools/fast
  0x0,0x0,0x3,0x48,0x0,0x0,0x0,0x0,0x0,0x1,0x0,0x0,0x3d,0x4f,
0x0,0x0,0x1,0x98,0x7e,0xbb,0x75,0xd3,
  // :/tools/find
  0x0,0x0,0x3,0xd2,0x0,0x0,0x0,0x0,0x0,0x1,0x0,0x0,0x4c,0xb5,
0x0,0x0,0x1,0x98,0x7e,0xbb,0x75,0xd3,
  // :/tools/mrun
  0x0,0x0,0x3,0x9c,0x0,0x0,0x0,0x0,0x0,0x1,0x0,0x0,0x48,0x91,
0x0,0x0,0x1,0x98,0x7e,0xbb,0x75,0xd3,
  // :/tools/save
  0x0,0x0,0x1,0x30,0x0,0x0,0x0,0x0,0x0,0x1,0x0,0x0,0x17,0x19,
0x0,0x0,0x1,0x98,0x7e,0xbb,0x75,0xd3,
  // :/tools/step
  0x0,0x0,0x0,0x60,0x0,0x0,0x0,0x0,0x0,0x1,0x0,0x0,0x5,0x85,
0x0,0x0,0x1,0x98,0x7e,0xbb,0x75,0xd3,
  // :/tools/stop
  0x0,0x0,0x3,0x26,0x0,0x0,0x0,0x0,0x0,0x1,0x0,0x0,0x3b,0x2,
0x0,0x0,0x1,0x98,0x7e,0xbb,0x75,0xd3,
  // :/tools/mfast
  0x0,0x0,0x1,0x74,0x0,0x0,0x0,0x0,0x0,0x1,0x0,0x0,0x1e,0x85,
0x0,0x0,0x1,0x98,0x7e,0xbb,0x75,0xd3,
  // :/tools/props
  0x0,0x0,0x0,0xe8,0x0,0x0,0x0,0x0,0x0,0x1,0x0,0x0,0xf,0x74,
0x0,0x0,0x1,0x98,0x7e,0xbb,0x75,0xd3,
  // :/tools/reset
  0x0,0x0,0x3,0x8c,0x0,0x0,0x0,0x0,0x0,0x1,0x0,0x0,0x47,0x2c,
0x0,0x0,0x1,0x98,0x7e,0xbb,0x75,0xd3,
  // :/tools/until
  0x0,0x0,0x1,0xce,0x0,0x0,0x0,0x0,0x0,0x1,0x0,0x0,0x23,0x88,
0x0,0x0,0x1,0x98,0x7e,0xbb,0x75,0xd3,
  // :/tools/horizontal
  0x0,0x0,0x3,0xc,0x0,0x0,0x0,0x0,0x0,0x1,0x0,0x0,0x3a,0x18,
0x0,0x0,0x1,0x98,0x7e,0xbb,0x75,0xd3,
  // :/tools/zoomout
  0x0,0x0,0x1,0x84,0x0,0x0,0x0,0x0,0x0,0x1,0x0,0x0,0x1f,0xcc,
0x0,0x0,0x1,0x98,0x7e,0xbb,0x75,0xd3,
  // :/tools/pkheader
  0x0,0x0,0x3,0xbc,0x0,0x0,0x0,0x0,0x0,0x1,0x0,0x0,0x4a,0xeb,
0x0,0x0,0x1,0x98,0x7e,0xbb,0x75,0xd3,
  // :/tools/treemode_packet
  0x0,0x0,0x0,0x82,0x0,0x0,0x0,0x0,0x0,0x1,0x0,0x0,0xa,0xce,
0x0,0x0,0x1,0x98,0x7e,0xbb,0x75,0xd3,
  // :/tools/loadned
  0x0,0x0,0x3,0x34,0x0,0x0,0x0,0x0,0x0,0x1,0x0,0x0,0x3c,0x40,
0x0,0x0,0x1,0x98,0x7e,0xbb,0x75,0xd3,
  // :/tools/modulegraphics
  0x0,0x0,0x1,0xf0,0x0,0x0,0x0,0x0,0x0,0x1,0x0,0x0,0x25,0x90,
0x0,0x0,0x1,0x98,0x7e,0xbb,0x75,0xd3,
  // :/tools/winconfig
  0x0,0x0,0x0,0x48,0x0,0x0,0x0,0x0,0x0,0x1,0x0,0x0,0x0,0xd8,
0x0,0x0,0x1,0x98,0x7e,0xbb,0x75,0xd3,
  // :/tools/treemode_grouped
  0x0,0x0,0x2,0x36,0x0,0x0,0x0,0x0,0x0,0x1,0x0,0x0,0x2b,0x6d,
0x0,0x0,0x1,0x98,0x7e,0xbb,0x75,0xd3,
  // :/tools/config
  0x0,0x0,0x2,0x70,0x0,0x0,0x0,0x0,0x0,0x1,0x0,0x0,0x2e,0x2,
0x0,0x0,0x1,0x98,0x7e,0xbb,0x75,0xd3,
  // :/tools/filter
  0x0,0x0,0x1,0x3e,0x0,0x0,0x0,0x0,0x0,0x1,0x0,0x0,0x18,0x61,
0x0,0x0,0x1,0x98,0x7e,0xbb,0x75,0xd3,
  // :/tools/finish
  0x0,0x0,0x0,0xd6,0x0,0x0,0x0,0x0,0x0,0x1,0x0,0x0,0xe,0x4b,
0x0,0x0,0x1,0x98,0x7e,0xbb,0x75,0xd3,
  // :/tools/layers
  0x0,0x0,0x3,0xaa,0x0,0x0,0x0,0x0,0x0,0x1,0x0,0x0,0x49,0xbe,
0x0,0x0,0x1,0x98,0x7e,0xbb,0x75,0xd3,
  // :/tools/newrun
  0x0,0x0,0x1,0xde,0x0,0x0,0x0,0x0,0x0,0x1,0x0,0x0,0x24,0x8c,
0x0,0x0,0x1,0x98,0x7e,0xbb,0x75,0xd3,
  // :/tools/parent
  0x0,0x0,0x2,0xec,0x0,0x0,0x0,0x0,0x0,0x1,0x0,0x0,0x38,0x5b,
0x0,0x0,0x1,0x98,0x7e,0xbb,0x75,0xd3,
  // :/tools/redraw
  0x0,0x0,0x1,0x1e,0x0,0x0,0x0,0x0,0x0,0x1,0x0,0x0,0x15,0x1c,
0x0,0x0,0x1,0x98,0x7e,0xbb,0x75,0xd3,
  // :/tools/treemode_children
  0x0,0x0,0x2,0x82,0x0,0x0,0x0,0x0,0x0,0x1,0x0,0x0,0x32,0x29,
0x0,0x0,0x1,0x98,0x7e,0xbb,0x75,0xd3,
  // :/tools/zoomin
  0x0,0x0,0x0,0xf8,0x0,0x0,0x0,0x0,0x0,0x1,0x0,0x0,0x11,0xd9,
0x0,0x0,0x1,0x98,0x7e,0xbb,0x75,0xd3,
  // :/tools/recordvideo
  0x0,0x0,0x0,0xba,0x0,0x0,0x0,0x0,0x0,0x1,0x0,0x0,0xd,0x38,
0x0,0x0,0x1,0x98,0x7e,0xbb,0x75,0xd3,
  // :/tools/debugnextevent
  0x0,0x0,0x3,0x6a,0x0,0x0,0x0,0x0,0x0,0x1,0x0,0x0,0x44,0x75,
0x0,0x0,0x1,0x98,0x7e,0xbb,0x75,0xd3,
  // :/tools/rebuild
  0x0,0x0,0x2,0x5c,0x0,0x0,0x0,0x0,0x0,0x1,0x0,0x0,0x2c,0xfb,
0x0,0x0,0x1,0x98,0x7e,0xbb,0x75,0xd3,
  // :/tools/3dscene
  0x0,0x0,0x3,0x56,0x0,0x0,0x0,0x0,0x0,0x1,0x0,0x0,0x3e,0x17,
0x0,0x0,0x1,0x98,0x7e,0xbb,0x75,0xd3,
  // :/tools/treemode_inher
  0x0,0x0,0x1,0xac,0x0,0x0,0x0,0x0,0x0,0x1,0x0,0x0,0x22,0x62,
0x0,0x0,0x1,0x98,0x7e,0xbb,0x75,0xd3,
  // :/tools/copyptr
  0x0,0x0,0x0,0x6e,0x0,0x0,0x0,0x0,0x0,0x1,0x0,0x0,0x6,0x49,
0x0,0x0,0x1,0x98,0x7e,0xbb,0x75,0xd3,
  // :/tools/inspectas
  0x0,0x0,0x2,0x12,0x0,0x0,0x0,0x0,0x0,0x1,0x0,0x0,0x26,0xea,
0x0,0x0,0x1,0x98,0x7e,0xbb,0x75,0xd3,
  // :/tools/debugger
  0x0,0x0,0x1,0x50,0x0,0x0,0x0,0x0,0x0,0x1,0x0,0x0,0x1a,0x25,
0x0,0x0,0x1,0x98,0x7e,0xbb,0x75,0xd3,
  // :/tools/setupbins
  0x0,0x0,0x3,0xec,0x0,0x0,0x0,0x0,0x0,0x1,0x0,0x0,0x4f,0xc1,
0x0,0x0,0x1,0x98,0x7e,0xbb,0x75,0xd3,
  // :/tools/recordeventlog
  0x0,0x0,0x2,0xca,0x0,0x0,0x0,0x0,0x0,0x1,0x0,0x0,0x37,0xa,
0x0,0x0,0x1,0x98,0x7e,0xbb,0x75,0xd3,
  // :/tools/vertical
  0x0,0x0,0x0,0x32,0x0,0x0,0x0,0x0,0x0,0x1,0x0,0x0,0x0,0x0,
0x0,0x0,0x1,0x98,0x7e,0xbb,0x75,0xd3,
  // :/tools/express
  0x0,0x0,0x1,0x98,0x0,0x0,0x0,0x0,0x0,0x1,0x0,0x0,0x21,0x77,
0x0,0x0,0x1,0x98,0x7e,0xbb,0x75,0xd3,
  // :/tools/findobj
  0x0,0x0,0x1,0xa,0x0,0x0,0x0,0x0,0x0,0x1,0x0,0x0,0x13,0x90,
0x0,0x0,0x1,0x98,0x7e,0xbb,0x75,0xd3,
  // :/tools/forward
  0x0,0x0,0x0,0xa6,0x0,0x0,0x0,0x0,0x0,0x1,0x0,0x0,0xc,0x5d,
0x0,0x0,0x1,0x98,0x7e,0xbb,0x75,0xd3,
  // :/tools/treemode_flat
  0x0,0x0,0x2,0xaa,0x0,0x1,0x0,0x0,0x0,0x1,0x0,0x0,0x36,0x57,
0x0,0x0,0x1,0x98,0x7e,0xbb,0x75,0xd3,
  // :/logo/logo128m
  0x0,0x0,0x4,0x10,0x0,0x0,0x0,0x0,0x0,0x1,0x0,0x0,0x52,0x2e,
0x0,0x0,0x1,0x98,0x7e,0xbb,0x75,0xd3,

};

#ifdef QT_NAMESPACE
#  define QT_RCC_PREPEND_NAMESPACE(name) ::QT_NAMESPACE::name
#  define QT_RCC_MANGLE_NAMESPACE0(x) x
#  define QT_RCC_MANGLE_NAMESPACE1(a, b) a##_##b
#  define QT_RCC_MANGLE_NAMESPACE2(a, b) QT_RCC_MANGLE_NAMESPACE1(a,b)
#  define QT_RCC_MANGLE_NAMESPACE(name) QT_RCC_MANGLE_NAMESPACE2( \
        QT_RCC_MANGLE_NAMESPACE0(name), QT_RCC_MANGLE_NAMESPACE0(QT_NAMESPACE))
#else
#   define QT_RCC_PREPEND_NAMESPACE(name) name
#   define QT_RCC_MANGLE_NAMESPACE(name) name
#endif

#ifdef QT_NAMESPACE
namespace QT_NAMESPACE {
#endif

bool qRegisterResourceData(int, const unsigned char *, const unsigned char *, const unsigned char *);
bool qUnregisterResourceData(int, const unsigned char *, const unsigned char *, const unsigned char *);

#if defined(__ELF__) || defined(__APPLE__)
static inline unsigned char qResourceFeatureZlib()
{
    extern const unsigned char qt_resourceFeatureZlib;
    return qt_resourceFeatureZlib;
}
#else
unsigned char qResourceFeatureZlib();
#endif

#ifdef QT_NAMESPACE
}
#endif

int QT_RCC_MANGLE_NAMESPACE(qInitResources_icons)();
int QT_RCC_MANGLE_NAMESPACE(qInitResources_icons)()
{
    int version = 3;
    QT_RCC_PREPEND_NAMESPACE(qRegisterResourceData)
        (version, qt_resource_struct, qt_resource_name, qt_resource_data);
    return 1;
}

int QT_RCC_MANGLE_NAMESPACE(qCleanupResources_icons)();
int QT_RCC_MANGLE_NAMESPACE(qCleanupResources_icons)()
{
    int version = 3;
    version += QT_RCC_PREPEND_NAMESPACE(qResourceFeatureZlib());
    QT_RCC_PREPEND_NAMESPACE(qUnregisterResourceData)
       (version, qt_resource_struct, qt_resource_name, qt_resource_data);
    return 1;
}

namespace {
   struct initializer {
       initializer() { QT_RCC_MANGLE_NAMESPACE(qInitResources_icons)(); }
       ~initializer() { QT_RCC_MANGLE_NAMESPACE(qCleanupResources_icons)(); }
   } dummy;
}
